org_id,org_name,street,city_name,state_id,zip_code,mission,web_url,phone,email,org_type,org_size,org_rating,is_collaborator,is_contributor,created_at,last_updated_at
ORG-000-000-000-0001,Pinnacle Care Outreach,"Mock organization 000001, Synthetic Lane",Portland,233.48,97201,Fostering sustainable livelihoods and vocational skills training for low-income households.,https://example.org/organizations/1,,organization1@example.org,non_profit,small,2,True,False,2026-02-20 20:14:02,2026-02-22 17:33:02
ORG-000-000-000-0002,United Relief Coalition,"Mock organization 000002, Synthetic Lane",Brisbane,14.4,4000,"Enhancing public safety, disaster preparedness, and resilient neighborhood networks.",https://example.org/organizations/2,,organization2@example.org,non_profit,medium,2,False,False,2026-02-12 08:04:10,2026-02-13 22:20:56
ORG-000-000-000-0003,Beacon Society,"Mock organization 000003, Synthetic Lane",Mumbai,101.21,400001,"Supporting elderly citizens with accessible transportation, groceries, and companionship.",https://example.org/organizations/3,,organization3@example.org,non_profit,large,4,True,True,2026-04-13 22:51:57,2026-04-28 13:31:43
ORG-000-000-000-0004,Open Door Solutions,"Mock organization 000004, Synthetic Lane",Perth,14.8,6000,Fostering sustainable livelihoods and vocational skills training for low-income households.,https://example.org/organizations/4,,organization4@example.org,for_profit,large,3,True,False,2026-04-05 15:14:52,2026-04-06 13:42:22
ORG-000-000-000-0005,Pinnacle Care Collective,"Mock organization 000005, Synthetic Lane",Tampa,233.12,33601,Fostering sustainable livelihoods and vocational skills training for low-income households.,https://example.org/organizations/5,,organization5@example.org,for_profit,large,4,True,False,2026-02-21 11:52:09,2026-03-17 04:07:03
ORG-000-000-000-0006,Helping Hearts Society,"Mock organization 000006, Synthetic Lane",Montreal,39.11,H2Y 1C6,"Supporting elderly citizens with accessible transportation, groceries, and companionship.",https://example.org/organizations/6,,organization6@example.org,non_profit,small,5,False,False,2026-04-26 20:26:36,2026-05-10 23:45:41
ORG-000-000-000-0007,Evergreen Exchange,"Mock organization 000007, Synthetic Lane",Miami,233.12,33101,"Supporting elderly citizens with accessible transportation, groceries, and companionship.",https://example.org/organizations/7,,organization7@example.org,non_profit,medium,1,False,False,2026-03-18 12:26:30,2026-03-19 19:47:53
ORG-000-000-000-0008,Unity Society,"Mock organization 000008, Synthetic Lane",Albany,233.42,12201,"Supporting elderly citizens with accessible transportation, groceries, and companionship.",https://example.org/organizations/8,,organization8@example.org,for_profit,medium,5,True,False,2026-03-19 15:18:15,2026-04-14 17:09:25
ORG-000-000-000-0009,Evergreen Boston Exchange,"Mock organization 000009, Synthetic Lane",Boston,233.29,02108,Connecting community volunteers with individuals in need of urgent daily assistance.,https://example.org/organizations/9,,organization9@example.org,for_profit,small,1,True,True,2026-04-28 08:09:34,2026-05-16 14:41:31
ORG-000-000-000-0010,Pathway Services,"Mock organization 000010, Synthetic Lane",New York,233.42,10001,"Dedicated to providing essential food, shelter, and medical relief to underserved communities.",https://example.org/organizations/10,,organization10@example.org,non_profit,medium,2,True,True,2026-03-03 19:43:43,2026-04-02 16:06:25
ORG-000-000-000-0011,Beacon Initiative,"Mock organization 000011, Synthetic Lane",Chennai,101.31,600001,Mobilizing volunteers and resources to support crisis response and disaster recovery.,https://example.org/organizations/11,,organization11@example.org,for_profit,medium,1,True,True,2026-02-01 03:00:52,2026-02-09 07:51:02
ORG-000-000-000-0012,Frontier Solutions,"Mock organization 000012, Synthetic Lane",Lyon,75.12,69001,"Empowering youth and vulnerable families through education, mentorship, and emergency aid.",https://example.org/organizations/12,,organization12@example.org,for_profit,large,3,True,False,2026-02-13 10:29:38,2026-02-24 12:40:19
ORG-000-000-000-0013,Pathway Collective,"Mock organization 000013, Synthetic Lane",Vancouver,39.2,V6B 1A1,"Empowering youth and vulnerable families through education, mentorship, and emergency aid.",https://example.org/organizations/13,,organization13@example.org,for_profit,large,2,False,True,2026-03-19 18:42:10,2026-04-18 10:13:01
ORG-000-000-000-0014,Open Door Collective,"Mock organization 000014, Synthetic Lane",Minneapolis,233.32,55401,Fostering sustainable livelihoods and vocational skills training for low-income households.,https://example.org/organizations/14,,organization14@example.org,for_profit,large,4,False,True,2026-03-10 05:20:13,2026-03-20 11:49:22
ORG-000-000-000-0015,United Relief Initiative,"Mock organization 000015, Synthetic Lane",Edinburgh,232.202,EH1 1YZ,"Empowering youth and vulnerable families through education, mentorship, and emergency aid.",https://example.org/organizations/15,,organization15@example.org,non_profit,large,1,True,True,2026-03-28 12:09:46,2026-03-31 15:28:35
ORG-000-000-000-0016,Pathway Trust,"Mock organization 000016, Synthetic Lane",Boston,233.29,02108,Advancing localized humanitarian impact through collaborative volunteer action.,https://example.org/organizations/16,,organization16@example.org,non_profit,large,4,False,False,2026-02-16 04:42:42,2026-03-11 18:29:19
ORG-000-000-000-0017,Pathway Coalition,"Mock organization 000017, Synthetic Lane",Virginia Beach,233.61,23450,"Supporting elderly citizens with accessible transportation, groceries, and companionship.",https://example.org/organizations/17,,organization17@example.org,non_profit,medium,2,False,True,2026-03-17 10:03:02,2026-03-28 04:27:13
ORG-000-000-000-0018,Kindred Spirit Outreach,"Mock organization 000018, Synthetic Lane",Berlin,82.3,10115,"Enhancing public safety, disaster preparedness, and resilient neighborhood networks.",https://example.org/organizations/18,,organization18@example.org,for_profit,medium,2,False,False,2026-04-27 18:58:48,2026-05-21 23:54:32
ORG-000-000-000-0019,Global Hope Alliance,"Mock organization 000019, Synthetic Lane",San Antonio,233.56,78201,Fostering sustainable livelihoods and vocational skills training for low-income households.,https://example.org/organizations/19,,organization19@example.org,for_profit,small,4,False,True,2026-02-08 12:15:32,2026-03-06 06:46:49
ORG-000-000-000-0020,Compassion Alliance,"Mock organization 000020, Synthetic Lane",Marseille,75.96,13001,"Enhancing public safety, disaster preparedness, and resilient neighborhood networks.",https://example.org/organizations/20,,organization20@example.org,non_profit,small,3,False,False,2026-03-19 08:06:30,2026-04-09 17:18:43
ORG-000-000-000-0021,Pinnacle Care Houston Collective,"Mock organization 000021, Synthetic Lane",Houston,233.56,77001,Fostering sustainable livelihoods and vocational skills training for low-income households.,https://example.org/organizations/21,,organization21@example.org,for_profit,large,5,True,False,2026-05-15 07:51:02,2026-06-03 17:37:39
ORG-000-000-000-0022,Unity Guild,"Mock organization 000022, Synthetic Lane",Hyderabad,101.32,500001,"Supporting elderly citizens with accessible transportation, groceries, and companionship.",https://example.org/organizations/22,,organization22@example.org,non_profit,medium,3,True,False,2026-04-23 04:50:04,2026-05-13 10:44:00
ORG-000-000-000-0023,Harbor Aid Exchange,"Mock organization 000023, Synthetic Lane",Charlotte,233.43,28201,Advancing localized humanitarian impact through collaborative volunteer action.,https://example.org/organizations/23,,organization23@example.org,non_profit,medium,5,True,False,2026-03-12 17:57:41,2026-03-14 09:49:55
ORG-000-000-000-0024,New Horizons Partnership,"Mock organization 000024, Synthetic Lane",London,232.88,EC1A 1BB,"Enhancing public safety, disaster preparedness, and resilient neighborhood networks.",https://example.org/organizations/24,,organization24@example.org,for_profit,small,5,True,True,2026-03-08 22:15:25,2026-03-09 00:42:28
ORG-000-000-000-0025,Beacon Partnership,"Mock organization 000025, Synthetic Lane",Brisbane,14.4,4000,"Providing clothing, warmth, and dignity to displaced families and individuals in crisis.",https://example.org/organizations/25,,organization25@example.org,for_profit,small,5,False,True,2026-04-14 02:13:34,2026-05-12 07:48:52
ORG-000-000-000-0026,Caring Hands Society,"Mock organization 000026, Synthetic Lane",Vancouver,39.2,V6B 1A1,"Enhancing public safety, disaster preparedness, and resilient neighborhood networks.",https://example.org/organizations/26,,organization26@example.org,for_profit,small,5,True,True,2026-05-08 21:05:21,2026-06-05 11:20:51
ORG-000-000-000-0027,Caring Hands Services,"Mock organization 000027, Synthetic Lane",San Francisco,233.7,94102,Fostering sustainable livelihoods and vocational skills training for low-income households.,https://example.org/organizations/27,,organization27@example.org,non_profit,large,3,False,False,2026-03-03 21:13:46,2026-03-10 20:36:52
ORG-000-000-000-0028,Unity Association,"Mock organization 000028, Synthetic Lane",Ottawa,39.9,K1P 1J1,"Providing clothing, warmth, and dignity to displaced families and individuals in crisis.",https://example.org/organizations/28,,organization28@example.org,non_profit,small,2,True,True,2026-03-14 10:49:49,2026-03-25 23:00:56
ORG-000-000-000-0029,Harbor Aid Trust,"Mock organization 000029, Synthetic Lane",Ottawa,39.9,K1P 1J1,"Empowering youth and vulnerable families through education, mentorship, and emergency aid.",https://example.org/organizations/29,,organization29@example.org,for_profit,large,1,False,False,2026-05-24 10:22:50,2026-05-28 08:45:01
ORG-000-000-000-0030,Compassion Guild,"Mock organization 000030, Synthetic Lane",Portland,233.48,97201,Fostering sustainable livelihoods and vocational skills training for low-income households.,https://example.org/organizations/30,,organization30@example.org,non_profit,large,1,True,True,2026-03-04 18:10:33,2026-04-03 04:44:45
ORG-000-000-000-0031,Golden Bridge Care Project,"Mock organization 000031, Synthetic Lane",Mumbai,101.21,400001,"Dedicated to providing essential food, shelter, and medical relief to underserved communities.",https://example.org/organizations/31,,organization31@example.org,for_profit,medium,4,True,False,2026-03-14 13:12:39,2026-04-10 17:43:28
ORG-000-000-000-0032,Starlight Network,"Mock organization 000032, Synthetic Lane",New Delhi,101.9,110001,"Promoting community wellness, mental health support, and social welfare programs.",https://example.org/organizations/32,,organization32@example.org,for_profit,large,4,False,False,2026-05-09 19:12:57,2026-05-11 13:15:25
ORG-000-000-000-0033,Global Hope Corps,"Mock organization 000033, Synthetic Lane",Seattle,233.63,98101,Connecting community volunteers with individuals in need of urgent daily assistance.,https://example.org/organizations/33,,organization33@example.org,non_profit,large,3,False,False,2026-05-23 08:20:55,2026-06-12 02:26:03
ORG-000-000-000-0034,Caring Hands Exchange,"Mock organization 000034, Synthetic Lane",Munich,82.2,80331,"Providing clothing, warmth, and dignity to displaced families and individuals in crisis.",https://example.org/organizations/34,,organization34@example.org,non_profit,large,2,False,False,2026-04-30 01:46:48,2026-05-14 13:54:27
ORG-000-000-000-0035,Community First Trust,"Mock organization 000035, Synthetic Lane",Calgary,39.1,T2P 0A1,"Promoting community wellness, mental health support, and social welfare programs.",https://example.org/organizations/35,,organization35@example.org,for_profit,large,4,False,True,2026-03-04 09:19:42,2026-03-10 06:03:58
ORG-000-000-000-0036,Frontier Services,"Mock organization 000036, Synthetic Lane",Berlin,82.3,10115,Fostering sustainable livelihoods and vocational skills training for low-income households.,https://example.org/organizations/36,,organization36@example.org,for_profit,medium,1,False,True,2026-04-24 17:47:19,2026-05-12 01:48:20
ORG-000-000-000-0037,Unity Trust,"Mock organization 000037, Synthetic Lane",Perth,14.8,6000,Mobilizing volunteers and resources to support crisis response and disaster recovery.,https://example.org/organizations/37,,organization37@example.org,non_profit,small,5,True,False,2026-03-07 11:16:49,2026-03-21 16:37:45
ORG-000-000-000-0038,Evergreen Corps,"Mock organization 000038, Synthetic Lane",Albany,233.42,12201,"Promoting community wellness, mental health support, and social welfare programs.",https://example.org/organizations/38,,organization38@example.org,non_profit,small,1,False,False,2026-05-31 01:48:34,2026-06-03 11:40:19
ORG-000-000-000-0039,New Horizons Guild,"Mock organization 000039, Synthetic Lane",Hyderabad,101.32,500001,Fostering sustainable livelihoods and vocational skills training for low-income households.,https://example.org/organizations/39,,organization39@example.org,for_profit,small,4,True,False,2026-04-17 10:42:21,2026-04-28 22:29:24
ORG-000-000-000-0040,Beacon Charity,"Mock organization 000040, Synthetic Lane",Austin,233.56,73301,Advancing localized humanitarian impact through collaborative volunteer action.,https://example.org/organizations/40,,organization40@example.org,non_profit,small,4,True,False,2026-04-11 20:34:06,2026-04-23 02:44:43
ORG-000-000-000-0041,Vitality Society,"Mock organization 000041, Synthetic Lane",Melbourne,14.7,3000,"Empowering youth and vulnerable families through education, mentorship, and emergency aid.",https://example.org/organizations/41,,organization41@example.org,for_profit,small,2,True,True,2026-04-26 14:46:45,2026-05-01 23:57:32
ORG-000-000-000-0042,Bridge of Hope Collective,"Mock organization 000042, Synthetic Lane",Brisbane,14.4,4000,"Promoting community wellness, mental health support, and social welfare programs.",https://example.org/organizations/42,,organization42@example.org,for_profit,small,5,False,True,2026-05-01 01:15:03,2026-05-19 09:28:42
ORG-000-000-000-0043,Frontier Coalition,"Mock organization 000043, Synthetic Lane",London,232.88,EC1A 1BB,"Providing clothing, warmth, and dignity to displaced families and individuals in crisis.",https://example.org/organizations/43,,organization43@example.org,for_profit,medium,2,False,False,2026-05-12 17:17:15,2026-06-08 01:12:11
ORG-000-000-000-0044,Pathway Volunteers,"Mock organization 000044, Synthetic Lane",Albany,233.42,12201,Fostering sustainable livelihoods and vocational skills training for low-income households.,https://example.org/organizations/44,,organization44@example.org,for_profit,small,1,False,True,2026-06-03 16:44:08,2026-06-28 06:56:00
ORG-000-000-000-0045,New Horizons Charity,"Mock organization 000045, Synthetic Lane",Kochi,101.17,682001,"Promoting community wellness, mental health support, and social welfare programs.",https://example.org/organizations/45,,organization45@example.org,non_profit,large,1,True,True,2026-06-04 09:46:04,2026-07-03 14:11:12
ORG-000-000-000-0046,Compassion Partnership,"Mock organization 000046, Synthetic Lane",Brisbane,14.4,4000,"Empowering youth and vulnerable families through education, mentorship, and emergency aid.",https://example.org/organizations/46,,organization46@example.org,non_profit,large,2,True,True,2026-04-23 11:21:13,2026-05-12 12:30:22
ORG-000-000-000-0047,Solidarity Charity,"Mock organization 000047, Synthetic Lane",Glasgow,232.202,G1 1XQ,Connecting community volunteers with individuals in need of urgent daily assistance.,https://example.org/organizations/47,,organization47@example.org,for_profit,medium,4,False,False,2026-05-26 14:54:40,2026-06-01 20:08:04
ORG-000-000-000-0048,Compassion Society,"Mock organization 000048, Synthetic Lane",Denver,233.8,80201,"Supporting elderly citizens with accessible transportation, groceries, and companionship.",https://example.org/organizations/48,,organization48@example.org,for_profit,medium,4,True,False,2026-03-04 21:29:10,2026-03-07 12:20:06
ORG-000-000-000-0049,Community First Outreach,"Mock organization 000049, Synthetic Lane",Munich,82.2,80331,"Providing clothing, warmth, and dignity to displaced families and individuals in crisis.",https://example.org/organizations/49,,organization49@example.org,for_profit,small,4,True,False,2026-03-23 17:17:11,2026-04-10 22:06:11
ORG-000-000-000-0050,Golden Bridge Collective,"Mock organization 000050, Synthetic Lane",Mumbai,101.21,400001,"Empowering youth and vulnerable families through education, mentorship, and emergency aid.",https://example.org/organizations/50,,organization50@example.org,for_profit,medium,3,True,False,2026-04-01 06:55:17,2026-04-21 15:19:34
ORG-000-000-000-0051,Kindred Spirit Society,"Mock organization 000051, Synthetic Lane",Dallas,233.56,75201,"Supporting elderly citizens with accessible transportation, groceries, and companionship.",https://example.org/organizations/51,,organization51@example.org,non_profit,small,2,False,False,2026-04-05 01:32:41,2026-04-11 05:39:58
ORG-000-000-000-0052,Open Door Glasgow Collective,"Mock organization 000052, Synthetic Lane",Glasgow,232.202,G1 1XQ,Fostering sustainable livelihoods and vocational skills training for low-income households.,https://example.org/organizations/52,,organization52@example.org,non_profit,medium,5,False,False,2026-03-10 10:36:56,2026-03-14 23:52:53
ORG-000-000-000-0053,Sunrise Society,"Mock organization 000053, Synthetic Lane",Richmond,233.61,23219,"Providing clothing, warmth, and dignity to displaced families and individuals in crisis.",https://example.org/organizations/53,,organization53@example.org,non_profit,large,4,True,True,2026-03-11 18:49:44,2026-04-04 10:16:20
ORG-000-000-000-0054,Global Hope Solutions,"Mock organization 000054, Synthetic Lane",Boston,233.29,02108,"Promoting community wellness, mental health support, and social welfare programs.",https://example.org/organizations/54,,organization54@example.org,non_profit,small,3,False,False,2026-06-07 16:37:12,2026-07-04 12:02:54
ORG-000-000-000-0055,Alliance Corps,"Mock organization 000055, Synthetic Lane",Munich,82.2,80331,Advancing localized humanitarian impact through collaborative volunteer action.,https://example.org/organizations/55,,organization55@example.org,for_profit,small,4,False,True,2026-04-11 18:02:54,2026-04-26 02:25:24
ORG-000-000-000-0056,Helping Hearts Guild,"Mock organization 000056, Synthetic Lane",Ottawa,39.9,K1P 1J1,Connecting community volunteers with individuals in need of urgent daily assistance.,https://example.org/organizations/56,,organization56@example.org,for_profit,small,4,True,True,2026-03-26 02:57:08,2026-04-04 23:24:03
ORG-000-000-000-0057,Compassion Outreach,"Mock organization 000057, Synthetic Lane",Los Angeles,233.7,90001,"Enhancing public safety, disaster preparedness, and resilient neighborhood networks.",https://example.org/organizations/57,,organization57@example.org,non_profit,small,5,False,True,2026-04-11 07:13:13,2026-04-27 02:19:15
ORG-000-000-000-0058,Global Hope Orlando Corps,"Mock organization 000058, Synthetic Lane",Orlando,233.12,32801,"Enhancing public safety, disaster preparedness, and resilient neighborhood networks.",https://example.org/organizations/58,,organization58@example.org,non_profit,medium,5,False,True,2026-03-25 18:59:15,2026-04-20 21:06:20
ORG-000-000-000-0059,Sunrise Exchange,"Mock organization 000059, Synthetic Lane",Calgary,39.1,T2P 0A1,"Providing clothing, warmth, and dignity to displaced families and individuals in crisis.",https://example.org/organizations/59,,organization59@example.org,non_profit,small,4,False,True,2026-06-08 06:46:00,2026-06-29 04:38:13
ORG-000-000-000-0060,Civic Action Trust,"Mock organization 000060, Synthetic Lane",Montreal,39.11,H2Y 1C6,"Empowering youth and vulnerable families through education, mentorship, and emergency aid.",https://example.org/organizations/60,,organization60@example.org,non_profit,large,5,True,False,2026-03-16 21:44:22,2026-04-01 03:32:50
ORG-000-000-000-0061,Pathway Alliance,"Mock organization 000061, Synthetic Lane",Hyderabad,101.32,500001,"Dedicated to providing essential food, shelter, and medical relief to underserved communities.",https://example.org/organizations/61,,organization61@example.org,non_profit,large,5,True,False,2026-04-10 13:52:10,2026-04-20 13:39:12
ORG-000-000-000-0062,Evergreen Coalition,"Mock organization 000062, Synthetic Lane",Glasgow,232.202,G1 1XQ,"Promoting community wellness, mental health support, and social welfare programs.",https://example.org/organizations/62,,organization62@example.org,non_profit,small,3,False,True,2026-06-10 22:14:39,2026-06-16 15:16:46
ORG-000-000-000-0063,Starlight Coalition,"Mock organization 000063, Synthetic Lane",Glasgow,232.202,G1 1XQ,Connecting community volunteers with individuals in need of urgent daily assistance.,https://example.org/organizations/63,,organization63@example.org,for_profit,large,4,True,True,2026-04-08 23:24:00,2026-04-16 06:47:02
ORG-000-000-000-0064,Evergreen Volunteers,"Mock organization 000064, Synthetic Lane",Mysuru,101.16,570001,"Empowering youth and vulnerable families through education, mentorship, and emergency aid.",https://example.org/organizations/64,,organization64@example.org,non_profit,small,2,True,True,2026-05-12 11:27:14,2026-06-11 08:19:24
ORG-000-000-000-0065,Pathway Tampa Collective,"Mock organization 000065, Synthetic Lane",Tampa,233.12,33601,"Providing clothing, warmth, and dignity to displaced families and individuals in crisis.",https://example.org/organizations/65,,organization65@example.org,for_profit,medium,2,True,False,2026-05-14 13:39:53,2026-06-02 12:57:13
ORG-000-000-000-0066,Alliance Coalition,"Mock organization 000066, Synthetic Lane",Orlando,233.12,32801,"Dedicated to providing essential food, shelter, and medical relief to underserved communities.",https://example.org/organizations/66,,organization66@example.org,non_profit,medium,3,False,False,2026-04-03 02:07:50,2026-05-02 17:16:47
ORG-000-000-000-0067,Helping Hearts San Diego Guild,"Mock organization 000067, Synthetic Lane",San Diego,233.7,92101,"Empowering youth and vulnerable families through education, mentorship, and emergency aid.",https://example.org/organizations/67,,organization67@example.org,for_profit,medium,5,True,True,2026-05-28 13:34:56,2026-06-07 11:26:04
ORG-000-000-000-0068,Community First Collective,"Mock organization 000068, Synthetic Lane",Miami,233.12,33101,Advancing localized humanitarian impact through collaborative volunteer action.,https://example.org/organizations/68,,organization68@example.org,non_profit,small,5,True,False,2026-05-31 01:05:16,2026-06-11 04:26:51
ORG-000-000-000-0069,Evergreen Initiative,"Mock organization 000069, Synthetic Lane",Austin,233.56,73301,"Enhancing public safety, disaster preparedness, and resilient neighborhood networks.",https://example.org/organizations/69,,organization69@example.org,for_profit,small,2,True,True,2026-05-30 12:39:28,2026-06-02 14:07:14
ORG-000-000-000-0070,Vitality Network,"Mock organization 000070, Synthetic Lane",Jaipur,101.29,302001,Connecting community volunteers with individuals in need of urgent daily assistance.,https://example.org/organizations/70,,organization70@example.org,for_profit,small,3,False,True,2026-03-30 08:49:01,2026-04-27 17:33:02
ORG-000-000-000-0071,Starlight Foundation,"Mock organization 000071, Synthetic Lane",Hamburg,82.6,20095,"Empowering youth and vulnerable families through education, mentorship, and emergency aid.",https://example.org/organizations/71,,organization71@example.org,for_profit,small,5,True,True,2026-06-23 14:30:51,2026-06-27 18:59:41
ORG-000-000-000-0072,Vitality Care Project,"Mock organization 000072, Synthetic Lane",Lyon,75.12,69001,"Dedicated to providing essential food, shelter, and medical relief to underserved communities.",https://example.org/organizations/72,,organization72@example.org,non_profit,large,2,False,False,2026-05-16 05:07:50,2026-06-06 17:49:08
ORG-000-000-000-0073,Unity Partnership,"Mock organization 000073, Synthetic Lane",Ottawa,39.9,K1P 1J1,Mobilizing volunteers and resources to support crisis response and disaster recovery.,https://example.org/organizations/73,,organization73@example.org,non_profit,large,2,False,False,2026-05-31 00:58:49,2026-06-03 07:08:00
ORG-000-000-000-0074,Golden Bridge Association,"Mock organization 000074, Synthetic Lane",Berlin,82.3,10115,"Providing clothing, warmth, and dignity to displaced families and individuals in crisis.",https://example.org/organizations/74,,organization74@example.org,non_profit,medium,4,False,True,2026-06-02 21:29:01,2026-06-04 19:07:04
ORG-000-000-000-0075,Bridge of Hope Partnership,"Mock organization 000075, Synthetic Lane",San Jose,233.7,95112,"Promoting community wellness, mental health support, and social welfare programs.",https://example.org/organizations/75,,organization75@example.org,for_profit,medium,3,True,False,2026-07-02 00:17:33,2026-07-08 09:42:57
ORG-000-000-000-0076,Caring Hands Chennai Society,"Mock organization 000076, Synthetic Lane",Chennai,101.31,600001,"Enhancing public safety, disaster preparedness, and resilient neighborhood networks.",https://example.org/organizations/76,,organization76@example.org,non_profit,medium,5,True,False,2026-05-19 05:03:23,2026-06-01 10:55:33
ORG-000-000-000-0077,New Horizons Relief Fund,"Mock organization 000077, Synthetic Lane",Montreal,39.11,H2Y 1C6,"Dedicated to providing essential food, shelter, and medical relief to underserved communities.",https://example.org/organizations/77,,organization77@example.org,non_profit,large,4,True,False,2026-04-28 15:26:38,2026-05-24 20:02:07
ORG-000-000-000-0078,Open Door Foundation,"Mock organization 000078, Synthetic Lane",Ahmedabad,101.11,380001,Advancing localized humanitarian impact through collaborative volunteer action.,https://example.org/organizations/78,,organization78@example.org,non_profit,small,1,True,False,2026-04-09 11:55:25,2026-04-20 06:48:58
ORG-000-000-000-0079,Vitality Collective,"Mock organization 000079, Synthetic Lane",Albany,233.42,12201,"Dedicated to providing essential food, shelter, and medical relief to underserved communities.",https://example.org/organizations/79,,organization79@example.org,for_profit,large,3,True,False,2026-06-06 15:33:12,2026-06-22 19:19:00
ORG-000-000-000-0080,NextGen Network,"Mock organization 000080, Synthetic Lane",Seattle,233.63,98101,"Enhancing public safety, disaster preparedness, and resilient neighborhood networks.",https://example.org/organizations/80,,organization80@example.org,for_profit,small,2,True,True,2026-04-14 20:39:43,2026-04-27 11:25:53
ORG-000-000-000-0081,New Horizons Association,"Mock organization 000081, Synthetic Lane",Bengaluru,101.16,560001,"Enhancing public safety, disaster preparedness, and resilient neighborhood networks.",https://example.org/organizations/81,,organization81@example.org,for_profit,small,1,True,False,2026-04-23 06:08:23,2026-05-15 19:35:36
ORG-000-000-000-0082,Unity Buffalo Partnership,"Mock organization 000082, Synthetic Lane",Buffalo,233.42,14201,"Empowering youth and vulnerable families through education, mentorship, and emergency aid.",https://example.org/organizations/82,,organization82@example.org,for_profit,small,4,False,False,2026-02-06 19:48:23,2026-02-19 05:44:18
ORG-000-000-000-0083,Evergreen Relief Fund,"Mock organization 000083, Synthetic Lane",Los Angeles,233.7,90001,"Promoting community wellness, mental health support, and social welfare programs.",https://example.org/organizations/83,,organization83@example.org,for_profit,medium,5,True,False,2026-02-12 07:01:42,2026-02-15 21:32:06
ORG-000-000-000-0084,Civic Action Partnership,"Mock organization 000084, Synthetic Lane",Virginia Beach,233.61,23450,Fostering sustainable livelihoods and vocational skills training for low-income households.,https://example.org/organizations/84,,organization84@example.org,non_profit,small,1,False,True,2026-04-01 06:32:33,2026-04-08 21:25:50
ORG-000-000-000-0085,Starlight Services,"Mock organization 000085, Synthetic Lane",Boston,233.29,02108,"Supporting elderly citizens with accessible transportation, groceries, and companionship.",https://example.org/organizations/85,,organization85@example.org,non_profit,large,3,True,False,2026-04-18 04:03:54,2026-04-30 14:19:07
ORG-000-000-000-0086,Compassion Coalition,"Mock organization 000086, Synthetic Lane",Marseille,75.96,13001,Connecting community volunteers with individuals in need of urgent daily assistance.,https://example.org/organizations/86,,organization86@example.org,non_profit,large,3,False,True,2026-03-13 07:14:51,2026-03-19 08:05:57
ORG-000-000-000-0087,Caring Hands New York Exchange,"Mock organization 000087, Synthetic Lane",New York,233.42,10001,"Supporting elderly citizens with accessible transportation, groceries, and companionship.",https://example.org/organizations/87,,organization87@example.org,for_profit,large,1,True,True,2026-02-22 02:05:40,2026-03-23 01:18:11
ORG-000-000-000-0088,United Relief Relief Fund,"Mock organization 000088, Synthetic Lane",Spokane,233.63,99201,Connecting community volunteers with individuals in need of urgent daily assistance.,https://example.org/organizations/88,,organization88@example.org,non_profit,small,4,True,True,2026-02-03 03:48:32,2026-02-24 08:36:52
ORG-000-000-000-0089,Caring Hands Outreach,"Mock organization 000089, Synthetic Lane",Portland,233.48,97201,"Providing clothing, warmth, and dignity to displaced families and individuals in crisis.",https://example.org/organizations/89,,organization89@example.org,for_profit,large,5,True,True,2026-02-16 14:52:01,2026-02-17 21:29:07
ORG-000-000-000-0090,Golden Bridge Volunteers,"Mock organization 000090, Synthetic Lane",Boston,233.29,02108,"Empowering youth and vulnerable families through education, mentorship, and emergency aid.",https://example.org/organizations/90,,organization90@example.org,non_profit,large,5,True,True,2026-04-23 20:21:30,2026-05-21 01:06:01
ORG-000-000-000-0091,Starlight Association,"Mock organization 000091, Synthetic Lane",Orlando,233.12,32801,Advancing localized humanitarian impact through collaborative volunteer action.,https://example.org/organizations/91,,organization91@example.org,non_profit,large,4,True,True,2026-03-17 19:39:50,2026-04-01 13:48:46
ORG-000-000-000-0092,Beacon Association,"Mock organization 000092, Synthetic Lane",San Diego,233.7,92101,Advancing localized humanitarian impact through collaborative volunteer action.,https://example.org/organizations/92,,organization92@example.org,non_profit,small,5,False,True,2026-04-06 17:14:14,2026-04-23 15:47:44
ORG-000-000-000-0093,Global Hope Boston Corps,"Mock organization 000093, Synthetic Lane",Boston,233.29,02108,Mobilizing volunteers and resources to support crisis response and disaster recovery.,https://example.org/organizations/93,,organization93@example.org,for_profit,small,2,True,True,2026-04-16 03:32:09,2026-04-19 06:47:37
ORG-000-000-000-0094,Pinnacle Care Trust,"Mock organization 000094, Synthetic Lane",Tampa,233.12,33601,"Enhancing public safety, disaster preparedness, and resilient neighborhood networks.",https://example.org/organizations/94,,organization94@example.org,non_profit,small,3,True,False,2026-02-15 00:34:26,2026-02-16 20:27:49
ORG-000-000-000-0095,Global Hope Trust,"Mock organization 000095, Synthetic Lane",Jaipur,101.29,302001,"Promoting community wellness, mental health support, and social welfare programs.",https://example.org/organizations/95,,organization95@example.org,for_profit,medium,4,False,True,2026-04-07 06:06:07,2026-04-12 17:33:56
ORG-000-000-000-0096,Global Hope Initiative,"Mock organization 000096, Synthetic Lane",Frankfurt,82.7,60311,"Promoting community wellness, mental health support, and social welfare programs.",https://example.org/organizations/96,,organization96@example.org,non_profit,large,2,False,False,2026-03-23 03:05:52,2026-03-24 06:30:01
ORG-000-000-000-0097,Harbor Aid Network,"Mock organization 000097, Synthetic Lane",Manchester,232.88,M1 1AE,Connecting community volunteers with individuals in need of urgent daily assistance.,https://example.org/organizations/97,,organization97@example.org,non_profit,small,2,True,False,2026-03-16 19:03:52,2026-04-04 03:36:27
ORG-000-000-000-0098,Civic Action Corps,"Mock organization 000098, Synthetic Lane",San Antonio,233.56,78201,"Empowering youth and vulnerable families through education, mentorship, and emergency aid.",https://example.org/organizations/98,,organization98@example.org,for_profit,large,4,False,True,2026-04-22 14:33:53,2026-05-03 20:52:40
ORG-000-000-000-0099,Community First Charity,"Mock organization 000099, Synthetic Lane",Brisbane,14.4,4000,"Promoting community wellness, mental health support, and social welfare programs.",https://example.org/organizations/99,,organization99@example.org,for_profit,large,1,False,True,2026-03-18 17:15:30,2026-04-16 05:14:05
ORG-000-000-000-0100,NextGen Services,"Mock organization 000100, Synthetic Lane",Toronto,39.9,M5H 2N2,"Enhancing public safety, disaster preparedness, and resilient neighborhood networks.",https://example.org/organizations/100,,organization100@example.org,non_profit,small,2,False,True,2026-02-10 11:42:23,2026-03-01 18:27:07
ORG-000-000-000-0101,Alliance Initiative,"Mock organization 000101, Synthetic Lane",San Francisco,233.7,94102,"Providing clothing, warmth, and dignity to displaced families and individuals in crisis.",https://example.org/organizations/101,,organization101@example.org,for_profit,large,5,True,False,2026-03-14 02:11:59,2026-03-14 18:57:27
ORG-000-000-000-0102,New Horizons Alliance,"Mock organization 000102, Synthetic Lane",Orlando,233.12,32801,"Enhancing public safety, disaster preparedness, and resilient neighborhood networks.",https://example.org/organizations/102,,organization102@example.org,for_profit,large,5,False,False,2026-04-18 04:38:48,2026-05-13 19:26:34
ORG-000-000-000-0103,Bridge of Hope Outreach,"Mock organization 000103, Synthetic Lane",Manchester,232.88,M1 1AE,"Empowering youth and vulnerable families through education, mentorship, and emergency aid.",https://example.org/organizations/103,,organization103@example.org,for_profit,small,5,False,False,2026-04-30 02:15:09,2026-05-14 04:51:15
ORG-000-000-000-0104,Global Hope Collective,"Mock organization 000104, Synthetic Lane",Richmond,233.61,23219,Fostering sustainable livelihoods and vocational skills training for low-income households.,https://example.org/organizations/104,,organization104@example.org,non_profit,small,2,True,True,2026-05-18 15:18:49,2026-05-24 16:08:16
ORG-000-000-000-0105,New Horizons Philadelphia Guild,"Mock organization 000105, Synthetic Lane",Philadelphia,233.50,19101,"Dedicated to providing essential food, shelter, and medical relief to underserved communities.",https://example.org/organizations/105,,organization105@example.org,for_profit,large,1,False,True,2026-04-01 04:07:29,2026-04-19 00:04:30
ORG-000-000-000-0106,Harbor Aid Alliance,"Mock organization 000106, Synthetic Lane",Kochi,101.17,682001,"Promoting community wellness, mental health support, and social welfare programs.",https://example.org/organizations/106,,organization106@example.org,for_profit,large,2,True,False,2026-05-07 05:38:58,2026-05-22 16:20:13
ORG-000-000-000-0107,NextGen Lyon Services,"Mock organization 000107, Synthetic Lane",Lyon,75.12,69001,"Providing clothing, warmth, and dignity to displaced families and individuals in crisis.",https://example.org/organizations/107,,organization107@example.org,non_profit,medium,1,False,False,2026-05-06 11:09:57,2026-06-05 02:46:36
ORG-000-000-000-0108,Pinnacle Care Foundation,"Mock organization 000108, Synthetic Lane",Raleigh,233.43,27601,"Providing clothing, warmth, and dignity to displaced families and individuals in crisis.",https://example.org/organizations/108,,organization108@example.org,non_profit,medium,5,False,True,2026-04-09 05:17:05,2026-05-02 16:41:41
ORG-000-000-000-0109,Open Door Volunteers,"Mock organization 000109, Synthetic Lane",Portland,233.48,97201,"Empowering youth and vulnerable families through education, mentorship, and emergency aid.",https://example.org/organizations/109,,organization109@example.org,non_profit,small,5,False,False,2026-02-26 05:53:43,2026-03-04 11:42:55
ORG-000-000-000-0110,NextGen Trust,"Mock organization 000110, Synthetic Lane",Calgary,39.1,T2P 0A1,Advancing localized humanitarian impact through collaborative volunteer action.,https://example.org/organizations/110,,organization110@example.org,for_profit,small,3,True,False,2026-04-07 01:09:15,2026-05-02 03:00:04
ORG-000-000-000-0111,NextGen Partnership,"Mock organization 000111, Synthetic Lane",Virginia Beach,233.61,23450,"Dedicated to providing essential food, shelter, and medical relief to underserved communities.",https://example.org/organizations/111,,organization111@example.org,non_profit,small,4,True,True,2026-02-16 05:54:32,2026-03-06 18:32:57
ORG-000-000-000-0112,Frontier Network,"Mock organization 000112, Synthetic Lane",Marseille,75.96,13001,"Dedicated to providing essential food, shelter, and medical relief to underserved communities.",https://example.org/organizations/112,,organization112@example.org,non_profit,medium,5,True,True,2026-02-27 05:12:52,2026-03-25 07:34:44
ORG-000-000-000-0113,Global Hope Perth Initiative,"Mock organization 000113, Synthetic Lane",Perth,14.8,6000,"Empowering youth and vulnerable families through education, mentorship, and emergency aid.",https://example.org/organizations/113,,organization113@example.org,for_profit,large,1,False,True,2026-03-27 04:38:04,2026-04-09 21:41:33
ORG-000-000-000-0114,Golden Bridge Alliance,"Mock organization 000114, Synthetic Lane",Charlotte,233.43,28201,"Providing clothing, warmth, and dignity to displaced families and individuals in crisis.",https://example.org/organizations/114,,organization114@example.org,non_profit,large,4,False,True,2026-02-25 07:23:14,2026-03-24 11:40:31
ORG-000-000-000-0115,Kindred Spirit San Francisco Outreach,"Mock organization 000115, Synthetic Lane",San Francisco,233.7,94102,"Supporting elderly citizens with accessible transportation, groceries, and companionship.",https://example.org/organizations/115,,organization115@example.org,for_profit,medium,2,True,False,2026-03-09 07:25:48,2026-03-26 21:07:56
ORG-000-000-000-0116,United Relief Care Project,"Mock organization 000116, Synthetic Lane",Kolkata,101.36,700001,"Dedicated to providing essential food, shelter, and medical relief to underserved communities.",https://example.org/organizations/116,,organization116@example.org,non_profit,large,4,False,False,2026-02-26 13:36:44,2026-03-24 05:41:33
ORG-000-000-000-0117,Sunrise Foundation,"Mock organization 000117, Synthetic Lane",Vancouver,39.2,V6B 1A1,"Enhancing public safety, disaster preparedness, and resilient neighborhood networks.",https://example.org/organizations/117,,organization117@example.org,for_profit,small,2,True,True,2026-04-20 15:05:59,2026-04-26 07:05:19
ORG-000-000-000-0118,Pathway Denver Alliance,"Mock organization 000118, Synthetic Lane",Denver,233.8,80201,"Promoting community wellness, mental health support, and social welfare programs.",https://example.org/organizations/118,,organization118@example.org,for_profit,medium,1,False,True,2026-04-22 08:13:54,2026-04-29 08:57:00
ORG-000-000-000-0119,Alliance Alliance,"Mock organization 000119, Synthetic Lane",New York,233.42,10001,"Dedicated to providing essential food, shelter, and medical relief to underserved communities.",https://example.org/organizations/119,,organization119@example.org,for_profit,small,2,False,True,2026-04-30 05:20:08,2026-05-20 03:51:42
ORG-000-000-000-0120,Open Door Relief Fund,"Mock organization 000120, Synthetic Lane",Chennai,101.31,600001,"Empowering youth and vulnerable families through education, mentorship, and emergency aid.",https://example.org/organizations/120,,organization120@example.org,non_profit,small,4,True,False,2026-04-04 16:37:03,2026-04-11 21:32:40
ORG-000-000-000-0121,Community First Services,"Mock organization 000121, Synthetic Lane",Atlanta,233.13,30301,"Enhancing public safety, disaster preparedness, and resilient neighborhood networks.",https://example.org/organizations/121,,organization121@example.org,for_profit,large,1,True,False,2026-04-01 17:03:15,2026-04-20 23:16:58
ORG-000-000-000-0122,Caring Hands Relief Fund,"Mock organization 000122, Synthetic Lane",Orlando,233.12,32801,"Supporting elderly citizens with accessible transportation, groceries, and companionship.",https://example.org/organizations/122,,organization122@example.org,non_profit,small,4,False,True,2026-03-21 10:00:53,2026-03-28 07:40:58
ORG-000-000-000-0123,Kindred Spirit Corps,"Mock organization 000123, Synthetic Lane",Paris,75.60,75001,"Providing clothing, warmth, and dignity to displaced families and individuals in crisis.",https://example.org/organizations/123,,organization123@example.org,non_profit,small,2,False,False,2026-03-21 02:34:21,2026-04-11 02:25:07
ORG-000-000-000-0124,Alliance Outreach,"Mock organization 000124, Synthetic Lane",Manchester,232.88,M1 1AE,"Promoting community wellness, mental health support, and social welfare programs.",https://example.org/organizations/124,,organization124@example.org,for_profit,small,5,True,True,2026-05-04 13:34:43,2026-05-18 04:00:44
ORG-000-000-000-0125,Helping Hearts Corps,"Mock organization 000125, Synthetic Lane",Boston,233.29,02108,"Supporting elderly citizens with accessible transportation, groceries, and companionship.",https://example.org/organizations/125,,organization125@example.org,non_profit,medium,5,False,False,2026-05-27 11:29:30,2026-06-26 07:32:55
ORG-000-000-000-0126,Kindred Spirit Hamburg Society,"Mock organization 000126, Synthetic Lane",Hamburg,82.6,20095,"Enhancing public safety, disaster preparedness, and resilient neighborhood networks.",https://example.org/organizations/126,,organization126@example.org,non_profit,small,3,True,False,2026-05-10 12:05:42,2026-05-17 19:16:56
ORG-000-000-000-0127,Open Door Trust,"Mock organization 000127, Synthetic Lane",Jaipur,101.29,302001,Mobilizing volunteers and resources to support crisis response and disaster recovery.,https://example.org/organizations/127,,organization127@example.org,non_profit,medium,3,True,False,2026-05-11 22:59:06,2026-06-10 06:15:31
ORG-000-000-000-0128,United Relief Network,"Mock organization 000128, Synthetic Lane",Chennai,101.31,600001,"Providing clothing, warmth, and dignity to displaced families and individuals in crisis.",https://example.org/organizations/128,,organization128@example.org,non_profit,small,5,True,False,2026-05-15 20:29:48,2026-06-10 04:32:23
ORG-000-000-000-0129,Vitality Partnership,"Mock organization 000129, Synthetic Lane",New Delhi,101.9,110001,"Promoting community wellness, mental health support, and social welfare programs.",https://example.org/organizations/129,,organization129@example.org,for_profit,large,5,False,True,2026-03-25 12:57:58,2026-03-27 03:52:19
ORG-000-000-000-0130,Community First Exchange,"Mock organization 000130, Synthetic Lane",Calgary,39.1,T2P 0A1,"Promoting community wellness, mental health support, and social welfare programs.",https://example.org/organizations/130,,organization130@example.org,for_profit,large,5,False,False,2026-05-27 12:19:56,2026-06-22 08:41:50
ORG-000-000-000-0131,Alliance Collective,"Mock organization 000131, Synthetic Lane",Toronto,39.9,M5H 2N2,"Providing clothing, warmth, and dignity to displaced families and individuals in crisis.",https://example.org/organizations/131,,organization131@example.org,non_profit,large,1,False,False,2026-05-04 04:34:32,2026-05-23 17:26:20
ORG-000-000-000-0132,Community First Marseille Outreach,"Mock organization 000132, Synthetic Lane",Marseille,75.96,13001,"Empowering youth and vulnerable families through education, mentorship, and emergency aid.",https://example.org/organizations/132,,organization132@example.org,for_profit,small,2,False,False,2026-04-26 23:12:34,2026-05-24 23:23:35
ORG-000-000-000-0133,Alliance Sydney Outreach,"Mock organization 000133, Synthetic Lane",Sydney,14.2,2000,Fostering sustainable livelihoods and vocational skills training for low-income households.,https://example.org/organizations/133,,organization133@example.org,for_profit,small,5,True,False,2026-05-12 03:34:31,2026-05-28 13:08:40
ORG-000-000-000-0134,Alliance Frankfurt Corps,"Mock organization 000134, Synthetic Lane",Frankfurt,82.7,60311,"Enhancing public safety, disaster preparedness, and resilient neighborhood networks.",https://example.org/organizations/134,,organization134@example.org,for_profit,large,2,True,False,2026-05-16 02:12:31,2026-05-17 18:03:12
ORG-000-000-000-0135,Pinnacle Care Mysuru Collective,"Mock organization 000135, Synthetic Lane",Mysuru,101.16,570001,"Dedicated to providing essential food, shelter, and medical relief to underserved communities.",https://example.org/organizations/135,,organization135@example.org,for_profit,large,2,True,False,2026-03-18 06:17:56,2026-03-19 13:00:53
ORG-000-000-000-0136,Open Door Hamburg Relief Fund,"Mock organization 000136, Synthetic Lane",Hamburg,82.6,20095,"Enhancing public safety, disaster preparedness, and resilient neighborhood networks.",https://example.org/organizations/136,,organization136@example.org,for_profit,large,4,True,True,2026-06-06 11:10:17,2026-06-29 13:22:06
ORG-000-000-000-0137,Pinnacle Care Care Project,"Mock organization 000137, Synthetic Lane",Toronto,39.9,M5H 2N2,Fostering sustainable livelihoods and vocational skills training for low-income households.,https://example.org/organizations/137,,organization137@example.org,for_profit,small,5,False,False,2026-05-27 20:12:08,2026-06-11 22:05:00
ORG-000-000-000-0138,Unity Alliance,"Mock organization 000138, Synthetic Lane",Ahmedabad,101.11,380001,"Promoting community wellness, mental health support, and social welfare programs.",https://example.org/organizations/138,,organization138@example.org,non_profit,large,5,False,False,2026-04-11 14:34:57,2026-05-06 01:34:03
ORG-000-000-000-0139,Frontier Alliance,"Mock organization 000139, Synthetic Lane",Boston,233.29,02108,Fostering sustainable livelihoods and vocational skills training for low-income households.,https://example.org/organizations/139,,organization139@example.org,non_profit,large,3,True,False,2026-06-15 23:11:58,2026-06-30 14:36:08
ORG-000-000-000-0140,New Horizons Brisbane Alliance,"Mock organization 000140, Synthetic Lane",Brisbane,14.4,4000,"Enhancing public safety, disaster preparedness, and resilient neighborhood networks.",https://example.org/organizations/140,,organization140@example.org,non_profit,large,2,False,False,2026-03-29 15:55:32,2026-04-03 04:31:17
ORG-000-000-000-0141,Open Door Care Project,"Mock organization 000141, Synthetic Lane",Philadelphia,233.50,19101,"Dedicated to providing essential food, shelter, and medical relief to underserved communities.",https://example.org/organizations/141,,organization141@example.org,for_profit,large,3,False,False,2026-03-20 03:20:48,2026-04-09 23:10:31
ORG-000-000-000-0142,Sunrise Richmond Society,"Mock organization 000142, Synthetic Lane",Richmond,233.61,23219,"Dedicated to providing essential food, shelter, and medical relief to underserved communities.",https://example.org/organizations/142,,organization142@example.org,non_profit,medium,5,True,True,2026-04-01 23:38:30,2026-04-08 23:41:42
ORG-000-000-000-0143,Pathway Bengaluru Trust,"Mock organization 000143, Synthetic Lane",Bengaluru,101.16,560001,Advancing localized humanitarian impact through collaborative volunteer action.,https://example.org/organizations/143,,organization143@example.org,non_profit,medium,1,True,False,2026-04-14 20:19:05,2026-04-28 17:37:34
ORG-000-000-000-0144,Pinnacle Care Buffalo Trust,"Mock organization 000144, Synthetic Lane",Buffalo,233.42,14201,"Promoting community wellness, mental health support, and social welfare programs.",https://example.org/organizations/144,,organization144@example.org,non_profit,small,2,False,True,2026-05-12 23:46:54,2026-06-04 08:53:09
ORG-000-000-000-0145,Civic Action Outreach,"Mock organization 000145, Synthetic Lane",Calgary,39.1,T2P 0A1,Connecting community volunteers with individuals in need of urgent daily assistance.,https://example.org/organizations/145,,organization145@example.org,non_profit,small,5,False,True,2026-06-19 04:51:06,2026-07-01 07:40:56
ORG-000-000-000-0146,Community First Care Project,"Mock organization 000146, Synthetic Lane",New York,233.42,10001,Mobilizing volunteers and resources to support crisis response and disaster recovery.,https://example.org/organizations/146,,organization146@example.org,for_profit,medium,5,True,False,2026-06-01 09:38:46,2026-06-07 00:27:16
ORG-000-000-000-0147,Sunrise Care Project,"Mock organization 000147, Synthetic Lane",San Jose,233.7,95112,Mobilizing volunteers and resources to support crisis response and disaster recovery.,https://example.org/organizations/147,,organization147@example.org,non_profit,large,5,False,False,2026-04-12 12:59:21,2026-05-06 07:51:19
ORG-000-000-000-0148,Golden Bridge Calgary Volunteers,"Mock organization 000148, Synthetic Lane",Calgary,39.1,T2P 0A1,"Enhancing public safety, disaster preparedness, and resilient neighborhood networks.",https://example.org/organizations/148,,organization148@example.org,non_profit,medium,5,False,False,2026-05-31 22:17:19,2026-06-08 01:25:50
ORG-000-000-000-0149,Pinnacle Care Edinburgh Collective,"Mock organization 000149, Synthetic Lane",Edinburgh,232.202,EH1 1YZ,Connecting community volunteers with individuals in need of urgent daily assistance.,https://example.org/organizations/149,,organization149@example.org,for_profit,large,3,False,False,2026-05-05 06:53:39,2026-05-17 13:05:11
ORG-000-000-000-0150,Unity Exchange,"Mock organization 000150, Synthetic Lane",Austin,233.56,73301,"Empowering youth and vulnerable families through education, mentorship, and emergency aid.",https://example.org/organizations/150,,organization150@example.org,non_profit,large,4,False,True,2026-04-12 08:56:02,2026-04-14 04:05:53
ORG-000-000-000-0151,Open Door Society,"Mock organization 000151, Synthetic Lane",Virginia Beach,233.61,23450,Advancing localized humanitarian impact through collaborative volunteer action.,https://example.org/organizations/151,,organization151@example.org,non_profit,small,2,True,True,2026-05-07 18:04:13,2026-05-07 23:24:34
ORG-000-000-000-0152,Community First Mumbai Collective,"Mock organization 000152, Synthetic Lane",Mumbai,101.21,400001,"Promoting community wellness, mental health support, and social welfare programs.",https://example.org/organizations/152,,organization152@example.org,for_profit,large,2,True,False,2026-05-05 17:54:33,2026-05-28 03:33:57
ORG-000-000-000-0153,New Horizons Exchange,"Mock organization 000153, Synthetic Lane",Portland,233.48,97201,"Supporting elderly citizens with accessible transportation, groceries, and companionship.",https://example.org/organizations/153,,organization153@example.org,non_profit,medium,2,False,False,2026-06-18 22:46:18,2026-07-16 09:12:27
ORG-000-000-000-0154,Global Hope Services,"Mock organization 000154, Synthetic Lane",Toronto,39.9,M5H 2N2,Connecting community volunteers with individuals in need of urgent daily assistance.,https://example.org/organizations/154,,organization154@example.org,non_profit,medium,3,True,True,2026-06-05 14:51:52,2026-06-13 00:37:26
ORG-000-000-000-0155,Caring Hands Calgary Services,"Mock organization 000155, Synthetic Lane",Calgary,39.1,T2P 0A1,"Promoting community wellness, mental health support, and social welfare programs.",https://example.org/organizations/155,,organization155@example.org,non_profit,small,2,True,True,2026-06-19 17:39:05,2026-06-22 06:03:52
ORG-000-000-000-0156,Beacon Collective,"Mock organization 000156, Synthetic Lane",San Jose,233.7,95112,"Promoting community wellness, mental health support, and social welfare programs.",https://example.org/organizations/156,,organization156@example.org,for_profit,medium,4,True,True,2026-07-02 01:29:22,2026-07-03 02:03:32
ORG-000-000-000-0157,Kindred Spirit Relief Fund,"Mock organization 000157, Synthetic Lane",Vancouver,39.2,V6B 1A1,"Providing clothing, warmth, and dignity to displaced families and individuals in crisis.",https://example.org/organizations/157,,organization157@example.org,non_profit,large,4,True,True,2026-05-16 23:29:20,2026-05-28 02:16:43
ORG-000-000-000-0158,Solidarity Partnership,"Mock organization 000158, Synthetic Lane",Hyderabad,101.32,500001,"Supporting elderly citizens with accessible transportation, groceries, and companionship.",https://example.org/organizations/158,,organization158@example.org,non_profit,medium,2,True,False,2026-04-22 03:05:32,2026-05-20 16:53:01
ORG-000-000-000-0159,Bridge of Hope Guild,"Mock organization 000159, Synthetic Lane",Portland,233.48,97201,"Promoting community wellness, mental health support, and social welfare programs.",https://example.org/organizations/159,,organization159@example.org,non_profit,medium,1,True,False,2026-04-20 04:30:11,2026-04-22 20:59:54
ORG-000-000-000-0160,Compassion Spokane Outreach,"Mock organization 000160, Synthetic Lane",Spokane,233.63,99201,"Promoting community wellness, mental health support, and social welfare programs.",https://example.org/organizations/160,,organization160@example.org,non_profit,small,3,True,True,2026-02-04 02:36:58,2026-03-02 07:50:45
ORG-000-000-000-0161,Evergreen Charity,"Mock organization 000161, Synthetic Lane",Charlotte,233.43,28201,"Enhancing public safety, disaster preparedness, and resilient neighborhood networks.",https://example.org/organizations/161,,organization161@example.org,for_profit,large,5,True,False,2026-02-16 01:35:09,2026-02-26 04:32:19
ORG-000-000-000-0162,Solidarity Care Project,"Mock organization 000162, Synthetic Lane",Atlanta,233.13,30301,"Promoting community wellness, mental health support, and social welfare programs.",https://example.org/organizations/162,,organization162@example.org,non_profit,medium,5,False,False,2026-03-11 11:31:46,2026-04-08 00:01:33
ORG-000-000-000-0163,Kindred Spirit Toronto Society,"Mock organization 000163, Synthetic Lane",Toronto,39.9,M5H 2N2,Mobilizing volunteers and resources to support crisis response and disaster recovery.,https://example.org/organizations/163,,organization163@example.org,for_profit,medium,2,True,False,2026-02-20 16:36:51,2026-03-13 23:16:36
ORG-000-000-000-0164,Caring Hands Alliance,"Mock organization 000164, Synthetic Lane",Glasgow,232.202,G1 1XQ,"Supporting elderly citizens with accessible transportation, groceries, and companionship.",https://example.org/organizations/164,,organization164@example.org,for_profit,small,2,True,False,2026-01-27 13:03:21,2026-02-07 01:46:18
ORG-000-000-000-0165,Harbor Aid Collective,"Mock organization 000165, Synthetic Lane",Kolkata,101.36,700001,"Supporting elderly citizens with accessible transportation, groceries, and companionship.",https://example.org/organizations/165,,organization165@example.org,non_profit,small,4,False,True,2026-04-05 01:58:33,2026-04-15 10:06:42
ORG-000-000-000-0166,Bridge of Hope Charity,"Mock organization 000166, Synthetic Lane",San Francisco,233.7,94102,Mobilizing volunteers and resources to support crisis response and disaster recovery.,https://example.org/organizations/166,,organization166@example.org,for_profit,medium,1,True,True,2026-01-25 09:16:48,2026-02-18 00:48:26
ORG-000-000-000-0167,Bridge of Hope Calgary Outreach,"Mock organization 000167, Synthetic Lane",Calgary,39.1,T2P 0A1,"Providing clothing, warmth, and dignity to displaced families and individuals in crisis.",https://example.org/organizations/167,,organization167@example.org,for_profit,medium,2,False,False,2026-02-14 15:40:34,2026-03-03 11:39:37
ORG-000-000-000-0168,Golden Bridge Initiative,"Mock organization 000168, Synthetic Lane",Calgary,39.1,T2P 0A1,"Promoting community wellness, mental health support, and social welfare programs.",https://example.org/organizations/168,,organization168@example.org,non_profit,medium,3,True,False,2026-04-15 10:52:36,2026-05-09 22:12:43
ORG-000-000-000-0169,Beacon Care Project,"Mock organization 000169, Synthetic Lane",Detroit,233.30,48201,Mobilizing volunteers and resources to support crisis response and disaster recovery.,https://example.org/organizations/169,,organization169@example.org,non_profit,large,5,True,True,2026-05-03 12:41:36,2026-05-10 16:31:35
ORG-000-000-000-0170,New Horizons Care Project,"Mock organization 000170, Synthetic Lane",Glasgow,232.202,G1 1XQ,"Dedicated to providing essential food, shelter, and medical relief to underserved communities.",https://example.org/organizations/170,,organization170@example.org,non_profit,medium,2,False,False,2026-04-19 07:32:12,2026-04-21 18:12:04
ORG-000-000-000-0171,Global Hope Seattle Corps,"Mock organization 000171, Synthetic Lane",Seattle,233.63,98101,"Enhancing public safety, disaster preparedness, and resilient neighborhood networks.",https://example.org/organizations/171,,organization171@example.org,for_profit,small,2,False,True,2026-04-13 11:09:25,2026-04-15 12:49:34
ORG-000-000-000-0172,United Relief Charity,"Mock organization 000172, Synthetic Lane",Glasgow,232.202,G1 1XQ,"Promoting community wellness, mental health support, and social welfare programs.",https://example.org/organizations/172,,organization172@example.org,non_profit,small,4,False,False,2026-05-04 05:08:03,2026-05-09 02:46:52
ORG-000-000-000-0173,Bridge of Hope Network,"Mock organization 000173, Synthetic Lane",Toronto,39.9,M5H 2N2,"Empowering youth and vulnerable families through education, mentorship, and emergency aid.",https://example.org/organizations/173,,organization173@example.org,non_profit,medium,4,True,True,2026-02-20 09:07:39,2026-02-21 17:35:47
ORG-000-000-000-0174,Pinnacle Care Glasgow Collective,"Mock organization 000174, Synthetic Lane",Glasgow,232.202,G1 1XQ,"Supporting elderly citizens with accessible transportation, groceries, and companionship.",https://example.org/organizations/174,,organization174@example.org,non_profit,small,5,True,True,2026-03-08 02:12:27,2026-03-24 07:33:40
ORG-000-000-000-0175,Global Hope Mysuru Alliance,"Mock organization 000175, Synthetic Lane",Mysuru,101.16,570001,"Supporting elderly citizens with accessible transportation, groceries, and companionship.",https://example.org/organizations/175,,organization175@example.org,for_profit,large,1,True,False,2026-02-21 11:05:18,2026-02-22 10:55:53
ORG-000-000-000-0176,Frontier Collective,"Mock organization 000176, Synthetic Lane",Manchester,232.88,M1 1AE,Mobilizing volunteers and resources to support crisis response and disaster recovery.,https://example.org/organizations/176,,organization176@example.org,for_profit,small,5,False,True,2026-02-20 03:18:24,2026-02-25 14:20:17
ORG-000-000-000-0177,New Horizons Coalition,"Mock organization 000177, Synthetic Lane",Berlin,82.3,10115,Connecting community volunteers with individuals in need of urgent daily assistance.,https://example.org/organizations/177,,organization177@example.org,for_profit,large,4,True,True,2026-03-01 06:42:36,2026-03-26 17:04:44
ORG-000-000-000-0178,Pathway Corps,"Mock organization 000178, Synthetic Lane",Vancouver,39.2,V6B 1A1,"Supporting elderly citizens with accessible transportation, groceries, and companionship.",https://example.org/organizations/178,,organization178@example.org,non_profit,small,2,False,True,2026-02-20 16:12:27,2026-03-07 23:47:47
ORG-000-000-000-0179,Open Door Mysuru Relief Fund,"Mock organization 000179, Synthetic Lane",Mysuru,101.16,570001,Fostering sustainable livelihoods and vocational skills training for low-income households.,https://example.org/organizations/179,,organization179@example.org,non_profit,small,1,False,True,2026-05-09 12:01:09,2026-05-30 02:00:12
ORG-000-000-000-0180,Caring Hands Care Project,"Mock organization 000180, Synthetic Lane",Raleigh,233.43,27601,Advancing localized humanitarian impact through collaborative volunteer action.,https://example.org/organizations/180,,organization180@example.org,non_profit,medium,2,False,False,2026-02-11 13:38:39,2026-02-14 04:07:25
ORG-000-000-000-0181,Beacon Volunteers,"Mock organization 000181, Synthetic Lane",Glasgow,232.202,G1 1XQ,"Enhancing public safety, disaster preparedness, and resilient neighborhood networks.",https://example.org/organizations/181,,organization181@example.org,non_profit,medium,2,True,True,2026-03-14 00:41:57,2026-03-18 14:03:17
ORG-000-000-000-0182,Evergreen Foundation,"Mock organization 000182, Synthetic Lane",Orlando,233.12,32801,"Promoting community wellness, mental health support, and social welfare programs.",https://example.org/organizations/182,,organization182@example.org,for_profit,small,2,True,True,2026-02-09 03:23:58,2026-02-26 10:55:34
ORG-000-000-000-0183,Golden Bridge Outreach,"Mock organization 000183, Synthetic Lane",Marseille,75.96,13001,Connecting community volunteers with individuals in need of urgent daily assistance.,https://example.org/organizations/183,,organization183@example.org,for_profit,medium,5,True,False,2026-04-05 02:43:49,2026-04-19 23:07:07
ORG-000-000-000-0184,Evergreen Society,"Mock organization 000184, Synthetic Lane",Raleigh,233.43,27601,Fostering sustainable livelihoods and vocational skills training for low-income households.,https://example.org/organizations/184,,organization184@example.org,for_profit,small,2,False,False,2026-04-04 08:07:02,2026-04-28 00:10:51
ORG-000-000-000-0185,NextGen Charity,"Mock organization 000185, Synthetic Lane",Albany,233.42,12201,"Dedicated to providing essential food, shelter, and medical relief to underserved communities.",https://example.org/organizations/185,,organization185@example.org,non_profit,small,4,True,True,2026-04-07 20:17:48,2026-04-11 16:48:58
ORG-000-000-000-0186,NextGen Initiative,"Mock organization 000186, Synthetic Lane",Raleigh,233.43,27601,"Providing clothing, warmth, and dignity to displaced families and individuals in crisis.",https://example.org/organizations/186,,organization186@example.org,non_profit,large,1,False,False,2026-02-23 12:37:01,2026-02-28 02:58:46
ORG-000-000-000-0187,Harbor Aid San Diego Network,"Mock organization 000187, Synthetic Lane",San Diego,233.7,92101,"Promoting community wellness, mental health support, and social welfare programs.",https://example.org/organizations/187,,organization187@example.org,non_profit,medium,4,True,True,2026-02-17 22:45:14,2026-03-04 02:50:17
ORG-000-000-000-0188,Unity Care Project,"Mock organization 000188, Synthetic Lane",Berlin,82.3,10115,"Providing clothing, warmth, and dignity to displaced families and individuals in crisis.",https://example.org/organizations/188,,organization188@example.org,for_profit,medium,3,True,False,2026-03-06 11:45:12,2026-03-07 12:46:48
ORG-000-000-000-0189,Evergreen Care Project,"Mock organization 000189, Synthetic Lane",Raleigh,233.43,27601,"Providing clothing, warmth, and dignity to displaced families and individuals in crisis.",https://example.org/organizations/189,,organization189@example.org,for_profit,medium,4,False,False,2026-04-17 08:13:07,2026-05-11 06:13:28
ORG-000-000-000-0190,Bridge of Hope Coalition,"Mock organization 000190, Synthetic Lane",Seattle,233.63,98101,Advancing localized humanitarian impact through collaborative volunteer action.,https://example.org/organizations/190,,organization190@example.org,for_profit,small,4,False,False,2026-04-05 21:52:09,2026-04-09 06:14:46
ORG-000-000-000-0191,NextGen Society,"Mock organization 000191, Synthetic Lane",Sacramento,233.7,95814,Mobilizing volunteers and resources to support crisis response and disaster recovery.,https://example.org/organizations/191,,organization191@example.org,for_profit,small,1,True,False,2026-04-07 21:27:06,2026-04-21 03:48:46
ORG-000-000-000-0192,Global Hope Network,"Mock organization 000192, Synthetic Lane",New Delhi,101.9,110001,"Empowering youth and vulnerable families through education, mentorship, and emergency aid.",https://example.org/organizations/192,,organization192@example.org,non_profit,medium,5,False,False,2026-03-03 16:02:01,2026-03-31 14:18:38
ORG-000-000-000-0193,Vitality Guild,"Mock organization 000193, Synthetic Lane",Miami,233.12,33101,"Empowering youth and vulnerable families through education, mentorship, and emergency aid.",https://example.org/organizations/193,,organization193@example.org,for_profit,large,1,False,True,2026-05-14 06:04:20,2026-05-21 14:06:36
ORG-000-000-000-0194,Alliance Ahmedabad Collective,"Mock organization 000194, Synthetic Lane",Ahmedabad,101.11,380001,"Dedicated to providing essential food, shelter, and medical relief to underserved communities.",https://example.org/organizations/194,,organization194@example.org,for_profit,large,5,False,False,2026-05-30 03:33:31,2026-06-26 09:48:12
ORG-000-000-000-0195,Compassion Sacramento Outreach,"Mock organization 000195, Synthetic Lane",Sacramento,233.7,95814,Advancing localized humanitarian impact through collaborative volunteer action.,https://example.org/organizations/195,,organization195@example.org,for_profit,large,1,False,False,2026-05-08 01:47:18,2026-05-12 10:14:16
ORG-000-000-000-0196,Caring Hands Portland Services,"Mock organization 000196, Synthetic Lane",Portland,233.48,97201,"Promoting community wellness, mental health support, and social welfare programs.",https://example.org/organizations/196,,organization196@example.org,for_profit,medium,1,False,False,2026-05-04 16:15:14,2026-05-12 03:03:34
ORG-000-000-000-0197,Evergreen Raleigh Coalition,"Mock organization 000197, Synthetic Lane",Raleigh,233.43,27601,"Providing clothing, warmth, and dignity to displaced families and individuals in crisis.",https://example.org/organizations/197,,organization197@example.org,for_profit,large,5,True,False,2026-02-22 10:45:52,2026-03-05 16:56:48
ORG-000-000-000-0198,Bridge of Hope Services,"Mock organization 000198, Synthetic Lane",Raleigh,233.43,27601,"Dedicated to providing essential food, shelter, and medical relief to underserved communities.",https://example.org/organizations/198,,organization198@example.org,non_profit,medium,1,False,True,2026-03-07 10:26:03,2026-03-14 05:08:45
ORG-000-000-000-0199,Global Hope Partnership,"Mock organization 000199, Synthetic Lane",London,232.88,EC1A 1BB,"Empowering youth and vulnerable families through education, mentorship, and emergency aid.",https://example.org/organizations/199,,organization199@example.org,non_profit,small,3,False,True,2026-03-09 10:28:01,2026-04-01 09:00:41
ORG-000-000-000-0200,Unity Collective,"Mock organization 000200, Synthetic Lane",New Delhi,101.9,110001,"Dedicated to providing essential food, shelter, and medical relief to underserved communities.",https://example.org/organizations/200,,organization200@example.org,non_profit,large,4,False,False,2026-05-03 12:10:48,2026-05-08 15:39:44
ORG-000-000-000-0201,Open Door Paris Collective,"Mock organization 000201, Synthetic Lane",Paris,75.60,75001,"Providing clothing, warmth, and dignity to displaced families and individuals in crisis.",https://example.org/organizations/201,,organization201@example.org,non_profit,large,4,False,False,2026-02-27 01:11:03,2026-02-28 03:27:37
ORG-000-000-000-0202,Civic Action Solutions,"Mock organization 000202, Synthetic Lane",Los Angeles,233.7,90001,Connecting community volunteers with individuals in need of urgent daily assistance.,https://example.org/organizations/202,,organization202@example.org,for_profit,large,1,True,True,2026-04-16 02:05:19,2026-05-11 11:30:24
ORG-000-000-000-0203,Solidarity Network,"Mock organization 000203, Synthetic Lane",Ottawa,39.9,K1P 1J1,Mobilizing volunteers and resources to support crisis response and disaster recovery.,https://example.org/organizations/203,,organization203@example.org,for_profit,large,5,False,True,2026-05-15 05:27:35,2026-06-05 17:37:04
ORG-000-000-000-0204,Golden Bridge Relief Fund,"Mock organization 000204, Synthetic Lane",Glasgow,232.202,G1 1XQ,Advancing localized humanitarian impact through collaborative volunteer action.,https://example.org/organizations/204,,organization204@example.org,for_profit,large,1,False,True,2026-05-14 19:14:45,2026-05-19 19:31:42
ORG-000-000-000-0205,Beacon Corps,"Mock organization 000205, Synthetic Lane",Montreal,39.11,H2Y 1C6,"Enhancing public safety, disaster preparedness, and resilient neighborhood networks.",https://example.org/organizations/205,,organization205@example.org,non_profit,medium,4,True,False,2026-05-11 04:15:11,2026-05-31 23:33:54
ORG-000-000-000-0206,Pathway Guild,"Mock organization 000206, Synthetic Lane",Lyon,75.12,69001,"Providing clothing, warmth, and dignity to displaced families and individuals in crisis.",https://example.org/organizations/206,,organization206@example.org,non_profit,medium,4,False,True,2026-06-09 22:37:51,2026-07-08 01:20:32
ORG-000-000-000-0207,Evergreen Association,"Mock organization 000207, Synthetic Lane",Philadelphia,233.50,19101,"Dedicated to providing essential food, shelter, and medical relief to underserved communities.",https://example.org/organizations/207,,organization207@example.org,for_profit,large,3,False,False,2026-05-11 15:46:16,2026-06-06 18:13:17
ORG-000-000-000-0208,Harbor Aid Tampa Collective,"Mock organization 000208, Synthetic Lane",Tampa,233.12,33601,Fostering sustainable livelihoods and vocational skills training for low-income households.,https://example.org/organizations/208,,organization208@example.org,non_profit,small,4,True,True,2026-05-14 18:06:24,2026-05-20 19:17:23
ORG-000-000-000-0209,New Horizons Society,"Mock organization 000209, Synthetic Lane",Denver,233.8,80201,"Enhancing public safety, disaster preparedness, and resilient neighborhood networks.",https://example.org/organizations/209,,organization209@example.org,for_profit,large,5,True,True,2026-05-09 02:50:49,2026-05-18 14:08:23
ORG-000-000-000-0210,Vitality Philadelphia Collective,"Mock organization 000210, Synthetic Lane",Philadelphia,233.50,19101,"Promoting community wellness, mental health support, and social welfare programs.",https://example.org/organizations/210,,organization210@example.org,non_profit,medium,2,False,False,2026-05-06 12:48:33,2026-05-25 12:27:09
ORG-000-000-000-0211,Civic Action Foundation,"Mock organization 000211, Synthetic Lane",Sacramento,233.7,95814,Advancing localized humanitarian impact through collaborative volunteer action.,https://example.org/organizations/211,,organization211@example.org,non_profit,small,3,True,True,2026-03-22 02:57:48,2026-04-01 17:20:30
ORG-000-000-000-0212,Alliance Ottawa Alliance,"Mock organization 000212, Synthetic Lane",Ottawa,39.9,K1P 1J1,"Promoting community wellness, mental health support, and social welfare programs.",https://example.org/organizations/212,,organization212@example.org,for_profit,small,2,True,False,2026-06-08 21:57:00,2026-06-23 11:08:15
ORG-000-000-000-0213,Sunrise Trust,"Mock organization 000213, Synthetic Lane",Los Angeles,233.7,90001,"Providing clothing, warmth, and dignity to displaced families and individuals in crisis.",https://example.org/organizations/213,,organization213@example.org,non_profit,medium,3,True,True,2026-04-24 16:48:19,2026-05-15 19:57:35
ORG-000-000-000-0214,Alliance Charity,"Mock organization 000214, Synthetic Lane",Albany,233.42,12201,"Enhancing public safety, disaster preparedness, and resilient neighborhood networks.",https://example.org/organizations/214,,organization214@example.org,for_profit,large,1,True,False,2026-04-14 08:50:36,2026-05-02 03:16:30
ORG-000-000-000-0215,Kindred Spirit Solutions,"Mock organization 000215, Synthetic Lane",Sacramento,233.7,95814,"Empowering youth and vulnerable families through education, mentorship, and emergency aid.",https://example.org/organizations/215,,organization215@example.org,non_profit,large,3,True,True,2026-05-01 22:53:35,2026-05-08 02:59:52
ORG-000-000-000-0216,Harbor Aid Partnership,"Mock organization 000216, Synthetic Lane",New York,233.42,10001,"Enhancing public safety, disaster preparedness, and resilient neighborhood networks.",https://example.org/organizations/216,,organization216@example.org,non_profit,small,3,True,False,2026-05-31 20:16:34,2026-06-18 20:56:16
ORG-000-000-000-0217,Alliance Society,"Mock organization 000217, Synthetic Lane",Mysuru,101.16,570001,Advancing localized humanitarian impact through collaborative volunteer action.,https://example.org/organizations/217,,organization217@example.org,for_profit,large,5,False,False,2026-05-16 20:36:19,2026-06-15 06:34:14
ORG-000-000-000-0218,Pinnacle Care New York Trust,"Mock organization 000218, Synthetic Lane",New York,233.42,10001,Advancing localized humanitarian impact through collaborative volunteer action.,https://example.org/organizations/218,,organization218@example.org,for_profit,medium,1,True,True,2026-05-31 12:46:38,2026-06-29 11:57:41
ORG-000-000-000-0219,Bridge of Hope Solutions,"Mock organization 000219, Synthetic Lane",Frankfurt,82.7,60311,Connecting community volunteers with individuals in need of urgent daily assistance.,https://example.org/organizations/219,,organization219@example.org,non_profit,large,4,True,False,2026-03-29 10:30:05,2026-04-16 11:13:51
ORG-000-000-000-0220,Helping Hearts Exchange,"Mock organization 000220, Synthetic Lane",San Diego,233.7,92101,"Providing clothing, warmth, and dignity to displaced families and individuals in crisis.",https://example.org/organizations/220,,organization220@example.org,for_profit,small,4,False,True,2026-05-08 06:41:08,2026-05-12 13:13:45
ORG-000-000-000-0221,Pinnacle Care Orlando Care Project,"Mock organization 000221, Synthetic Lane",Orlando,233.12,32801,Advancing localized humanitarian impact through collaborative volunteer action.,https://example.org/organizations/221,,organization221@example.org,non_profit,medium,4,True,True,2026-03-21 03:41:41,2026-04-14 14:01:32
ORG-000-000-000-0222,Unity Austin Collective,"Mock organization 000222, Synthetic Lane",Austin,233.56,73301,Advancing localized humanitarian impact through collaborative volunteer action.,https://example.org/organizations/222,,organization222@example.org,for_profit,small,1,False,False,2026-05-06 05:55:17,2026-05-30 00:34:44
ORG-000-000-000-0223,Kindred Spirit Volunteers,"Mock organization 000223, Synthetic Lane",Raleigh,233.43,27601,"Dedicated to providing essential food, shelter, and medical relief to underserved communities.",https://example.org/organizations/223,,organization223@example.org,for_profit,medium,3,True,True,2026-04-27 18:27:55,2026-05-13 06:59:43
ORG-000-000-000-0224,Pinnacle Care Guild,"Mock organization 000224, Synthetic Lane",Minneapolis,233.32,55401,"Dedicated to providing essential food, shelter, and medical relief to underserved communities.",https://example.org/organizations/224,,organization224@example.org,for_profit,medium,3,True,True,2026-06-29 00:51:38,2026-06-30 06:18:46
ORG-000-000-000-0225,Open Door Partnership,"Mock organization 000225, Synthetic Lane",Miami,233.12,33101,"Enhancing public safety, disaster preparedness, and resilient neighborhood networks.",https://example.org/organizations/225,,organization225@example.org,for_profit,small,2,False,False,2026-06-18 17:03:06,2026-07-05 15:43:27
ORG-000-000-000-0226,Alliance Care Project,"Mock organization 000226, Synthetic Lane",Kolkata,101.36,700001,"Promoting community wellness, mental health support, and social welfare programs.",https://example.org/organizations/226,,organization226@example.org,non_profit,small,4,True,True,2026-04-06 13:09:18,2026-04-14 06:58:09
ORG-000-000-000-0227,Civic Action Minneapolis Solutions,"Mock organization 000227, Synthetic Lane",Minneapolis,233.32,55401,"Supporting elderly citizens with accessible transportation, groceries, and companionship.",https://example.org/organizations/227,,organization227@example.org,for_profit,medium,2,False,True,2026-05-11 08:06:05,2026-05-18 21:23:50
ORG-000-000-000-0228,Caring Hands Network,"Mock organization 000228, Synthetic Lane",Perth,14.8,6000,Connecting community volunteers with individuals in need of urgent daily assistance.,https://example.org/organizations/228,,organization228@example.org,for_profit,large,5,False,True,2026-03-25 01:00:06,2026-04-14 06:37:39
ORG-000-000-000-0229,Frontier Perth Solutions,"Mock organization 000229, Synthetic Lane",Perth,14.8,6000,"Supporting elderly citizens with accessible transportation, groceries, and companionship.",https://example.org/organizations/229,,organization229@example.org,non_profit,small,1,True,False,2026-05-20 08:59:51,2026-06-01 00:27:59
ORG-000-000-000-0230,Civic Action Edinburgh Partnership,"Mock organization 000230, Synthetic Lane",Edinburgh,232.202,EH1 1YZ,Mobilizing volunteers and resources to support crisis response and disaster recovery.,https://example.org/organizations/230,,organization230@example.org,for_profit,small,2,True,True,2026-04-01 14:33:16,2026-04-11 09:21:04
ORG-000-000-000-0231,Kindred Spirit Trust,"Mock organization 000231, Synthetic Lane",Paris,75.60,75001,"Promoting community wellness, mental health support, and social welfare programs.",https://example.org/organizations/231,,organization231@example.org,for_profit,medium,5,False,True,2026-05-26 01:22:52,2026-06-22 03:33:15
ORG-000-000-000-0232,Sunrise Collective,"Mock organization 000232, Synthetic Lane",Perth,14.8,6000,Mobilizing volunteers and resources to support crisis response and disaster recovery.,https://example.org/organizations/232,,organization232@example.org,for_profit,small,1,True,False,2026-04-29 19:51:48,2026-05-11 05:54:50
ORG-000-000-000-0233,Civic Action Manchester Partnership,"Mock organization 000233, Synthetic Lane",Manchester,232.88,M1 1AE,Fostering sustainable livelihoods and vocational skills training for low-income households.,https://example.org/organizations/233,,organization233@example.org,for_profit,medium,4,False,True,2026-04-23 10:07:08,2026-05-01 16:17:07
ORG-000-000-000-0234,Harbor Aid Association,"Mock organization 000234, Synthetic Lane",Edinburgh,232.202,EH1 1YZ,"Providing clothing, warmth, and dignity to displaced families and individuals in crisis.",https://example.org/organizations/234,,organization234@example.org,for_profit,large,5,True,False,2026-05-25 20:48:13,2026-06-05 05:30:31
ORG-000-000-000-0235,Solidarity Alliance,"Mock organization 000235, Synthetic Lane",Kochi,101.17,682001,"Supporting elderly citizens with accessible transportation, groceries, and companionship.",https://example.org/organizations/235,,organization235@example.org,non_profit,small,2,False,True,2026-04-09 23:22:45,2026-04-10 12:04:19
ORG-000-000-000-0236,Beacon Exchange,"Mock organization 000236, Synthetic Lane",San Diego,233.7,92101,"Enhancing public safety, disaster preparedness, and resilient neighborhood networks.",https://example.org/organizations/236,,organization236@example.org,non_profit,small,3,False,True,2026-04-05 20:38:50,2026-04-15 15:59:36
ORG-000-000-000-0237,NextGen Mysuru Services,"Mock organization 000237, Synthetic Lane",Mysuru,101.16,570001,Fostering sustainable livelihoods and vocational skills training for low-income households.,https://example.org/organizations/237,,organization237@example.org,non_profit,medium,2,False,True,2026-04-07 06:50:40,2026-04-11 17:22:44
ORG-000-000-000-0238,Frontier Outreach,"Mock organization 000238, Synthetic Lane",Edinburgh,232.202,EH1 1YZ,"Supporting elderly citizens with accessible transportation, groceries, and companionship.",https://example.org/organizations/238,,organization238@example.org,for_profit,large,1,False,False,2026-04-25 16:16:16,2026-05-24 06:39:32
ORG-000-000-000-0239,Civic Action Initiative,"Mock organization 000239, Synthetic Lane",Orlando,233.12,32801,"Providing clothing, warmth, and dignity to displaced families and individuals in crisis.",https://example.org/organizations/239,,organization239@example.org,non_profit,large,3,True,False,2026-06-21 03:13:28,2026-07-14 16:19:28
ORG-000-000-000-0240,Bridge of Hope Trust,"Mock organization 000240, Synthetic Lane",Kochi,101.17,682001,"Promoting community wellness, mental health support, and social welfare programs.",https://example.org/organizations/240,,organization240@example.org,non_profit,small,5,False,False,2026-03-25 07:24:51,2026-04-20 21:01:28
ORG-000-000-000-0241,New Horizons Collective,"Mock organization 000241, Synthetic Lane",Raleigh,233.43,27601,"Providing clothing, warmth, and dignity to displaced families and individuals in crisis.",https://example.org/organizations/241,,organization241@example.org,non_profit,large,5,True,False,2026-02-25 23:37:44,2026-03-03 16:31:14
ORG-000-000-000-0242,Sunrise Outreach,"Mock organization 000242, Synthetic Lane",Buffalo,233.42,14201,Mobilizing volunteers and resources to support crisis response and disaster recovery.,https://example.org/organizations/242,,organization242@example.org,for_profit,medium,2,True,True,2026-04-21 03:34:47,2026-05-07 10:20:03
ORG-000-000-000-0243,Sunrise Services,"Mock organization 000243, Synthetic Lane",San Antonio,233.56,78201,"Promoting community wellness, mental health support, and social welfare programs.",https://example.org/organizations/243,,organization243@example.org,non_profit,large,4,True,True,2026-02-18 02:50:06,2026-02-24 12:57:47
ORG-000-000-000-0244,Vitality Solutions,"Mock organization 000244, Synthetic Lane",London,232.88,EC1A 1BB,"Dedicated to providing essential food, shelter, and medical relief to underserved communities.",https://example.org/organizations/244,,organization244@example.org,for_profit,small,5,True,True,2026-03-27 00:59:03,2026-04-20 16:35:02
ORG-000-000-000-0245,Evergreen Services,"Mock organization 000245, Synthetic Lane",Spokane,233.63,99201,"Empowering youth and vulnerable families through education, mentorship, and emergency aid.",https://example.org/organizations/245,,organization245@example.org,non_profit,small,1,True,True,2026-02-11 08:01:04,2026-03-12 20:34:28
ORG-000-000-000-0246,Civic Action Relief Fund,"Mock organization 000246, Synthetic Lane",Detroit,233.30,48201,"Empowering youth and vulnerable families through education, mentorship, and emergency aid.",https://example.org/organizations/246,,organization246@example.org,non_profit,small,5,False,False,2026-02-05 08:35:05,2026-02-17 22:47:28
ORG-000-000-000-0247,Beacon Portland Association,"Mock organization 000247, Synthetic Lane",Portland,233.48,97201,"Dedicated to providing essential food, shelter, and medical relief to underserved communities.",https://example.org/organizations/247,,organization247@example.org,non_profit,large,3,False,True,2026-04-14 10:37:32,2026-04-16 11:28:02
ORG-000-000-000-0248,Civic Action Guild,"Mock organization 000248, Synthetic Lane",Tampa,233.12,33601,Mobilizing volunteers and resources to support crisis response and disaster recovery.,https://example.org/organizations/248,,organization248@example.org,non_profit,medium,3,False,False,2026-04-19 11:02:00,2026-04-27 22:48:49
ORG-000-000-000-0249,Harbor Aid Relief Fund,"Mock organization 000249, Synthetic Lane",San Francisco,233.7,94102,Mobilizing volunteers and resources to support crisis response and disaster recovery.,https://example.org/organizations/249,,organization249@example.org,non_profit,medium,3,False,False,2026-03-21 10:21:01,2026-04-19 19:23:28
ORG-000-000-000-0250,Bridge of Hope Relief Fund,"Mock organization 000250, Synthetic Lane",Raleigh,233.43,27601,"Enhancing public safety, disaster preparedness, and resilient neighborhood networks.",https://example.org/organizations/250,,organization250@example.org,for_profit,small,1,True,False,2026-03-13 17:55:05,2026-03-17 14:40:58
ORG-000-000-000-0251,Helping Hearts Association,"Mock organization 000251, Synthetic Lane",Lyon,75.12,69001,"Dedicated to providing essential food, shelter, and medical relief to underserved communities.",https://example.org/organizations/251,,organization251@example.org,for_profit,large,3,True,False,2026-04-15 02:17:49,2026-05-11 11:47:51
ORG-000-000-000-0252,Alliance Foundation,"Mock organization 000252, Synthetic Lane",Bengaluru,101.16,560001,Connecting community volunteers with individuals in need of urgent daily assistance.,https://example.org/organizations/252,,organization252@example.org,non_profit,medium,4,True,False,2026-04-07 12:24:34,2026-05-01 18:01:13
ORG-000-000-000-0253,Evergreen Philadelphia Relief Fund,"Mock organization 000253, Synthetic Lane",Philadelphia,233.50,19101,Advancing localized humanitarian impact through collaborative volunteer action.,https://example.org/organizations/253,,organization253@example.org,for_profit,small,5,True,False,2026-04-10 01:33:57,2026-05-07 04:10:04
ORG-000-000-000-0254,NextGen Solutions,"Mock organization 000254, Synthetic Lane",Mumbai,101.21,400001,Advancing localized humanitarian impact through collaborative volunteer action.,https://example.org/organizations/254,,organization254@example.org,non_profit,medium,1,False,False,2026-02-21 19:29:54,2026-02-25 03:06:23
ORG-000-000-000-0255,Frontier Foundation,"Mock organization 000255, Synthetic Lane",Lyon,75.12,69001,Advancing localized humanitarian impact through collaborative volunteer action.,https://example.org/organizations/255,,organization255@example.org,non_profit,small,1,True,True,2026-03-27 06:48:22,2026-04-15 16:43:02
ORG-000-000-000-0256,New Horizons Bengaluru Guild,"Mock organization 000256, Synthetic Lane",Bengaluru,101.16,560001,Mobilizing volunteers and resources to support crisis response and disaster recovery.,https://example.org/organizations/256,,organization256@example.org,for_profit,small,3,True,True,2026-05-09 02:23:59,2026-05-15 00:28:49
ORG-000-000-000-0257,Open Door Detroit Trust,"Mock organization 000257, Synthetic Lane",Detroit,233.30,48201,"Providing clothing, warmth, and dignity to displaced families and individuals in crisis.",https://example.org/organizations/257,,organization257@example.org,for_profit,small,4,False,False,2026-03-11 06:05:42,2026-03-17 03:37:00
ORG-000-000-000-0258,Alliance Portland Alliance,"Mock organization 000258, Synthetic Lane",Portland,233.48,97201,"Empowering youth and vulnerable families through education, mentorship, and emergency aid.",https://example.org/organizations/258,,organization258@example.org,non_profit,large,5,True,False,2026-02-14 03:45:37,2026-03-03 07:54:04
ORG-000-000-000-0259,Evergreen Alliance,"Mock organization 000259, Synthetic Lane",Tampa,233.12,33601,Mobilizing volunteers and resources to support crisis response and disaster recovery.,https://example.org/organizations/259,,organization259@example.org,for_profit,medium,5,True,False,2026-02-10 06:56:58,2026-02-21 13:43:44
ORG-000-000-000-0260,Sunrise Phoenix Services,"Mock organization 000260, Synthetic Lane",Phoenix,233.4,85001,"Empowering youth and vulnerable families through education, mentorship, and emergency aid.",https://example.org/organizations/260,,organization260@example.org,for_profit,large,3,False,False,2026-02-09 18:27:49,2026-03-03 07:35:49
ORG-000-000-000-0261,New Horizons Services,"Mock organization 000261, Synthetic Lane",Frankfurt,82.7,60311,Mobilizing volunteers and resources to support crisis response and disaster recovery.,https://example.org/organizations/261,,organization261@example.org,for_profit,medium,1,True,True,2026-02-14 04:25:14,2026-02-28 18:51:31
ORG-000-000-000-0262,Community First Melbourne Outreach,"Mock organization 000262, Synthetic Lane",Melbourne,14.7,3000,Mobilizing volunteers and resources to support crisis response and disaster recovery.,https://example.org/organizations/262,,organization262@example.org,non_profit,small,3,False,True,2026-04-11 13:58:35,2026-05-07 15:19:31
ORG-000-000-000-0263,Sunrise Glasgow Foundation,"Mock organization 000263, Synthetic Lane",Glasgow,232.202,G1 1XQ,"Dedicated to providing essential food, shelter, and medical relief to underserved communities.",https://example.org/organizations/263,,organization263@example.org,non_profit,medium,5,True,True,2026-05-06 16:45:28,2026-05-16 22:50:36
ORG-000-000-000-0264,Beacon Relief Fund,"Mock organization 000264, Synthetic Lane",Charlotte,233.43,28201,"Providing clothing, warmth, and dignity to displaced families and individuals in crisis.",https://example.org/organizations/264,,organization264@example.org,for_profit,small,4,True,True,2026-05-19 19:35:41,2026-06-18 14:23:44
ORG-000-000-000-0265,Caring Hands Corps,"Mock organization 000265, Synthetic Lane",New York,233.42,10001,Connecting community volunteers with individuals in need of urgent daily assistance.,https://example.org/organizations/265,,organization265@example.org,non_profit,large,2,False,True,2026-05-04 10:20:11,2026-05-22 15:25:58
ORG-000-000-000-0266,Community First Paris Care Project,"Mock organization 000266, Synthetic Lane",Paris,75.60,75001,"Promoting community wellness, mental health support, and social welfare programs.",https://example.org/organizations/266,,organization266@example.org,for_profit,small,5,True,True,2026-02-15 09:29:04,2026-03-05 18:06:24
ORG-000-000-000-0267,Global Hope Foundation,"Mock organization 000267, Synthetic Lane",Manchester,232.88,M1 1AE,"Supporting elderly citizens with accessible transportation, groceries, and companionship.",https://example.org/organizations/267,,organization267@example.org,for_profit,large,1,False,False,2026-05-11 17:14:51,2026-06-08 06:24:42
ORG-000-000-000-0268,NextGen Outreach,"Mock organization 000268, Synthetic Lane",Chennai,101.31,600001,"Enhancing public safety, disaster preparedness, and resilient neighborhood networks.",https://example.org/organizations/268,,organization268@example.org,non_profit,medium,3,True,False,2026-03-19 23:49:07,2026-04-06 15:42:53
ORG-000-000-000-0269,Alliance New York Collective,"Mock organization 000269, Synthetic Lane",New York,233.42,10001,Mobilizing volunteers and resources to support crisis response and disaster recovery.,https://example.org/organizations/269,,organization269@example.org,for_profit,small,3,True,True,2026-05-23 07:49:04,2026-05-24 20:05:25
ORG-000-000-000-0270,United Relief Los Angeles Care Project,"Mock organization 000270, Synthetic Lane",Los Angeles,233.7,90001,"Providing clothing, warmth, and dignity to displaced families and individuals in crisis.",https://example.org/organizations/270,,organization270@example.org,for_profit,small,2,True,False,2026-03-23 14:56:50,2026-04-07 23:25:06
ORG-000-000-000-0271,Golden Bridge Society,"Mock organization 000271, Synthetic Lane",Bengaluru,101.16,560001,Connecting community volunteers with individuals in need of urgent daily assistance.,https://example.org/organizations/271,,organization271@example.org,non_profit,medium,5,True,False,2026-03-22 01:27:02,2026-04-09 08:55:14
ORG-000-000-000-0272,Vitality New Delhi Society,"Mock organization 000272, Synthetic Lane",New Delhi,101.9,110001,Fostering sustainable livelihoods and vocational skills training for low-income households.,https://example.org/organizations/272,,organization272@example.org,for_profit,large,5,True,False,2026-03-10 18:51:14,2026-03-27 02:50:05
ORG-000-000-000-0273,Solidarity Association,"Mock organization 000273, Synthetic Lane",Marseille,75.96,13001,"Enhancing public safety, disaster preparedness, and resilient neighborhood networks.",https://example.org/organizations/273,,organization273@example.org,non_profit,large,1,False,False,2026-02-23 22:52:28,2026-03-07 18:37:31
ORG-000-000-000-0274,Open Door Outreach,"Mock organization 000274, Synthetic Lane",Philadelphia,233.50,19101,Advancing localized humanitarian impact through collaborative volunteer action.,https://example.org/organizations/274,,organization274@example.org,for_profit,medium,1,False,False,2026-03-10 14:36:11,2026-03-11 00:14:13
ORG-000-000-000-0275,Pinnacle Care Mysuru Trust,"Mock organization 000275, Synthetic Lane",Mysuru,101.16,570001,"Empowering youth and vulnerable families through education, mentorship, and emergency aid.",https://example.org/organizations/275,,organization275@example.org,non_profit,medium,3,True,True,2026-03-20 11:05:06,2026-04-09 04:54:38
ORG-000-000-000-0276,Frontier Charity,"Mock organization 000276, Synthetic Lane",Melbourne,14.7,3000,Advancing localized humanitarian impact through collaborative volunteer action.,https://example.org/organizations/276,,organization276@example.org,non_profit,small,3,False,False,2026-05-18 20:03:43,2026-06-17 19:14:53
ORG-000-000-000-0277,Global Hope Relief Fund,"Mock organization 000277, Synthetic Lane",Jaipur,101.29,302001,Advancing localized humanitarian impact through collaborative volunteer action.,https://example.org/organizations/277,,organization277@example.org,for_profit,small,3,False,True,2026-05-19 13:00:57,2026-05-23 01:43:05
ORG-000-000-000-0278,Harbor Aid San Antonio Trust,"Mock organization 000278, Synthetic Lane",San Antonio,233.56,78201,Advancing localized humanitarian impact through collaborative volunteer action.,https://example.org/organizations/278,,organization278@example.org,for_profit,small,1,True,False,2026-05-31 06:58:03,2026-06-03 15:18:10
ORG-000-000-000-0279,Compassion Boston Alliance,"Mock organization 000279, Synthetic Lane",Boston,233.29,02108,Connecting community volunteers with individuals in need of urgent daily assistance.,https://example.org/organizations/279,,organization279@example.org,for_profit,medium,5,False,True,2026-04-20 17:02:53,2026-05-11 17:09:41
ORG-000-000-000-0280,Pathway Minneapolis Coalition,"Mock organization 000280, Synthetic Lane",Minneapolis,233.32,55401,Mobilizing volunteers and resources to support crisis response and disaster recovery.,https://example.org/organizations/280,,organization280@example.org,for_profit,large,5,True,False,2026-05-26 07:37:43,2026-06-10 22:18:44
ORG-000-000-000-0281,Helping Hearts Network,"Mock organization 000281, Synthetic Lane",Marseille,75.96,13001,"Dedicated to providing essential food, shelter, and medical relief to underserved communities.",https://example.org/organizations/281,,organization281@example.org,non_profit,medium,3,True,False,2026-06-04 07:00:13,2026-07-03 17:57:50
ORG-000-000-000-0282,Global Hope Albany Partnership,"Mock organization 000282, Synthetic Lane",Albany,233.42,12201,Connecting community volunteers with individuals in need of urgent daily assistance.,https://example.org/organizations/282,,organization282@example.org,non_profit,small,2,False,True,2026-05-02 03:44:48,2026-05-14 06:48:52
ORG-000-000-000-0283,Unity Mysuru Exchange,"Mock organization 000283, Synthetic Lane",Mysuru,101.16,570001,"Empowering youth and vulnerable families through education, mentorship, and emergency aid.",https://example.org/organizations/283,,organization283@example.org,non_profit,large,3,True,False,2026-04-12 15:58:23,2026-05-11 22:34:44
ORG-000-000-000-0284,Community First Houston Care Project,"Mock organization 000284, Synthetic Lane",Houston,233.56,77001,"Enhancing public safety, disaster preparedness, and resilient neighborhood networks.",https://example.org/organizations/284,,organization284@example.org,non_profit,small,1,False,False,2026-05-12 02:00:41,2026-05-12 21:26:17
ORG-000-000-000-0285,Vitality Initiative,"Mock organization 000285, Synthetic Lane",Raleigh,233.43,27601,"Empowering youth and vulnerable families through education, mentorship, and emergency aid.",https://example.org/organizations/285,,organization285@example.org,for_profit,large,4,False,False,2026-03-07 06:57:15,2026-03-27 17:29:32
ORG-000-000-000-0286,Bridge of Hope Birmingham Services,"Mock organization 000286, Synthetic Lane",Birmingham,232.88,B1 1AA,"Promoting community wellness, mental health support, and social welfare programs.",https://example.org/organizations/286,,organization286@example.org,non_profit,large,3,False,False,2026-03-30 08:00:25,2026-04-20 06:29:49
ORG-000-000-000-0287,Evergreen Trust,"Mock organization 000287, Synthetic Lane",Ottawa,39.9,K1P 1J1,Connecting community volunteers with individuals in need of urgent daily assistance.,https://example.org/organizations/287,,organization287@example.org,non_profit,small,2,False,True,2026-03-12 23:13:24,2026-03-26 07:29:32
ORG-000-000-000-0288,Frontier Lyon Alliance,"Mock organization 000288, Synthetic Lane",Lyon,75.12,69001,Fostering sustainable livelihoods and vocational skills training for low-income households.,https://example.org/organizations/288,,organization288@example.org,non_profit,medium,5,False,True,2026-05-17 09:40:11,2026-06-14 15:16:55
ORG-000-000-000-0289,United Relief Society,"Mock organization 000289, Synthetic Lane",Vancouver,39.2,V6B 1A1,"Promoting community wellness, mental health support, and social welfare programs.",https://example.org/organizations/289,,organization289@example.org,for_profit,medium,1,True,True,2026-06-07 09:36:02,2026-07-04 20:33:59
ORG-000-000-000-0290,Bridge of Hope Initiative,"Mock organization 000290, Synthetic Lane",Charlotte,233.43,28201,Connecting community volunteers with individuals in need of urgent daily assistance.,https://example.org/organizations/290,,organization290@example.org,non_profit,small,5,False,False,2026-04-06 08:09:56,2026-04-11 07:15:20
ORG-000-000-000-0291,Harbor Aid Society,"Mock organization 000291, Synthetic Lane",Philadelphia,233.50,19101,Mobilizing volunteers and resources to support crisis response and disaster recovery.,https://example.org/organizations/291,,organization291@example.org,non_profit,medium,3,False,False,2026-06-12 02:35:50,2026-07-05 07:04:10
ORG-000-000-000-0292,New Horizons Frankfurt Alliance,"Mock organization 000292, Synthetic Lane",Frankfurt,82.7,60311,"Empowering youth and vulnerable families through education, mentorship, and emergency aid.",https://example.org/organizations/292,,organization292@example.org,non_profit,large,5,False,False,2026-03-29 20:02:14,2026-04-09 02:28:56
ORG-000-000-000-0293,Evergreen Calgary Foundation,"Mock organization 000293, Synthetic Lane",Calgary,39.1,T2P 0A1,Mobilizing volunteers and resources to support crisis response and disaster recovery.,https://example.org/organizations/293,,organization293@example.org,for_profit,medium,3,True,True,2026-04-10 22:29:56,2026-04-12 00:14:34
ORG-000-000-000-0294,Global Hope Outreach,"Mock organization 000294, Synthetic Lane",Austin,233.56,73301,"Empowering youth and vulnerable families through education, mentorship, and emergency aid.",https://example.org/organizations/294,,organization294@example.org,non_profit,medium,2,True,True,2026-04-02 14:27:44,2026-04-09 18:34:25
ORG-000-000-000-0295,Alliance Montreal Alliance,"Mock organization 000295, Synthetic Lane",Montreal,39.11,H2Y 1C6,"Empowering youth and vulnerable families through education, mentorship, and emergency aid.",https://example.org/organizations/295,,organization295@example.org,for_profit,large,1,False,True,2026-06-06 19:36:06,2026-06-25 07:42:55
ORG-000-000-000-0296,NextGen Volunteers,"Mock organization 000296, Synthetic Lane",Albany,233.42,12201,"Promoting community wellness, mental health support, and social welfare programs.",https://example.org/organizations/296,,organization296@example.org,for_profit,medium,5,True,False,2026-05-24 07:29:44,2026-06-13 08:40:29
ORG-000-000-000-0297,Caring Hands Birmingham Relief Fund,"Mock organization 000297, Synthetic Lane",Birmingham,232.88,B1 1AA,"Providing clothing, warmth, and dignity to displaced families and individuals in crisis.",https://example.org/organizations/297,,organization297@example.org,non_profit,large,1,False,True,2026-05-14 01:48:51,2026-06-12 22:27:45
ORG-000-000-000-0298,Beacon Guild,"Mock organization 000298, Synthetic Lane",Spokane,233.63,99201,"Enhancing public safety, disaster preparedness, and resilient neighborhood networks.",https://example.org/organizations/298,,organization298@example.org,non_profit,large,5,False,True,2026-05-18 16:21:56,2026-05-31 23:16:59
ORG-000-000-000-0299,Caring Hands Collective,"Mock organization 000299, Synthetic Lane",London,232.88,EC1A 1BB,Mobilizing volunteers and resources to support crisis response and disaster recovery.,https://example.org/organizations/299,,organization299@example.org,non_profit,large,4,True,True,2026-03-21 13:35:13,2026-04-16 18:53:47
ORG-000-000-000-0300,Solidarity Society,"Mock organization 000300, Synthetic Lane",Austin,233.56,73301,Mobilizing volunteers and resources to support crisis response and disaster recovery.,https://example.org/organizations/300,,organization300@example.org,non_profit,small,3,True,False,2026-04-20 23:17:41,2026-04-30 00:03:49
ORG-000-000-000-0301,Starlight Collective,"Mock organization 000301, Synthetic Lane",Sydney,14.2,2000,"Empowering youth and vulnerable families through education, mentorship, and emergency aid.",https://example.org/organizations/301,,organization301@example.org,non_profit,medium,3,True,True,2026-06-11 12:47:40,2026-06-12 01:55:42
ORG-000-000-000-0302,Compassion Initiative,"Mock organization 000302, Synthetic Lane",Jaipur,101.29,302001,Fostering sustainable livelihoods and vocational skills training for low-income households.,https://example.org/organizations/302,,organization302@example.org,non_profit,small,2,True,False,2026-05-20 19:54:59,2026-05-26 06:39:55
ORG-000-000-000-0303,Helping Hearts Care Project,"Mock organization 000303, Synthetic Lane",Buffalo,233.42,14201,"Promoting community wellness, mental health support, and social welfare programs.",https://example.org/organizations/303,,organization303@example.org,non_profit,small,5,True,False,2026-04-30 09:26:16,2026-05-17 06:38:16
ORG-000-000-000-0304,Community First Manchester Care Project,"Mock organization 000304, Synthetic Lane",Manchester,232.88,M1 1AE,Advancing localized humanitarian impact through collaborative volunteer action.,https://example.org/organizations/304,,organization304@example.org,non_profit,medium,4,False,False,2026-05-10 02:06:39,2026-06-02 00:20:47
ORG-000-000-000-0305,Beacon Foundation,"Mock organization 000305, Synthetic Lane",Vancouver,39.2,V6B 1A1,Mobilizing volunteers and resources to support crisis response and disaster recovery.,https://example.org/organizations/305,,organization305@example.org,non_profit,medium,1,False,False,2026-05-09 03:02:55,2026-05-15 21:40:42
ORG-000-000-000-0306,NextGen Coalition,"Mock organization 000306, Synthetic Lane",Brisbane,14.4,4000,"Empowering youth and vulnerable families through education, mentorship, and emergency aid.",https://example.org/organizations/306,,organization306@example.org,non_profit,medium,2,False,True,2026-06-09 20:25:10,2026-06-16 07:01:15
ORG-000-000-000-0307,Compassion Charity,"Mock organization 000307, Synthetic Lane",Calgary,39.1,T2P 0A1,"Enhancing public safety, disaster preparedness, and resilient neighborhood networks.",https://example.org/organizations/307,,organization307@example.org,for_profit,small,5,True,False,2026-05-14 01:56:23,2026-05-31 21:50:21
ORG-000-000-000-0308,Harbor Aid Initiative,"Mock organization 000308, Synthetic Lane",Philadelphia,233.50,19101,"Enhancing public safety, disaster preparedness, and resilient neighborhood networks.",https://example.org/organizations/308,,organization308@example.org,non_profit,large,4,True,True,2026-06-06 00:51:25,2026-06-21 11:14:28
ORG-000-000-000-0309,New Horizons Virginia Beach Association,"Mock organization 000309, Synthetic Lane",Virginia Beach,233.61,23450,Fostering sustainable livelihoods and vocational skills training for low-income households.,https://example.org/organizations/309,,organization309@example.org,for_profit,large,1,False,False,2026-05-14 14:43:19,2026-06-09 10:32:31
ORG-000-000-000-0310,Helping Hearts Edinburgh Corps,"Mock organization 000310, Synthetic Lane",Edinburgh,232.202,EH1 1YZ,"Enhancing public safety, disaster preparedness, and resilient neighborhood networks.",https://example.org/organizations/310,,organization310@example.org,for_profit,small,3,False,True,2026-05-23 14:08:54,2026-05-30 18:33:02
ORG-000-000-000-0311,Caring Hands Raleigh Network,"Mock organization 000311, Synthetic Lane",Raleigh,233.43,27601,Fostering sustainable livelihoods and vocational skills training for low-income households.,https://example.org/organizations/311,,organization311@example.org,non_profit,medium,2,False,True,2026-06-29 18:41:35,2026-07-29 11:01:52
ORG-000-000-000-0312,United Relief Manchester Charity,"Mock organization 000312, Synthetic Lane",Manchester,232.88,M1 1AE,"Providing clothing, warmth, and dignity to displaced families and individuals in crisis.",https://example.org/organizations/312,,organization312@example.org,non_profit,large,4,True,False,2026-04-16 04:15:46,2026-04-29 11:14:38
ORG-000-000-000-0313,Beacon Edinburgh Exchange,"Mock organization 000313, Synthetic Lane",Edinburgh,232.202,EH1 1YZ,Advancing localized humanitarian impact through collaborative volunteer action.,https://example.org/organizations/313,,organization313@example.org,for_profit,medium,2,True,False,2026-04-28 12:46:18,2026-05-18 03:58:14
ORG-000-000-000-0314,Bridge of Hope Phoenix Initiative,"Mock organization 000314, Synthetic Lane",Phoenix,233.4,85001,Connecting community volunteers with individuals in need of urgent daily assistance.,https://example.org/organizations/314,,organization314@example.org,non_profit,small,2,False,True,2026-04-04 06:15:04,2026-04-07 15:00:57
ORG-000-000-000-0315,Bridge of Hope Phoenix Collective,"Mock organization 000315, Synthetic Lane",Phoenix,233.4,85001,"Supporting elderly citizens with accessible transportation, groceries, and companionship.",https://example.org/organizations/315,,organization315@example.org,for_profit,small,3,False,False,2026-05-30 07:24:58,2026-06-28 18:01:41
ORG-000-000-000-0316,Kindred Spirit Tampa Trust,"Mock organization 000316, Synthetic Lane",Tampa,233.12,33601,"Supporting elderly citizens with accessible transportation, groceries, and companionship.",https://example.org/organizations/316,,organization316@example.org,for_profit,large,3,False,True,2026-05-17 15:27:23,2026-06-10 16:58:17
ORG-000-000-000-0317,Frontier Relief Fund,"Mock organization 000317, Synthetic Lane",Tampa,233.12,33601,Advancing localized humanitarian impact through collaborative volunteer action.,https://example.org/organizations/317,,organization317@example.org,for_profit,small,4,True,False,2026-04-18 10:11:21,2026-04-30 14:34:22
ORG-000-000-000-0318,Pathway Foundation,"Mock organization 000318, Synthetic Lane",Mysuru,101.16,570001,Advancing localized humanitarian impact through collaborative volunteer action.,https://example.org/organizations/318,,organization318@example.org,for_profit,large,3,True,False,2026-04-26 20:38:09,2026-05-10 15:28:32
ORG-000-000-000-0319,Frontier Chennai Relief Fund,"Mock organization 000319, Synthetic Lane",Chennai,101.31,600001,Fostering sustainable livelihoods and vocational skills training for low-income households.,https://example.org/organizations/319,,organization319@example.org,for_profit,small,1,True,True,2026-06-01 16:08:15,2026-06-17 08:58:00
ORG-000-000-000-0320,Caring Hands Partnership,"Mock organization 000320, Synthetic Lane",New Delhi,101.9,110001,Mobilizing volunteers and resources to support crisis response and disaster recovery.,https://example.org/organizations/320,,organization320@example.org,for_profit,small,3,True,False,2026-04-09 01:37:12,2026-04-19 15:28:09
ORG-000-000-000-0321,Civic Action Charity,"Mock organization 000321, Synthetic Lane",Dallas,233.56,75201,Fostering sustainable livelihoods and vocational skills training for low-income households.,https://example.org/organizations/321,,organization321@example.org,for_profit,medium,2,True,False,2026-03-29 21:14:42,2026-04-18 09:28:48
ORG-000-000-000-0322,Bridge of Hope Foundation,"Mock organization 000322, Synthetic Lane",Brisbane,14.4,4000,"Dedicated to providing essential food, shelter, and medical relief to underserved communities.",https://example.org/organizations/322,,organization322@example.org,non_profit,medium,5,False,True,2026-02-04 11:05:23,2026-02-27 21:33:28
ORG-000-000-000-0323,Vitality Marseille Partnership,"Mock organization 000323, Synthetic Lane",Marseille,75.96,13001,Connecting community volunteers with individuals in need of urgent daily assistance.,https://example.org/organizations/323,,organization323@example.org,non_profit,small,3,False,True,2026-03-15 00:51:29,2026-03-26 02:09:23
ORG-000-000-000-0324,Solidarity Solutions,"Mock organization 000324, Synthetic Lane",Manchester,232.88,M1 1AE,"Dedicated to providing essential food, shelter, and medical relief to underserved communities.",https://example.org/organizations/324,,organization324@example.org,non_profit,medium,2,True,True,2026-04-18 00:26:50,2026-05-02 14:23:37
ORG-000-000-000-0325,United Relief Berlin Society,"Mock organization 000325, Synthetic Lane",Berlin,82.3,10115,"Supporting elderly citizens with accessible transportation, groceries, and companionship.",https://example.org/organizations/325,,organization325@example.org,for_profit,medium,2,False,False,2026-04-17 18:26:12,2026-04-26 01:55:12
ORG-000-000-000-0326,Sunrise Initiative,"Mock organization 000326, Synthetic Lane",Albany,233.42,12201,"Dedicated to providing essential food, shelter, and medical relief to underserved communities.",https://example.org/organizations/326,,organization326@example.org,for_profit,small,4,True,True,2026-03-09 18:41:33,2026-04-06 20:43:35
ORG-000-000-000-0327,United Relief Solutions,"Mock organization 000327, Synthetic Lane",San Francisco,233.7,94102,Mobilizing volunteers and resources to support crisis response and disaster recovery.,https://example.org/organizations/327,,organization327@example.org,non_profit,small,3,True,False,2026-03-23 05:54:12,2026-03-28 08:21:13
ORG-000-000-000-0328,Unity Kolkata Society,"Mock organization 000328, Synthetic Lane",Kolkata,101.36,700001,Advancing localized humanitarian impact through collaborative volunteer action.,https://example.org/organizations/328,,organization328@example.org,non_profit,small,4,True,False,2026-02-13 09:12:07,2026-02-21 19:36:46
ORG-000-000-000-0329,Open Door Services,"Mock organization 000329, Synthetic Lane",Denver,233.8,80201,"Providing clothing, warmth, and dignity to displaced families and individuals in crisis.",https://example.org/organizations/329,,organization329@example.org,for_profit,small,1,True,False,2026-05-04 15:22:08,2026-05-20 14:01:30
ORG-000-000-000-0330,Bridge of Hope Berlin Coalition,"Mock organization 000330, Synthetic Lane",Berlin,82.3,10115,"Promoting community wellness, mental health support, and social welfare programs.",https://example.org/organizations/330,,organization330@example.org,non_profit,small,2,False,True,2026-04-25 03:12:57,2026-05-17 09:51:35
ORG-000-000-000-0331,Global Hope Association,"Mock organization 000331, Synthetic Lane",San Antonio,233.56,78201,Connecting community volunteers with individuals in need of urgent daily assistance.,https://example.org/organizations/331,,organization331@example.org,for_profit,large,2,False,True,2026-02-11 15:27:27,2026-02-15 08:59:49
ORG-000-000-000-0332,Community First Solutions,"Mock organization 000332, Synthetic Lane",Perth,14.8,6000,"Enhancing public safety, disaster preparedness, and resilient neighborhood networks.",https://example.org/organizations/332,,organization332@example.org,non_profit,small,5,False,True,2026-04-02 13:24:38,2026-04-23 19:14:45
ORG-000-000-000-0333,NextGen Alliance,"Mock organization 000333, Synthetic Lane",Ottawa,39.9,K1P 1J1,"Promoting community wellness, mental health support, and social welfare programs.",https://example.org/organizations/333,,organization333@example.org,for_profit,small,1,True,False,2026-02-12 12:25:06,2026-02-27 15:07:00
ORG-000-000-000-0334,Vitality Melbourne Society,"Mock organization 000334, Synthetic Lane",Melbourne,14.7,3000,"Providing clothing, warmth, and dignity to displaced families and individuals in crisis.",https://example.org/organizations/334,,organization334@example.org,non_profit,large,1,False,False,2026-04-29 16:34:55,2026-05-10 17:24:20
ORG-000-000-000-0335,Compassion Trust,"Mock organization 000335, Synthetic Lane",Mumbai,101.21,400001,"Supporting elderly citizens with accessible transportation, groceries, and companionship.",https://example.org/organizations/335,,organization335@example.org,for_profit,small,2,True,True,2026-04-28 12:09:10,2026-05-20 04:10:50
ORG-000-000-000-0336,Golden Bridge Exchange,"Mock organization 000336, Synthetic Lane",Buffalo,233.42,14201,Fostering sustainable livelihoods and vocational skills training for low-income households.,https://example.org/organizations/336,,organization336@example.org,for_profit,small,3,True,True,2026-02-23 07:22:25,2026-02-25 17:46:36
ORG-000-000-000-0337,Alliance Trust,"Mock organization 000337, Synthetic Lane",Berlin,82.3,10115,"Promoting community wellness, mental health support, and social welfare programs.",https://example.org/organizations/337,,organization337@example.org,for_profit,large,1,False,True,2026-04-24 07:30:55,2026-05-04 17:35:49
ORG-000-000-000-0338,Caring Hands Guild,"Mock organization 000338, Synthetic Lane",Kochi,101.17,682001,"Dedicated to providing essential food, shelter, and medical relief to underserved communities.",https://example.org/organizations/338,,organization338@example.org,for_profit,medium,4,False,True,2026-03-04 08:31:42,2026-03-17 18:46:36
ORG-000-000-000-0339,Unity Charity,"Mock organization 000339, Synthetic Lane",Hyderabad,101.32,500001,"Providing clothing, warmth, and dignity to displaced families and individuals in crisis.",https://example.org/organizations/339,,organization339@example.org,for_profit,small,1,True,True,2026-05-13 20:11:25,2026-06-11 00:14:57
ORG-000-000-000-0340,Unity Relief Fund,"Mock organization 000340, Synthetic Lane",Montreal,39.11,H2Y 1C6,"Promoting community wellness, mental health support, and social welfare programs.",https://example.org/organizations/340,,organization340@example.org,for_profit,large,3,False,True,2026-03-17 07:17:50,2026-04-06 14:20:13
ORG-000-000-000-0341,Sunrise Corps,"Mock organization 000341, Synthetic Lane",Atlanta,233.13,30301,"Empowering youth and vulnerable families through education, mentorship, and emergency aid.",https://example.org/organizations/341,,organization341@example.org,non_profit,large,1,False,True,2026-04-01 07:17:04,2026-04-04 14:53:53
ORG-000-000-000-0342,Bridge of Hope Marseille Trust,"Mock organization 000342, Synthetic Lane",Marseille,75.96,13001,Connecting community volunteers with individuals in need of urgent daily assistance.,https://example.org/organizations/342,,organization342@example.org,for_profit,medium,1,True,False,2026-04-22 14:37:20,2026-05-11 20:12:51
ORG-000-000-000-0343,Evergreen Denver Initiative,"Mock organization 000343, Synthetic Lane",Denver,233.8,80201,"Supporting elderly citizens with accessible transportation, groceries, and companionship.",https://example.org/organizations/343,,organization343@example.org,non_profit,small,1,False,True,2026-04-03 13:42:00,2026-04-06 14:21:55
ORG-000-000-000-0344,Kindred Spirit Charity,"Mock organization 000344, Synthetic Lane",Kochi,101.17,682001,Mobilizing volunteers and resources to support crisis response and disaster recovery.,https://example.org/organizations/344,,organization344@example.org,non_profit,small,3,True,True,2026-04-22 15:48:45,2026-05-11 00:46:24
ORG-000-000-000-0345,Harbor Aid Guild,"Mock organization 000345, Synthetic Lane",Philadelphia,233.50,19101,Advancing localized humanitarian impact through collaborative volunteer action.,https://example.org/organizations/345,,organization345@example.org,for_profit,medium,1,False,True,2026-02-18 13:27:31,2026-03-11 04:41:36
ORG-000-000-000-0346,Alliance Calgary Alliance,"Mock organization 000346, Synthetic Lane",Calgary,39.1,T2P 0A1,Mobilizing volunteers and resources to support crisis response and disaster recovery.,https://example.org/organizations/346,,organization346@example.org,for_profit,large,4,True,False,2026-03-26 06:36:33,2026-04-18 02:16:03
ORG-000-000-000-0347,Vitality Volunteers,"Mock organization 000347, Synthetic Lane",Kochi,101.17,682001,Connecting community volunteers with individuals in need of urgent daily assistance.,https://example.org/organizations/347,,organization347@example.org,non_profit,large,2,False,True,2026-02-26 03:05:40,2026-03-14 10:26:59
ORG-000-000-000-0348,Global Hope Seattle Collective,"Mock organization 000348, Synthetic Lane",Seattle,233.63,98101,Advancing localized humanitarian impact through collaborative volunteer action.,https://example.org/organizations/348,,organization348@example.org,for_profit,small,2,True,True,2026-02-17 13:07:37,2026-02-20 11:30:30
ORG-000-000-000-0349,Golden Bridge San Francisco Care Project,"Mock organization 000349, Synthetic Lane",San Francisco,233.7,94102,"Supporting elderly citizens with accessible transportation, groceries, and companionship.",https://example.org/organizations/349,,organization349@example.org,for_profit,medium,3,False,False,2026-04-15 08:45:03,2026-04-15 09:53:29
ORG-000-000-000-0350,Vitality Outreach,"Mock organization 000350, Synthetic Lane",Brisbane,14.4,4000,"Enhancing public safety, disaster preparedness, and resilient neighborhood networks.",https://example.org/organizations/350,,organization350@example.org,for_profit,medium,5,False,False,2026-04-06 17:36:28,2026-05-02 01:05:27
ORG-000-000-000-0351,Beacon Virginia Beach Volunteers,"Mock organization 000351, Synthetic Lane",Virginia Beach,233.61,23450,"Promoting community wellness, mental health support, and social welfare programs.",https://example.org/organizations/351,,organization351@example.org,for_profit,medium,4,True,False,2026-03-29 09:01:26,2026-04-08 19:23:46
ORG-000-000-000-0352,Helping Hearts Solutions,"Mock organization 000352, Synthetic Lane",Birmingham,232.88,B1 1AA,"Promoting community wellness, mental health support, and social welfare programs.",https://example.org/organizations/352,,organization352@example.org,non_profit,large,4,False,False,2026-05-05 13:29:28,2026-05-08 21:37:24
ORG-000-000-000-0353,New Horizons Jaipur Care Project,"Mock organization 000353, Synthetic Lane",Jaipur,101.29,302001,Mobilizing volunteers and resources to support crisis response and disaster recovery.,https://example.org/organizations/353,,organization353@example.org,for_profit,small,3,True,True,2026-05-16 19:37:29,2026-05-17 03:48:52
ORG-000-000-000-0354,Caring Hands Denver Alliance,"Mock organization 000354, Synthetic Lane",Denver,233.8,80201,"Providing clothing, warmth, and dignity to displaced families and individuals in crisis.",https://example.org/organizations/354,,organization354@example.org,non_profit,medium,4,True,False,2026-03-28 15:05:54,2026-04-11 00:45:12
ORG-000-000-000-0355,NextGen Exchange,"Mock organization 000355, Synthetic Lane",Marseille,75.96,13001,"Providing clothing, warmth, and dignity to displaced families and individuals in crisis.",https://example.org/organizations/355,,organization355@example.org,for_profit,large,4,False,False,2026-04-13 05:27:15,2026-04-25 22:49:03
ORG-000-000-000-0356,Unity Orlando Society,"Mock organization 000356, Synthetic Lane",Orlando,233.12,32801,Fostering sustainable livelihoods and vocational skills training for low-income households.,https://example.org/organizations/356,,organization356@example.org,for_profit,small,3,True,False,2026-05-04 03:37:15,2026-05-30 01:53:08
ORG-000-000-000-0357,Sunrise Partnership,"Mock organization 000357, Synthetic Lane",Edinburgh,232.202,EH1 1YZ,Advancing localized humanitarian impact through collaborative volunteer action.,https://example.org/organizations/357,,organization357@example.org,for_profit,medium,2,False,False,2026-03-26 08:33:48,2026-04-24 05:27:30
ORG-000-000-000-0358,Vitality Alliance,"Mock organization 000358, Synthetic Lane",Birmingham,232.88,B1 1AA,Mobilizing volunteers and resources to support crisis response and disaster recovery.,https://example.org/organizations/358,,organization358@example.org,non_profit,small,5,False,False,2026-03-11 03:46:30,2026-03-20 11:23:12
ORG-000-000-000-0359,Vitality Berlin Collective,"Mock organization 000359, Synthetic Lane",Berlin,82.3,10115,Advancing localized humanitarian impact through collaborative volunteer action.,https://example.org/organizations/359,,organization359@example.org,for_profit,small,2,True,True,2026-02-25 02:28:08,2026-02-27 17:12:19
ORG-000-000-000-0360,Kindred Spirit Initiative,"Mock organization 000360, Synthetic Lane",Albany,233.42,12201,"Supporting elderly citizens with accessible transportation, groceries, and companionship.",https://example.org/organizations/360,,organization360@example.org,for_profit,medium,5,False,True,2026-04-02 04:45:50,2026-04-19 19:09:11
ORG-000-000-000-0361,New Horizons Mumbai Services,"Mock organization 000361, Synthetic Lane",Mumbai,101.21,400001,Mobilizing volunteers and resources to support crisis response and disaster recovery.,https://example.org/organizations/361,,organization361@example.org,non_profit,small,1,True,False,2026-04-02 02:27:54,2026-04-15 01:52:53
ORG-000-000-000-0362,United Relief Exchange,"Mock organization 000362, Synthetic Lane",Sacramento,233.7,95814,"Promoting community wellness, mental health support, and social welfare programs.",https://example.org/organizations/362,,organization362@example.org,non_profit,small,2,False,True,2026-03-15 11:13:46,2026-04-04 03:35:40
ORG-000-000-000-0363,Open Door Philadelphia Collective,"Mock organization 000363, Synthetic Lane",Philadelphia,233.50,19101,Advancing localized humanitarian impact through collaborative volunteer action.,https://example.org/organizations/363,,organization363@example.org,for_profit,small,3,False,False,2026-02-28 01:27:51,2026-03-03 10:27:27
ORG-000-000-000-0364,Compassion Network,"Mock organization 000364, Synthetic Lane",Ahmedabad,101.11,380001,Fostering sustainable livelihoods and vocational skills training for low-income households.,https://example.org/organizations/364,,organization364@example.org,for_profit,large,3,True,False,2026-05-28 18:25:24,2026-06-07 04:30:28
ORG-000-000-000-0365,Vitality Chicago Guild,"Mock organization 000365, Synthetic Lane",Chicago,233.18,60601,Connecting community volunteers with individuals in need of urgent daily assistance.,https://example.org/organizations/365,,organization365@example.org,non_profit,small,3,True,True,2026-04-22 13:59:42,2026-04-28 08:02:36
ORG-000-000-000-0366,Compassion Association,"Mock organization 000366, Synthetic Lane",Miami,233.12,33101,"Supporting elderly citizens with accessible transportation, groceries, and companionship.",https://example.org/organizations/366,,organization366@example.org,for_profit,small,3,False,True,2026-05-24 11:01:19,2026-06-03 08:43:47
ORG-000-000-000-0367,New Horizons Volunteers,"Mock organization 000367, Synthetic Lane",Edinburgh,232.202,EH1 1YZ,"Providing clothing, warmth, and dignity to displaced families and individuals in crisis.",https://example.org/organizations/367,,organization367@example.org,for_profit,large,1,True,False,2026-06-02 06:57:09,2026-06-26 13:52:26
ORG-000-000-000-0368,Golden Bridge Corps,"Mock organization 000368, Synthetic Lane",Portland,233.48,97201,"Dedicated to providing essential food, shelter, and medical relief to underserved communities.",https://example.org/organizations/368,,organization368@example.org,non_profit,large,1,False,False,2026-04-09 10:29:16,2026-04-17 10:31:35
ORG-000-000-000-0369,Pinnacle Care Initiative,"Mock organization 000369, Synthetic Lane",Spokane,233.63,99201,Mobilizing volunteers and resources to support crisis response and disaster recovery.,https://example.org/organizations/369,,organization369@example.org,non_profit,large,3,True,True,2026-03-26 01:39:17,2026-04-13 02:04:38
ORG-000-000-000-0370,Harbor Aid San Antonio Trust,"Mock organization 000370, Synthetic Lane",San Antonio,233.56,78201,Mobilizing volunteers and resources to support crisis response and disaster recovery.,https://example.org/organizations/370,,organization370@example.org,non_profit,small,2,True,True,2026-03-07 12:01:08,2026-03-21 14:26:44
ORG-000-000-000-0371,Compassion Buffalo Coalition,"Mock organization 000371, Synthetic Lane",Buffalo,233.42,14201,"Dedicated to providing essential food, shelter, and medical relief to underserved communities.",https://example.org/organizations/371,,organization371@example.org,non_profit,small,2,True,False,2026-04-28 22:28:04,2026-05-28 10:35:46
ORG-000-000-000-0372,Civic Action Lyon Outreach,"Mock organization 000372, Synthetic Lane",Lyon,75.12,69001,Connecting community volunteers with individuals in need of urgent daily assistance.,https://example.org/organizations/372,,organization372@example.org,non_profit,medium,4,True,False,2026-05-26 03:22:48,2026-06-08 13:38:45
ORG-000-000-000-0373,Community First Alliance,"Mock organization 000373, Synthetic Lane",Toronto,39.9,M5H 2N2,Fostering sustainable livelihoods and vocational skills training for low-income households.,https://example.org/organizations/373,,organization373@example.org,for_profit,small,1,True,True,2026-04-08 07:37:35,2026-04-19 08:30:06
ORG-000-000-000-0374,Helping Hearts Foundation,"Mock organization 000374, Synthetic Lane",Dallas,233.56,75201,"Promoting community wellness, mental health support, and social welfare programs.",https://example.org/organizations/374,,organization374@example.org,for_profit,large,2,True,True,2026-05-18 17:29:04,2026-06-12 13:20:51
ORG-000-000-000-0375,Golden Bridge Foundation,"Mock organization 000375, Synthetic Lane",Calgary,39.1,T2P 0A1,"Empowering youth and vulnerable families through education, mentorship, and emergency aid.",https://example.org/organizations/375,,organization375@example.org,for_profit,large,2,True,True,2026-04-17 09:56:23,2026-04-19 21:25:15
ORG-000-000-000-0376,Starlight Volunteers,"Mock organization 000376, Synthetic Lane",Paris,75.60,75001,Fostering sustainable livelihoods and vocational skills training for low-income households.,https://example.org/organizations/376,,organization376@example.org,for_profit,large,1,False,False,2026-04-22 16:26:06,2026-05-19 06:16:59
ORG-000-000-000-0377,Evergreen Partnership,"Mock organization 000377, Synthetic Lane",Kolkata,101.36,700001,"Dedicated to providing essential food, shelter, and medical relief to underserved communities.",https://example.org/organizations/377,,organization377@example.org,for_profit,medium,5,True,False,2026-04-02 05:30:40,2026-04-08 12:52:12
ORG-000-000-000-0378,Beacon Alliance,"Mock organization 000378, Synthetic Lane",Hamburg,82.6,20095,Mobilizing volunteers and resources to support crisis response and disaster recovery.,https://example.org/organizations/378,,organization378@example.org,for_profit,large,1,False,False,2026-05-04 01:18:45,2026-05-14 22:17:17
ORG-000-000-000-0379,Starlight Glasgow Services,"Mock organization 000379, Synthetic Lane",Glasgow,232.202,G1 1XQ,"Promoting community wellness, mental health support, and social welfare programs.",https://example.org/organizations/379,,organization379@example.org,for_profit,small,2,False,True,2026-04-07 11:08:05,2026-04-11 03:11:12
ORG-000-000-000-0380,Harbor Aid Bengaluru Collective,"Mock organization 000380, Synthetic Lane",Bengaluru,101.16,560001,"Dedicated to providing essential food, shelter, and medical relief to underserved communities.",https://example.org/organizations/380,,organization380@example.org,non_profit,large,3,False,True,2026-06-09 10:29:54,2026-06-11 13:25:46
ORG-000-000-000-0381,Unity Initiative,"Mock organization 000381, Synthetic Lane",Pune,101.21,411001,"Promoting community wellness, mental health support, and social welfare programs.",https://example.org/organizations/381,,organization381@example.org,non_profit,medium,1,False,False,2026-04-09 03:20:47,2026-04-13 19:51:53
ORG-000-000-000-0382,Evergreen San Antonio Services,"Mock organization 000382, Synthetic Lane",San Antonio,233.56,78201,"Supporting elderly citizens with accessible transportation, groceries, and companionship.",https://example.org/organizations/382,,organization382@example.org,for_profit,large,3,True,True,2026-05-28 22:11:10,2026-05-29 19:35:04
ORG-000-000-000-0383,United Relief Services,"Mock organization 000383, Synthetic Lane",Richmond,233.61,23219,"Empowering youth and vulnerable families through education, mentorship, and emergency aid.",https://example.org/organizations/383,,organization383@example.org,for_profit,small,4,False,False,2026-06-03 04:24:54,2026-06-11 09:23:06
ORG-000-000-000-0384,Starlight Toronto Foundation,"Mock organization 000384, Synthetic Lane",Toronto,39.9,M5H 2N2,"Providing clothing, warmth, and dignity to displaced families and individuals in crisis.",https://example.org/organizations/384,,organization384@example.org,non_profit,small,3,False,False,2026-05-15 08:19:32,2026-06-06 11:51:04
ORG-000-000-000-0385,New Horizons Trust,"Mock organization 000385, Synthetic Lane",Kolkata,101.36,700001,"Dedicated to providing essential food, shelter, and medical relief to underserved communities.",https://example.org/organizations/385,,organization385@example.org,for_profit,medium,1,True,True,2026-05-08 03:43:24,2026-05-29 19:26:46
ORG-000-000-000-0386,Alliance Sacramento Trust,"Mock organization 000386, Synthetic Lane",Sacramento,233.7,95814,"Promoting community wellness, mental health support, and social welfare programs.",https://example.org/organizations/386,,organization386@example.org,for_profit,medium,3,True,False,2026-05-16 04:42:13,2026-05-23 00:38:51
ORG-000-000-000-0387,Pinnacle Care Volunteers,"Mock organization 000387, Synthetic Lane",Toronto,39.9,M5H 2N2,"Promoting community wellness, mental health support, and social welfare programs.",https://example.org/organizations/387,,organization387@example.org,for_profit,small,4,False,False,2026-05-02 13:10:58,2026-05-17 20:47:07
ORG-000-000-000-0388,Civic Action Network,"Mock organization 000388, Synthetic Lane",San Francisco,233.7,94102,"Enhancing public safety, disaster preparedness, and resilient neighborhood networks.",https://example.org/organizations/388,,organization388@example.org,for_profit,large,1,True,True,2026-03-28 04:23:36,2026-04-03 21:33:13
ORG-000-000-000-0389,Caring Hands Richmond Network,"Mock organization 000389, Synthetic Lane",Richmond,233.61,23219,Connecting community volunteers with individuals in need of urgent daily assistance.,https://example.org/organizations/389,,organization389@example.org,for_profit,small,1,True,False,2026-05-05 05:44:37,2026-05-22 08:59:04
ORG-000-000-000-0390,Harbor Aid Services,"Mock organization 000390, Synthetic Lane",Miami,233.12,33101,"Enhancing public safety, disaster preparedness, and resilient neighborhood networks.",https://example.org/organizations/390,,organization390@example.org,non_profit,large,3,True,True,2026-05-20 20:04:21,2026-06-18 03:21:00
ORG-000-000-000-0391,Global Hope Guild,"Mock organization 000391, Synthetic Lane",Nagpur,101.21,440001,Connecting community volunteers with individuals in need of urgent daily assistance.,https://example.org/organizations/391,,organization391@example.org,non_profit,small,2,True,True,2026-06-19 01:48:54,2026-06-20 18:51:11
ORG-000-000-000-0392,Vitality Chennai Society,"Mock organization 000392, Synthetic Lane",Chennai,101.31,600001,Mobilizing volunteers and resources to support crisis response and disaster recovery.,https://example.org/organizations/392,,organization392@example.org,non_profit,large,1,True,True,2026-04-09 13:50:04,2026-04-25 11:37:22
ORG-000-000-000-0393,Bridge of Hope Nagpur Charity,"Mock organization 000393, Synthetic Lane",Nagpur,101.21,440001,Connecting community volunteers with individuals in need of urgent daily assistance.,https://example.org/organizations/393,,organization393@example.org,non_profit,medium,5,False,False,2026-05-19 17:57:00,2026-05-24 04:45:37
ORG-000-000-000-0394,NextGen Albany Trust,"Mock organization 000394, Synthetic Lane",Albany,233.42,12201,Fostering sustainable livelihoods and vocational skills training for low-income households.,https://example.org/organizations/394,,organization394@example.org,non_profit,medium,3,False,True,2026-06-24 08:02:50,2026-07-10 21:14:26
ORG-000-000-000-0395,NextGen Sydney Solutions,"Mock organization 000395, Synthetic Lane",Sydney,14.2,2000,"Supporting elderly citizens with accessible transportation, groceries, and companionship.",https://example.org/organizations/395,,organization395@example.org,for_profit,small,3,False,False,2026-06-20 20:18:55,2026-07-07 21:06:14
ORG-000-000-000-0396,Starlight Charity,"Mock organization 000396, Synthetic Lane",Vancouver,39.2,V6B 1A1,Advancing localized humanitarian impact through collaborative volunteer action.,https://example.org/organizations/396,,organization396@example.org,for_profit,large,2,True,False,2026-06-24 13:07:39,2026-06-30 13:53:38
ORG-000-000-000-0397,United Relief Alliance,"Mock organization 000397, Synthetic Lane",Raleigh,233.43,27601,"Empowering youth and vulnerable families through education, mentorship, and emergency aid.",https://example.org/organizations/397,,organization397@example.org,non_profit,small,1,False,True,2026-04-07 17:10:39,2026-04-18 12:44:52
ORG-000-000-000-0398,Caring Hands Association,"Mock organization 000398, Synthetic Lane",Montreal,39.11,H2Y 1C6,"Supporting elderly citizens with accessible transportation, groceries, and companionship.",https://example.org/organizations/398,,organization398@example.org,non_profit,small,4,False,True,2026-07-09 21:37:39,2026-08-04 06:16:56
ORG-000-000-000-0399,Pathway Chennai Collective,"Mock organization 000399, Synthetic Lane",Chennai,101.31,600001,"Empowering youth and vulnerable families through education, mentorship, and emergency aid.",https://example.org/organizations/399,,organization399@example.org,non_profit,large,2,True,True,2026-04-11 15:56:27,2026-04-29 16:22:28
ORG-000-000-000-0400,Pathway Toronto Alliance,"Mock organization 000400, Synthetic Lane",Toronto,39.9,M5H 2N2,"Dedicated to providing essential food, shelter, and medical relief to underserved communities.",https://example.org/organizations/400,,organization400@example.org,non_profit,small,3,True,True,2026-03-25 18:12:34,2026-04-11 15:25:29
