state_id,country_id,state_name,state_code,last_updated_at
100.1,100,CAPITAL_REGION,NULL,2026-01-15 08:00:00
100.2,100,EASTERN_REGION,NULL,2026-01-15 08:00:00
100.3,100,NORTHEASTERN_REGION,NULL,2026-01-15 08:00:00
100.4,100,NORTHWESTERN_REGION,NULL,2026-01-15 08:00:00
100.5,100,SOUTHERN_PENINSULA_REGION,NULL,2026-01-15 08:00:00
100.6,100,SOUTHERN_REGION,NULL,2026-01-15 08:00:00
100.7,100,WESTERN_REGION,NULL,2026-01-15 08:00:00
100.8,100,WESTFJORDS,NULL,2026-01-15 08:00:00
10.1,10,BARBUDA,NULL,2026-01-15 08:00:00
101.1,101,ANDAMAN_AND_NICOBAR_ISLANDS,AN,2026-01-15 08:00:00
101.10,101,GOA,GA,2026-01-15 08:00:00
101.11,101,GUJARAT,GJ,2026-01-15 08:00:00
101.12,101,HARYANA,HR,2026-01-15 08:00:00
101.13,101,HIMACHAL_PRADESH,HP,2026-01-15 08:00:00
101.14,101,JAMMU_AND_KASHMIR,JK,2026-01-15 08:00:00
101.15,101,JHARKHAND,JH,2026-01-15 08:00:00
101.16,101,KARNATAKA,KA,2026-01-15 08:00:00
101.17,101,KERALA,KL,2026-01-15 08:00:00
101.18,101,LADAKH,LA,2026-01-15 08:00:00
101.19,101,LAKSHADWEEP,LD,2026-01-15 08:00:00
101.2,101,ANDHRA_PRADESH,AP,2026-01-15 08:00:00
101.20,101,MADHYA_PRADESH,MP,2026-01-15 08:00:00
101.21,101,MAHARASHTRA,MH,2026-01-15 08:00:00
101.22,101,MANIPUR,MN,2026-01-15 08:00:00
101.23,101,MEGHALAYA,ML,2026-01-15 08:00:00
101.24,101,MIZORAM,MZ,2026-01-15 08:00:00
101.25,101,NAGALAND,NL,2026-01-15 08:00:00
101.26,101,ODISHA,OR,2026-01-15 08:00:00
101.27,101,PUDUCHERRY,PY,2026-01-15 08:00:00
101.28,101,PUNJAB,PB,2026-01-15 08:00:00
101.29,101,RAJASTHAN,RJ,2026-01-15 08:00:00
101.3,101,ARUNACHAL_PRADESH,AR,2026-01-15 08:00:00
101.30,101,SIKKIM,SK,2026-01-15 08:00:00
101.31,101,TAMIL_NADU,TN,2026-01-15 08:00:00
101.32,101,TELANGANA,TG,2026-01-15 08:00:00
101.33,101,TRIPURA,TR,2026-01-15 08:00:00
101.34,101,UTTAR_PRADESH,UP,2026-01-15 08:00:00
101.35,101,UTTARAKHAND,UT,2026-01-15 08:00:00
101.36,101,WEST_BENGAL,WB,2026-01-15 08:00:00
101.4,101,ASSAM,AS,2026-01-15 08:00:00
101.5,101,BIHAR,BR,2026-01-15 08:00:00
101.6,101,CHANDIGARH,CH,2026-01-15 08:00:00
101.7,101,CHHATTISGARH,CT,2026-01-15 08:00:00
101.8,101,DADRA_AND_NAGAR_HAVELI_AND_DAMAN_AND_DIU,DH,2026-01-15 08:00:00
101.9,101,DELHI,DL,2026-01-15 08:00:00
10.2,10,REDONDA,NULL,2026-01-15 08:00:00
102.1,102,ACEH,AC,2026-01-15 08:00:00
102.10,102,JAWA_TENGAH,JT,2026-01-15 08:00:00
102.11,102,JAWA_TIMUR,JI,2026-01-15 08:00:00
102.12,102,KALIMANTAN_BARAT,KB,2026-01-15 08:00:00
102.13,102,KALIMANTAN_SELATAN,KS,2026-01-15 08:00:00
102.14,102,KALIMANTAN_TENGAH,KT,2026-01-15 08:00:00
102.15,102,KALIMANTAN_TIMUR,KI,2026-01-15 08:00:00
102.16,102,KALIMANTAN_UTARA,KU,2026-01-15 08:00:00
102.17,102,KEPULAUAN_BANGKA_BELITUNG,BB,2026-01-15 08:00:00
102.18,102,KEPULAUAN_RIAU,KR,2026-01-15 08:00:00
102.19,102,LAMPUNG,LA,2026-01-15 08:00:00
102.2,102,BALI,BA,2026-01-15 08:00:00
102.20,102,MALUKU,MA,2026-01-15 08:00:00
102.21,102,MALUKU_UTARA,MU,2026-01-15 08:00:00
102.22,102,NUSA_TENGGARA_BARAT,NB,2026-01-15 08:00:00
102.23,102,NUSA_TENGGARA_TIMUR,NT,2026-01-15 08:00:00
102.24,102,PAPUA,PA,2026-01-15 08:00:00
102.25,102,PAPUA_BARAT,PB,2026-01-15 08:00:00
102.26,102,RIAU,RI,2026-01-15 08:00:00
102.27,102,SULAWESI_BARAT,SR,2026-01-15 08:00:00
102.28,102,SULAWESI_SELATAN,SN,2026-01-15 08:00:00
102.29,102,SULAWESI_TENGAH,ST,2026-01-15 08:00:00
102.3,102,BANTEN,BT,2026-01-15 08:00:00
102.30,102,SULAWESI_TENGGARA,SG,2026-01-15 08:00:00
102.31,102,SULAWESI_UTARA,SA,2026-01-15 08:00:00
102.32,102,SUMATERA_BARAT,SB,2026-01-15 08:00:00
102.33,102,SUMATERA_SELATAN,SS,2026-01-15 08:00:00
102.34,102,SUMATERA_UTARA,SU,2026-01-15 08:00:00
102.4,102,BENGKULU,BE,2026-01-15 08:00:00
102.5,102,DI_YOGYAKARTA,YO,2026-01-15 08:00:00
102.6,102,DKI_JAKARTA,JK,2026-01-15 08:00:00
102.7,102,GORONTALO,GO,2026-01-15 08:00:00
102.8,102,JAMBI,JA,2026-01-15 08:00:00
102.9,102,JAWA_BARAT,JB,2026-01-15 08:00:00
10.3,10,SAINT_GEORGE_PARISH,NULL,2026-01-15 08:00:00
103.1,103,ALBORZ,NULL,2026-01-15 08:00:00
103.10,103,HORMOZGAN,NULL,2026-01-15 08:00:00
103.11,103,ILAM,NULL,2026-01-15 08:00:00
103.12,103,ISFAHAN,NULL,2026-01-15 08:00:00
103.13,103,KERMAN,NULL,2026-01-15 08:00:00
103.14,103,KERMANSHAH,NULL,2026-01-15 08:00:00
103.15,103,KHUZESTAN,NULL,2026-01-15 08:00:00
103.16,103,KOHGILUYEH_AND_BOYER-AHMAD,NULL,2026-01-15 08:00:00
103.17,103,KURDISTAN,NULL,2026-01-15 08:00:00
103.18,103,LORESTAN,NULL,2026-01-15 08:00:00
103.19,103,MARKAZI,NULL,2026-01-15 08:00:00
103.2,103,ARDABIL,NULL,2026-01-15 08:00:00
103.20,103,MAZANDARAN,NULL,2026-01-15 08:00:00
103.21,103,NORTH_KHORASAN,NULL,2026-01-15 08:00:00
103.22,103,QAZVIN,NULL,2026-01-15 08:00:00
103.23,103,QOM,NULL,2026-01-15 08:00:00
103.24,103,RAZAVI_KHORASAN,NULL,2026-01-15 08:00:00
103.25,103,SEMNAN,NULL,2026-01-15 08:00:00
103.26,103,SISTAN_AND_BALUCHESTAN,NULL,2026-01-15 08:00:00
103.27,103,SOUTH_KHORASAN,NULL,2026-01-15 08:00:00
103.28,103,TEHRAN,NULL,2026-01-15 08:00:00
103.29,103,WEST_AZARBAIJAN,NULL,2026-01-15 08:00:00
103.3,103,BUSHEHR,NULL,2026-01-15 08:00:00
103.30,103,YAZD,NULL,2026-01-15 08:00:00
103.31,103,ZANJAN,NULL,2026-01-15 08:00:00
103.4,103,CHAHARMAHAL_AND_BAKHTIARI,NULL,2026-01-15 08:00:00
103.5,103,EAST_AZERBAIJAN,NULL,2026-01-15 08:00:00
103.6,103,FARS,NULL,2026-01-15 08:00:00
103.7,103,GILAN,NULL,2026-01-15 08:00:00
103.8,103,GOLESTAN,NULL,2026-01-15 08:00:00
103.9,103,HAMADAN,NULL,2026-01-15 08:00:00
10.4,10,SAINT_JOHN_PARISH,NULL,2026-01-15 08:00:00
104.1,104,AL_ANBAR,AN,2026-01-15 08:00:00
104.10,104,ERBIL,AR,2026-01-15 08:00:00
104.11,104,KARBALA,KA,2026-01-15 08:00:00
104.12,104,KIRKUK,KI,2026-01-15 08:00:00
104.13,104,MAYSAN,MA,2026-01-15 08:00:00
104.14,104,NAJAF,NULL,2026-01-15 08:00:00
104.15,104,NINEVEH,NI,2026-01-15 08:00:00
104.16,104,SALADIN,SD,2026-01-15 08:00:00
104.17,104,SULAYMANIYAH,SU,2026-01-15 08:00:00
104.18,104,WASIT,WA,2026-01-15 08:00:00
104.2,104,AL_MUTHANNA,MU,2026-01-15 08:00:00
104.3,104,AL-QADISIYYAH,QA,2026-01-15 08:00:00
104.4,104,BABYLON,BB,2026-01-15 08:00:00
104.5,104,BAGHDAD,BG,2026-01-15 08:00:00
104.6,104,BASRA,BA,2026-01-15 08:00:00
104.7,104,DHI_QAR,DQ,2026-01-15 08:00:00
104.8,104,DIYALA,DI,2026-01-15 08:00:00
104.9,104,DOHUK,DA,2026-01-15 08:00:00
10.5,10,SAINT_MARY_PARISH,NULL,2026-01-15 08:00:00
105.1,105,CARLOW,CW,2026-01-15 08:00:00
105.10,105,KILDARE,KE,2026-01-15 08:00:00
105.11,105,KILKENNY,KK,2026-01-15 08:00:00
105.12,105,LAOIS,LS,2026-01-15 08:00:00
105.13,105,LEINSTER,L,2026-01-15 08:00:00
105.14,105,LIMERICK,LK,2026-01-15 08:00:00
105.15,105,LONGFORD,LD,2026-01-15 08:00:00
105.16,105,LOUTH,LH,2026-01-15 08:00:00
105.17,105,MAYO,MO,2026-01-15 08:00:00
105.18,105,MEATH,MH,2026-01-15 08:00:00
105.19,105,MONAGHAN,MN,2026-01-15 08:00:00
105.2,105,CAVAN,CN,2026-01-15 08:00:00
105.20,105,MUNSTER,M,2026-01-15 08:00:00
105.21,105,OFFALY,OY,2026-01-15 08:00:00
105.22,105,ROSCOMMON,RN,2026-01-15 08:00:00
105.23,105,SLIGO,SO,2026-01-15 08:00:00
105.24,105,TIPPERARY,TA,2026-01-15 08:00:00
105.25,105,ULSTER,U,2026-01-15 08:00:00
105.26,105,WATERFORD,WD,2026-01-15 08:00:00
105.27,105,WESTMEATH,WH,2026-01-15 08:00:00
105.28,105,WEXFORD,WX,2026-01-15 08:00:00
105.29,105,WICKLOW,WW,2026-01-15 08:00:00
105.3,105,CLARE,CE,2026-01-15 08:00:00
105.4,105,CONNACHT,C,2026-01-15 08:00:00
105.5,105,CORK,CO,2026-01-15 08:00:00
105.6,105,DONEGAL,DL,2026-01-15 08:00:00
105.7,105,DUBLIN,D,2026-01-15 08:00:00
105.8,105,GALWAY,G,2026-01-15 08:00:00
105.9,105,KERRY,KY,2026-01-15 08:00:00
10.6,10,SAINT_PAUL_PARISH,NULL,2026-01-15 08:00:00
106.1,106,CENTRAL_DISTRICT,M,2026-01-15 08:00:00
106.2,106,HAIFA_DISTRICT,HA,2026-01-15 08:00:00
106.3,106,JERUSALEM_DISTRICT,JM,2026-01-15 08:00:00
106.4,106,NORTHERN_DISTRICT,Z,2026-01-15 08:00:00
106.5,106,SOUTHERN_DISTRICT,D,2026-01-15 08:00:00
106.6,106,TEL_AVIV_DISTRICT,TA,2026-01-15 08:00:00
10.7,10,SAINT_PETER_PARISH,NULL,2026-01-15 08:00:00
107.1,107,ABRUZZO,NULL,2026-01-15 08:00:00
107.10,107,BARLETTA-ANDRIA-TRANI,BT,2026-01-15 08:00:00
107.100,107,TRIESTE,TS,2026-01-15 08:00:00
107.101,107,TUSCANY,NULL,2026-01-15 08:00:00
107.102,107,UDINE,UD,2026-01-15 08:00:00
107.103,107,UMBRIA,NULL,2026-01-15 08:00:00
107.104,107,VARESE,VA,2026-01-15 08:00:00
107.105,107,VENETO,NULL,2026-01-15 08:00:00
107.106,107,VERBANO-CUSIO-OSSOLA,VB,2026-01-15 08:00:00
107.107,107,VERCELLI,VC,2026-01-15 08:00:00
107.108,107,VERONA,VR,2026-01-15 08:00:00
107.109,107,VIBO_VALENTIA,VV,2026-01-15 08:00:00
107.11,107,BASILICATA,NULL,2026-01-15 08:00:00
107.110,107,VICENZA,VI,2026-01-15 08:00:00
107.111,107,VITERBO,VT,2026-01-15 08:00:00
107.12,107,BELLUNO,BL,2026-01-15 08:00:00
107.13,107,BENEVENTO,BN,2026-01-15 08:00:00
107.14,107,BERGAMO,BG,2026-01-15 08:00:00
107.15,107,BIELLA,BI,2026-01-15 08:00:00
107.16,107,BRESCIA,BS,2026-01-15 08:00:00
107.17,107,BRINDISI,BR,2026-01-15 08:00:00
107.18,107,CALABRIA,NULL,2026-01-15 08:00:00
107.19,107,CALTANISSETTA,CL,2026-01-15 08:00:00
107.2,107,AGRIGENTO,AG,2026-01-15 08:00:00
107.20,107,CAMPANIA,NULL,2026-01-15 08:00:00
107.21,107,CAMPOBASSO,CB,2026-01-15 08:00:00
107.22,107,CASERTA,CE,2026-01-15 08:00:00
107.23,107,CATANZARO,CZ,2026-01-15 08:00:00
107.24,107,CHIETI,CH,2026-01-15 08:00:00
107.25,107,COMO,CO,2026-01-15 08:00:00
107.26,107,COSENZA,CS,2026-01-15 08:00:00
107.27,107,CREMONA,CR,2026-01-15 08:00:00
107.28,107,CROTONE,KR,2026-01-15 08:00:00
107.29,107,CUNEO,CN,2026-01-15 08:00:00
107.3,107,ALESSANDRIA,AL,2026-01-15 08:00:00
107.30,107,EMILIA-ROMAGNA,NULL,2026-01-15 08:00:00
107.31,107,ENNA,EN,2026-01-15 08:00:00
107.32,107,FERMO,FM,2026-01-15 08:00:00
107.33,107,FERRARA,FE,2026-01-15 08:00:00
107.34,107,FOGGIA,FG,2026-01-15 08:00:00
107.35,107,FORLI-CESENA,FC,2026-01-15 08:00:00
107.36,107,FRIULI-VENEZIA_GIULIA,NULL,2026-01-15 08:00:00
107.37,107,FROSINONE,FR,2026-01-15 08:00:00
107.38,107,GORIZIA,GO,2026-01-15 08:00:00
107.39,107,GROSSETO,GR,2026-01-15 08:00:00
107.4,107,ANCONA,AN,2026-01-15 08:00:00
107.40,107,IMPERIA,IM,2026-01-15 08:00:00
107.41,107,ISERNIA,IS,2026-01-15 08:00:00
107.42,107,L'AQUILA,AQ,2026-01-15 08:00:00
107.43,107,LA_SPEZIA,SP,2026-01-15 08:00:00
107.44,107,LATINA,LT,2026-01-15 08:00:00
107.45,107,LAZIO,NULL,2026-01-15 08:00:00
107.46,107,LECCE,LE,2026-01-15 08:00:00
107.47,107,LECCO,LC,2026-01-15 08:00:00
107.48,107,LIGURIA,NULL,2026-01-15 08:00:00
107.49,107,LIVORNO,LI,2026-01-15 08:00:00
107.5,107,AOSTA_VALLEY,NULL,2026-01-15 08:00:00
107.50,107,LODI,LO,2026-01-15 08:00:00
107.51,107,LOMBARDY,NULL,2026-01-15 08:00:00
107.52,107,LUCCA,LU,2026-01-15 08:00:00
107.53,107,MACERATA,MC,2026-01-15 08:00:00
107.54,107,MANTUA,MN,2026-01-15 08:00:00
107.55,107,MARCHE,NULL,2026-01-15 08:00:00
107.56,107,MASSA_AND_CARRARA,MS,2026-01-15 08:00:00
107.57,107,MATERA,MT,2026-01-15 08:00:00
107.58,107,MEDIO_CAMPIDANO,VS,2026-01-15 08:00:00
107.59,107,MODENA,MO,2026-01-15 08:00:00
107.6,107,APULIA,NULL,2026-01-15 08:00:00
107.60,107,MOLISE,NULL,2026-01-15 08:00:00
107.61,107,MONZA_AND_BRIANZA,MB,2026-01-15 08:00:00
107.62,107,NOVARA,NO,2026-01-15 08:00:00
107.63,107,NUORO,NU,2026-01-15 08:00:00
107.64,107,ORISTANO,OR,2026-01-15 08:00:00
107.65,107,PADUA,PD,2026-01-15 08:00:00
107.66,107,PALERMO,PA,2026-01-15 08:00:00
107.67,107,PARMA,PR,2026-01-15 08:00:00
107.68,107,PAVIA,PV,2026-01-15 08:00:00
107.69,107,PERUGIA,PG,2026-01-15 08:00:00
107.7,107,ASCOLI_PICENO,AP,2026-01-15 08:00:00
107.70,107,PESARO_AND_URBINO,PU,2026-01-15 08:00:00
107.71,107,PESCARA,PE,2026-01-15 08:00:00
107.72,107,PIACENZA,PC,2026-01-15 08:00:00
107.73,107,PIEDMONT,NULL,2026-01-15 08:00:00
107.74,107,PISA,PI,2026-01-15 08:00:00
107.75,107,PISTOIA,PT,2026-01-15 08:00:00
107.76,107,PORDENONE,PN,2026-01-15 08:00:00
107.77,107,POTENZA,PZ,2026-01-15 08:00:00
107.78,107,PRATO,PO,2026-01-15 08:00:00
107.79,107,RAGUSA,RG,2026-01-15 08:00:00
107.8,107,ASTI,AT,2026-01-15 08:00:00
107.80,107,RAVENNA,RA,2026-01-15 08:00:00
107.81,107,REGGIO_EMILIA,RE,2026-01-15 08:00:00
107.82,107,RIETI,RI,2026-01-15 08:00:00
107.83,107,RIMINI,RN,2026-01-15 08:00:00
107.84,107,ROVIGO,RO,2026-01-15 08:00:00
107.85,107,SALERNO,SA,2026-01-15 08:00:00
107.86,107,SARDINIA,NULL,2026-01-15 08:00:00
107.87,107,SASSARI,SS,2026-01-15 08:00:00
107.88,107,SAVONA,SV,2026-01-15 08:00:00
107.89,107,SICILY,NULL,2026-01-15 08:00:00
107.9,107,AVELLINO,AV,2026-01-15 08:00:00
107.90,107,SIENA,SI,2026-01-15 08:00:00
107.91,107,SIRACUSA,SR,2026-01-15 08:00:00
107.92,107,SONDRIO,SO,2026-01-15 08:00:00
107.93,107,SOUTH_SARDINIA,SU,2026-01-15 08:00:00
107.94,107,TARANTO,TA,2026-01-15 08:00:00
107.95,107,TERAMO,TE,2026-01-15 08:00:00
107.96,107,TERNI,TR,2026-01-15 08:00:00
107.97,107,TRAPANI,TP,2026-01-15 08:00:00
107.98,107,TRENTINO-SOUTH_TYROL,NULL,2026-01-15 08:00:00
107.99,107,TREVISO,TV,2026-01-15 08:00:00
10.8,10,SAINT_PHILIP_PARISH,NULL,2026-01-15 08:00:00
108.1,108,CLARENDON_PARISH,NULL,2026-01-15 08:00:00
108.10,108,SAINT_JAMES_PARISH,NULL,2026-01-15 08:00:00
108.11,108,SAINT_MARY_PARISH,NULL,2026-01-15 08:00:00
108.12,108,SAINT_THOMAS_PARISH,NULL,2026-01-15 08:00:00
108.13,108,TRELAWNY_PARISH,NULL,2026-01-15 08:00:00
108.14,108,WESTMORELAND_PARISH,NULL,2026-01-15 08:00:00
108.2,108,HANOVER_PARISH,NULL,2026-01-15 08:00:00
108.3,108,KINGSTON_PARISH,NULL,2026-01-15 08:00:00
108.4,108,MANCHESTER_PARISH,NULL,2026-01-15 08:00:00
108.5,108,PORTLAND_PARISH,NULL,2026-01-15 08:00:00
108.6,108,SAINT_ANDREW,NULL,2026-01-15 08:00:00
108.7,108,SAINT_ANN_PARISH,NULL,2026-01-15 08:00:00
108.8,108,SAINT_CATHERINE_PARISH,NULL,2026-01-15 08:00:00
108.9,108,SAINT_ELIZABETH_PARISH,NULL,2026-01-15 08:00:00
109.1,109,AICHI_PREFECTURE,NULL,2026-01-15 08:00:00
109.10,109,GUNMA_PREFECTURE,NULL,2026-01-15 08:00:00
109.11,109,HIROSHIMA_PREFECTURE,NULL,2026-01-15 08:00:00
109.12,109,HOKKAIDO_PREFECTURE,NULL,2026-01-15 08:00:00
109.13,109,HYOGO_PREFECTURE,NULL,2026-01-15 08:00:00
109.14,109,IBARAKI_PREFECTURE,NULL,2026-01-15 08:00:00
109.15,109,ISHIKAWA_PREFECTURE,NULL,2026-01-15 08:00:00
109.16,109,IWATE_PREFECTURE,NULL,2026-01-15 08:00:00
109.17,109,KAGAWA_PREFECTURE,NULL,2026-01-15 08:00:00
109.18,109,KAGOSHIMA_PREFECTURE,NULL,2026-01-15 08:00:00
109.19,109,KANAGAWA_PREFECTURE,NULL,2026-01-15 08:00:00
109.2,109,AKITA_PREFECTURE,NULL,2026-01-15 08:00:00
109.20,109,KOCHI_PREFECTURE,NULL,2026-01-15 08:00:00
109.21,109,KUMAMOTO_PREFECTURE,NULL,2026-01-15 08:00:00
109.22,109,KYOTO_PREFECTURE,NULL,2026-01-15 08:00:00
109.23,109,MIE_PREFECTURE,NULL,2026-01-15 08:00:00
109.24,109,MIYAGI_PREFECTURE,NULL,2026-01-15 08:00:00
109.25,109,MIYAZAKI_PREFECTURE,NULL,2026-01-15 08:00:00
109.26,109,NAGANO_PREFECTURE,NULL,2026-01-15 08:00:00
109.27,109,NAGASAKI_PREFECTURE,NULL,2026-01-15 08:00:00
109.28,109,NARA_PREFECTURE,NULL,2026-01-15 08:00:00
109.29,109,NIIGATA_PREFECTURE,NULL,2026-01-15 08:00:00
109.3,109,AOMORI_PREFECTURE,NULL,2026-01-15 08:00:00
109.30,109,OITA_PREFECTURE,NULL,2026-01-15 08:00:00
109.31,109,OKAYAMA_PREFECTURE,NULL,2026-01-15 08:00:00
109.32,109,OKINAWA_PREFECTURE,NULL,2026-01-15 08:00:00
109.33,109,OSAKA_PREFECTURE,NULL,2026-01-15 08:00:00
109.34,109,SAGA_PREFECTURE,NULL,2026-01-15 08:00:00
109.35,109,SAITAMA_PREFECTURE,NULL,2026-01-15 08:00:00
109.36,109,SHIGA_PREFECTURE,NULL,2026-01-15 08:00:00
109.37,109,SHIMANE_PREFECTURE,NULL,2026-01-15 08:00:00
109.38,109,SHIZUOKA_PREFECTURE,NULL,2026-01-15 08:00:00
109.39,109,TOCHIGI_PREFECTURE,NULL,2026-01-15 08:00:00
109.4,109,CHIBA_PREFECTURE,NULL,2026-01-15 08:00:00
109.40,109,TOKUSHIMA_PREFECTURE,NULL,2026-01-15 08:00:00
109.41,109,TOKYO,NULL,2026-01-15 08:00:00
109.42,109,TOTTORI_PREFECTURE,NULL,2026-01-15 08:00:00
109.43,109,TOYAMA_PREFECTURE,NULL,2026-01-15 08:00:00
109.44,109,WAKAYAMA_PREFECTURE,NULL,2026-01-15 08:00:00
109.45,109,YAMAGATA_PREFECTURE,NULL,2026-01-15 08:00:00
109.46,109,YAMAGUCHI_PREFECTURE,NULL,2026-01-15 08:00:00
109.47,109,YAMANASHI_PREFECTURE,NULL,2026-01-15 08:00:00
109.5,109,EHIME_PREFECTURE,NULL,2026-01-15 08:00:00
109.6,109,FUKUI_PREFECTURE,NULL,2026-01-15 08:00:00
109.7,109,FUKUOKA_PREFECTURE,NULL,2026-01-15 08:00:00
109.8,109,FUKUSHIMA_PREFECTURE,NULL,2026-01-15 08:00:00
109.9,109,GIFU_PREFECTURE,NULL,2026-01-15 08:00:00
1.1,1,BADAKHSHAN,BDS,2026-01-15 08:00:00
1.10,1,GHOR,GHO,2026-01-15 08:00:00
1.11,1,HELMAND,HEL,2026-01-15 08:00:00
11.1,11,BUENOS_AIRES,B,2026-01-15 08:00:00
11.10,11,JUJUY,Y,2026-01-15 08:00:00
11.11,11,LA_PAMPA,L,2026-01-15 08:00:00
111.1,111,AJLOUN,AJ,2026-01-15 08:00:00
111.10,111,MAFRAQ,MA,2026-01-15 08:00:00
111.11,111,TAFILAH,AT,2026-01-15 08:00:00
111.12,111,ZARQA,AZ,2026-01-15 08:00:00
11.12,11,LA_RIOJA,F,2026-01-15 08:00:00
111.2,111,AMMAN,AM,2026-01-15 08:00:00
11.13,11,MENDOZA,M,2026-01-15 08:00:00
111.3,111,AQABA,AQ,2026-01-15 08:00:00
11.14,11,MISIONES,N,2026-01-15 08:00:00
111.4,111,BALQA,BA,2026-01-15 08:00:00
11.15,11,NEUQUEN,Q,2026-01-15 08:00:00
111.5,111,IRBID,IR,2026-01-15 08:00:00
11.16,11,RIO_NEGRO,R,2026-01-15 08:00:00
111.6,111,JERASH,JA,2026-01-15 08:00:00
11.17,11,SALTA,A,2026-01-15 08:00:00
111.7,111,KARAK,KA,2026-01-15 08:00:00
11.18,11,SAN_JUAN,J,2026-01-15 08:00:00
111.8,111,MA'AN,MN,2026-01-15 08:00:00
11.19,11,SAN_LUIS,D,2026-01-15 08:00:00
111.9,111,MADABA,MD,2026-01-15 08:00:00
1.12,1,HERAT,HER,2026-01-15 08:00:00
11.2,11,CATAMARCA,K,2026-01-15 08:00:00
11.20,11,SANTA_CRUZ,Z,2026-01-15 08:00:00
11.21,11,SANTA_FE,S,2026-01-15 08:00:00
112.1,112,AKMOLA_REGION,AKM,2026-01-15 08:00:00
112.10,112,KOSTANAY_REGION,KUS,2026-01-15 08:00:00
112.11,112,KYZYLORDA_REGION,KZY,2026-01-15 08:00:00
112.12,112,MANGYSTAU_REGION,MAN,2026-01-15 08:00:00
112.13,112,NORTH_KAZAKHSTAN_REGION,SEV,2026-01-15 08:00:00
112.14,112,NUR-SULTAN,AST,2026-01-15 08:00:00
112.15,112,PAVLODAR_REGION,PAV,2026-01-15 08:00:00
112.16,112,TURKESTAN_REGION,YUZ,2026-01-15 08:00:00
112.17,112,WEST_KAZAKHSTAN_PROVINCE,ZAP,2026-01-15 08:00:00
11.22,11,SANTIAGO_DEL_ESTERO,G,2026-01-15 08:00:00
112.2,112,AKTOBE_REGION,AKT,2026-01-15 08:00:00
11.23,11,TIERRA_DEL_FUEGO,V,2026-01-15 08:00:00
112.3,112,ALMATY,ALA,2026-01-15 08:00:00
11.24,11,TUCUMAN,T,2026-01-15 08:00:00
112.4,112,ALMATY_REGION,ALM,2026-01-15 08:00:00
112.5,112,ATYRAU_REGION,ATY,2026-01-15 08:00:00
112.6,112,BAIKONUR,BAY,2026-01-15 08:00:00
112.7,112,EAST_KAZAKHSTAN_REGION,VOS,2026-01-15 08:00:00
112.8,112,JAMBYL_REGION,ZHA,2026-01-15 08:00:00
112.9,112,KARAGANDA_REGION,KAR,2026-01-15 08:00:00
1.13,1,JOWZJAN,JOW,2026-01-15 08:00:00
11.3,11,CHACO,H,2026-01-15 08:00:00
113.1,113,BARINGO,NULL,2026-01-15 08:00:00
113.10,113,KAJIADO,NULL,2026-01-15 08:00:00
113.11,113,KAKAMEGA,NULL,2026-01-15 08:00:00
113.12,113,KERICHO,NULL,2026-01-15 08:00:00
113.13,113,KIAMBU,NULL,2026-01-15 08:00:00
113.14,113,KILIFI,NULL,2026-01-15 08:00:00
113.15,113,KIRINYAGA,NULL,2026-01-15 08:00:00
113.16,113,KISII,NULL,2026-01-15 08:00:00
113.17,113,KISUMU,NULL,2026-01-15 08:00:00
113.18,113,KITUI,NULL,2026-01-15 08:00:00
113.19,113,KWALE,NULL,2026-01-15 08:00:00
113.2,113,BOMET,NULL,2026-01-15 08:00:00
113.20,113,LAIKIPIA,NULL,2026-01-15 08:00:00
113.21,113,LAMU,NULL,2026-01-15 08:00:00
113.22,113,MACHAKOS,NULL,2026-01-15 08:00:00
113.23,113,MAKUENI,NULL,2026-01-15 08:00:00
113.24,113,MANDERA,NULL,2026-01-15 08:00:00
113.25,113,MARSABIT,NULL,2026-01-15 08:00:00
113.26,113,MERU,NULL,2026-01-15 08:00:00
113.27,113,MIGORI,NULL,2026-01-15 08:00:00
113.28,113,MOMBASA,NULL,2026-01-15 08:00:00
113.29,113,MURANG'A,NULL,2026-01-15 08:00:00
113.3,113,BUNGOMA,NULL,2026-01-15 08:00:00
113.30,113,NAIROBI_CITY,NULL,2026-01-15 08:00:00
113.31,113,NAKURU,NULL,2026-01-15 08:00:00
113.32,113,NANDI,NULL,2026-01-15 08:00:00
113.33,113,NAROK,NULL,2026-01-15 08:00:00
113.34,113,NYAMIRA,NULL,2026-01-15 08:00:00
113.35,113,NYANDARUA,NULL,2026-01-15 08:00:00
113.36,113,NYERI,NULL,2026-01-15 08:00:00
113.37,113,SAMBURU,NULL,2026-01-15 08:00:00
113.38,113,SIAYA,NULL,2026-01-15 08:00:00
113.39,113,TAITA-TAVETA,NULL,2026-01-15 08:00:00
113.4,113,BUSIA,NULL,2026-01-15 08:00:00
113.40,113,TANA_RIVER,NULL,2026-01-15 08:00:00
113.41,113,THARAKA-NITHI,NULL,2026-01-15 08:00:00
113.42,113,TRANS_NZOIA,NULL,2026-01-15 08:00:00
113.43,113,TURKANA,NULL,2026-01-15 08:00:00
113.44,113,UASIN_GISHU,NULL,2026-01-15 08:00:00
113.45,113,VIHIGA,NULL,2026-01-15 08:00:00
113.46,113,WAJIR,NULL,2026-01-15 08:00:00
113.47,113,WEST_POKOT,NULL,2026-01-15 08:00:00
113.5,113,ELGEYO-MARAKWET,NULL,2026-01-15 08:00:00
113.6,113,EMBU,NULL,2026-01-15 08:00:00
113.7,113,GARISSA,NULL,2026-01-15 08:00:00
113.8,113,HOMA_BAY,NULL,2026-01-15 08:00:00
113.9,113,ISIOLO,NULL,2026-01-15 08:00:00
1.14,1,KABUL,KAB,2026-01-15 08:00:00
11.4,11,CHUBUT,U,2026-01-15 08:00:00
114.1,114,GILBERT_ISLANDS,G,2026-01-15 08:00:00
114.2,114,LINE_ISLANDS,L,2026-01-15 08:00:00
114.3,114,PHOENIX_ISLANDS,P,2026-01-15 08:00:00
1.15,1,KANDAHAR,KAN,2026-01-15 08:00:00
11.5,11,CIUDAD_AUTONOMA_DE_BUENOS_AIRES,C,2026-01-15 08:00:00
115.1,115,CHAGANG_PROVINCE,NULL,2026-01-15 08:00:00
115.10,115,SOUTH_HWANGHAE_PROVINCE,NULL,2026-01-15 08:00:00
115.11,115,SOUTH_PYONGAN_PROVINCE,NULL,2026-01-15 08:00:00
115.2,115,KANGWON_PROVINCE,NULL,2026-01-15 08:00:00
115.3,115,NORTH_HAMGYONG_PROVINCE,NULL,2026-01-15 08:00:00
115.4,115,NORTH_HWANGHAE_PROVINCE,NULL,2026-01-15 08:00:00
115.5,115,NORTH_PYONGAN_PROVINCE,NULL,2026-01-15 08:00:00
115.6,115,PYONGYANG,NULL,2026-01-15 08:00:00
115.7,115,RASON,NULL,2026-01-15 08:00:00
115.8,115,RYANGGANG_PROVINCE,NULL,2026-01-15 08:00:00
115.9,115,SOUTH_HAMGYONG_PROVINCE,NULL,2026-01-15 08:00:00
1.16,1,KAPISA,KAP,2026-01-15 08:00:00
11.6,11,CORDOBA,X,2026-01-15 08:00:00
116.1,116,BUSAN,NULL,2026-01-15 08:00:00
116.10,116,NORTH_GYEONGSANG_PROVINCE,NULL,2026-01-15 08:00:00
116.11,116,NORTH_JEOLLA_PROVINCE,NULL,2026-01-15 08:00:00
116.12,116,SEJONG_CITY,NULL,2026-01-15 08:00:00
116.13,116,SEOUL,NULL,2026-01-15 08:00:00
116.14,116,SOUTH_CHUNGCHEONG_PROVINCE,NULL,2026-01-15 08:00:00
116.15,116,SOUTH_GYEONGSANG_PROVINCE,NULL,2026-01-15 08:00:00
116.16,116,SOUTH_JEOLLA_PROVINCE,NULL,2026-01-15 08:00:00
116.17,116,ULSAN,NULL,2026-01-15 08:00:00
116.2,116,DAEGU,NULL,2026-01-15 08:00:00
116.3,116,DAEJEON,NULL,2026-01-15 08:00:00
116.4,116,GANGWON_PROVINCE,NULL,2026-01-15 08:00:00
116.5,116,GWANGJU,NULL,2026-01-15 08:00:00
116.6,116,GYEONGGI_PROVINCE,NULL,2026-01-15 08:00:00
116.7,116,INCHEON,NULL,2026-01-15 08:00:00
116.8,116,JEJU,NULL,2026-01-15 08:00:00
116.9,116,NORTH_CHUNGCHEONG_PROVINCE,NULL,2026-01-15 08:00:00
1.17,1,KHOST,KHO,2026-01-15 08:00:00
11.7,11,CORRIENTES,W,2026-01-15 08:00:00
117.1,117,AL_AHMADI,AH,2026-01-15 08:00:00
117.2,117,AL_FARWANIYAH,FA,2026-01-15 08:00:00
117.3,117,AL_JAHRA,JA,2026-01-15 08:00:00
117.4,117,CAPITAL,KU,2026-01-15 08:00:00
117.5,117,HAWALLI,HA,2026-01-15 08:00:00
117.6,117,MUBARAK_AL-KABEER,MU,2026-01-15 08:00:00
1.18,1,KUNAR,KNR,2026-01-15 08:00:00
11.8,11,ENTRE_RIOS,E,2026-01-15 08:00:00
118.1,118,BATKEN_REGION,B,2026-01-15 08:00:00
118.2,118,BISHKEK,GB,2026-01-15 08:00:00
118.3,118,CHUY_REGION,C,2026-01-15 08:00:00
118.4,118,ISSYK-KUL_REGION,Y,2026-01-15 08:00:00
118.5,118,JALAL-ABAD_REGION,J,2026-01-15 08:00:00
118.6,118,NARYN_REGION,N,2026-01-15 08:00:00
118.7,118,OSH,GO,2026-01-15 08:00:00
118.8,118,OSH_REGION,O,2026-01-15 08:00:00
118.9,118,TALAS_REGION,T,2026-01-15 08:00:00
1.19,1,KUNDUZ_PROVINCE,KDZ,2026-01-15 08:00:00
11.9,11,FORMOSA,P,2026-01-15 08:00:00
119.1,119,ATTAPEU_PROVINCE,AT,2026-01-15 08:00:00
119.10,119,PHONGSALY_PROVINCE,PH,2026-01-15 08:00:00
119.11,119,SAINYABULI_PROVINCE,XA,2026-01-15 08:00:00
119.12,119,SALAVAN_PROVINCE,SL,2026-01-15 08:00:00
119.13,119,SAVANNAKHET_PROVINCE,SV,2026-01-15 08:00:00
119.14,119,SEKONG_PROVINCE,XE,2026-01-15 08:00:00
119.15,119,VIENTIANE_PREFECTURE,VT,2026-01-15 08:00:00
119.16,119,VIENTIANE_PROVINCE,VI,2026-01-15 08:00:00
119.17,119,XAISOMBOUN,XN,2026-01-15 08:00:00
119.18,119,XAISOMBOUN_PROVINCE,XS,2026-01-15 08:00:00
119.19,119,XIANGKHOUANG_PROVINCE,XI,2026-01-15 08:00:00
119.2,119,BOKEO_PROVINCE,BK,2026-01-15 08:00:00
119.3,119,BOLIKHAMSAI_PROVINCE,BL,2026-01-15 08:00:00
119.4,119,CHAMPASAK_PROVINCE,CH,2026-01-15 08:00:00
119.5,119,HOUAPHANH_PROVINCE,HO,2026-01-15 08:00:00
119.6,119,KHAMMOUANE_PROVINCE,KH,2026-01-15 08:00:00
119.7,119,LUANG_NAMTHA_PROVINCE,LM,2026-01-15 08:00:00
119.8,119,LUANG_PRABANG_PROVINCE,LP,2026-01-15 08:00:00
119.9,119,OUDOMXAY_PROVINCE,OU,2026-01-15 08:00:00
1.2,1,BADGHIS,BDG,2026-01-15 08:00:00
1.20,1,LAGHMAN,LAG,2026-01-15 08:00:00
120.1,120,AGLONA_MUNICIPALITY,NULL,2026-01-15 08:00:00
120.10,120,AUCE_MUNICIPALITY,NULL,2026-01-15 08:00:00
120.100,120,SMILTENE_MUNICIPALITY,NULL,2026-01-15 08:00:00
120.101,120,STOPINI_MUNICIPALITY,NULL,2026-01-15 08:00:00
120.102,120,STRENCI_MUNICIPALITY,NULL,2026-01-15 08:00:00
120.103,120,TALSI_MUNICIPALITY,NULL,2026-01-15 08:00:00
120.104,120,TERVETE_MUNICIPALITY,NULL,2026-01-15 08:00:00
120.105,120,TUKUMS_MUNICIPALITY,NULL,2026-01-15 08:00:00
120.106,120,VAINODE_MUNICIPALITY,NULL,2026-01-15 08:00:00
120.107,120,VALKA_MUNICIPALITY,NULL,2026-01-15 08:00:00
120.108,120,VALMIERA,VMR,2026-01-15 08:00:00
120.109,120,VARAKLANI_MUNICIPALITY,NULL,2026-01-15 08:00:00
120.11,120,BABITE_MUNICIPALITY,NULL,2026-01-15 08:00:00
120.110,120,VARKAVA_MUNICIPALITY,NULL,2026-01-15 08:00:00
120.111,120,VECPIEBALGA_MUNICIPALITY,NULL,2026-01-15 08:00:00
120.112,120,VECUMNIEKI_MUNICIPALITY,NULL,2026-01-15 08:00:00
120.113,120,VENTSPILS,VEN,2026-01-15 08:00:00
120.114,120,VENTSPILS_MUNICIPALITY,NULL,2026-01-15 08:00:00
120.115,120,VIESITE_MUNICIPALITY,NULL,2026-01-15 08:00:00
120.116,120,VILAKA_MUNICIPALITY,NULL,2026-01-15 08:00:00
120.117,120,VILANI_MUNICIPALITY,NULL,2026-01-15 08:00:00
120.118,120,ZILUPE_MUNICIPALITY,NULL,2026-01-15 08:00:00
120.12,120,BALDONE_MUNICIPALITY,NULL,2026-01-15 08:00:00
120.13,120,BALTINAVA_MUNICIPALITY,NULL,2026-01-15 08:00:00
120.14,120,BALVI_MUNICIPALITY,NULL,2026-01-15 08:00:00
120.15,120,BAUSKA_MUNICIPALITY,NULL,2026-01-15 08:00:00
120.16,120,BEVERINA_MUNICIPALITY,NULL,2026-01-15 08:00:00
120.17,120,BROCENI_MUNICIPALITY,NULL,2026-01-15 08:00:00
120.18,120,BURTNIEKI_MUNICIPALITY,NULL,2026-01-15 08:00:00
120.19,120,CARNIKAVA_MUNICIPALITY,NULL,2026-01-15 08:00:00
120.2,120,AIZKRAUKLE_MUNICIPALITY,NULL,2026-01-15 08:00:00
120.20,120,CESIS_MUNICIPALITY,NULL,2026-01-15 08:00:00
120.21,120,CESVAINE_MUNICIPALITY,NULL,2026-01-15 08:00:00
120.22,120,CIBLA_MUNICIPALITY,NULL,2026-01-15 08:00:00
120.23,120,DAGDA_MUNICIPALITY,NULL,2026-01-15 08:00:00
120.24,120,DAUGAVPILS,DGV,2026-01-15 08:00:00
120.25,120,DAUGAVPILS_MUNICIPALITY,NULL,2026-01-15 08:00:00
120.26,120,DOBELE_MUNICIPALITY,NULL,2026-01-15 08:00:00
120.27,120,DUNDAGA_MUNICIPALITY,NULL,2026-01-15 08:00:00
120.28,120,DURBE_MUNICIPALITY,NULL,2026-01-15 08:00:00
120.29,120,ENGURE_MUNICIPALITY,NULL,2026-01-15 08:00:00
120.3,120,AIZPUTE_MUNICIPALITY,NULL,2026-01-15 08:00:00
120.30,120,ERGLI_MUNICIPALITY,NULL,2026-01-15 08:00:00
120.31,120,GARKALNE_MUNICIPALITY,NULL,2026-01-15 08:00:00
120.32,120,GROBINA_MUNICIPALITY,NULL,2026-01-15 08:00:00
120.33,120,GULBENE_MUNICIPALITY,NULL,2026-01-15 08:00:00
120.34,120,IECAVA_MUNICIPALITY,NULL,2026-01-15 08:00:00
120.35,120,IKSKILE_MUNICIPALITY,NULL,2026-01-15 08:00:00
120.36,120,ILUKSTE_MUNICIPALITY,NULL,2026-01-15 08:00:00
120.37,120,INCUKALNS_MUNICIPALITY,NULL,2026-01-15 08:00:00
120.38,120,JAUNJELGAVA_MUNICIPALITY,NULL,2026-01-15 08:00:00
120.39,120,JAUNPIEBALGA_MUNICIPALITY,NULL,2026-01-15 08:00:00
120.4,120,AKNISTE_MUNICIPALITY,NULL,2026-01-15 08:00:00
120.40,120,JAUNPILS_MUNICIPALITY,NULL,2026-01-15 08:00:00
120.41,120,JEKABPILS,JKB,2026-01-15 08:00:00
120.42,120,JEKABPILS_MUNICIPALITY,NULL,2026-01-15 08:00:00
120.43,120,JELGAVA,JEL,2026-01-15 08:00:00
120.44,120,JELGAVA_MUNICIPALITY,NULL,2026-01-15 08:00:00
120.45,120,JURMALA,JUR,2026-01-15 08:00:00
120.46,120,KANDAVA_MUNICIPALITY,NULL,2026-01-15 08:00:00
120.47,120,KARSAVA_MUNICIPALITY,NULL,2026-01-15 08:00:00
120.48,120,KEGUMS_MUNICIPALITY,NULL,2026-01-15 08:00:00
120.49,120,KEKAVA_MUNICIPALITY,NULL,2026-01-15 08:00:00
120.5,120,ALOJA_MUNICIPALITY,NULL,2026-01-15 08:00:00
120.50,120,KOCENI_MUNICIPALITY,NULL,2026-01-15 08:00:00
120.51,120,KOKNESE_MUNICIPALITY,NULL,2026-01-15 08:00:00
120.52,120,KRASLAVA_MUNICIPALITY,NULL,2026-01-15 08:00:00
120.53,120,KRIMULDA_MUNICIPALITY,NULL,2026-01-15 08:00:00
120.54,120,KRUSTPILS_MUNICIPALITY,NULL,2026-01-15 08:00:00
120.55,120,KULDIGA_MUNICIPALITY,NULL,2026-01-15 08:00:00
120.56,120,LIELVARDE_MUNICIPALITY,NULL,2026-01-15 08:00:00
120.57,120,LIEPAJA,LPX,2026-01-15 08:00:00
120.58,120,LIGATNE_MUNICIPALITY,NULL,2026-01-15 08:00:00
120.59,120,LIMBAZI_MUNICIPALITY,NULL,2026-01-15 08:00:00
120.6,120,ALSUNGA_MUNICIPALITY,NULL,2026-01-15 08:00:00
120.60,120,LIVANI_MUNICIPALITY,NULL,2026-01-15 08:00:00
120.61,120,LUBANA_MUNICIPALITY,NULL,2026-01-15 08:00:00
120.62,120,LUDZA_MUNICIPALITY,NULL,2026-01-15 08:00:00
120.63,120,MADONA_MUNICIPALITY,NULL,2026-01-15 08:00:00
120.64,120,MALPILS_MUNICIPALITY,NULL,2026-01-15 08:00:00
120.65,120,MARUPE_MUNICIPALITY,NULL,2026-01-15 08:00:00
120.66,120,MAZSALACA_MUNICIPALITY,NULL,2026-01-15 08:00:00
120.67,120,MERSRAGS_MUNICIPALITY,NULL,2026-01-15 08:00:00
120.68,120,NAUKSENI_MUNICIPALITY,NULL,2026-01-15 08:00:00
120.69,120,NERETA_MUNICIPALITY,NULL,2026-01-15 08:00:00
120.7,120,ALUKSNE_MUNICIPALITY,NULL,2026-01-15 08:00:00
120.70,120,NICA_MUNICIPALITY,NULL,2026-01-15 08:00:00
120.71,120,OGRE_MUNICIPALITY,NULL,2026-01-15 08:00:00
120.72,120,OLAINE_MUNICIPALITY,NULL,2026-01-15 08:00:00
120.73,120,OZOLNIEKI_MUNICIPALITY,NULL,2026-01-15 08:00:00
120.74,120,PARGAUJA_MUNICIPALITY,NULL,2026-01-15 08:00:00
120.75,120,PAVILOSTA_MUNICIPALITY,NULL,2026-01-15 08:00:00
120.76,120,PLAVINAS_MUNICIPALITY,NULL,2026-01-15 08:00:00
120.77,120,PREILI_MUNICIPALITY,NULL,2026-01-15 08:00:00
120.78,120,PRIEKULE_MUNICIPALITY,NULL,2026-01-15 08:00:00
120.79,120,PRIEKULI_MUNICIPALITY,NULL,2026-01-15 08:00:00
120.8,120,AMATA_MUNICIPALITY,NULL,2026-01-15 08:00:00
120.80,120,RAUNA_MUNICIPALITY,NULL,2026-01-15 08:00:00
120.81,120,REZEKNE,REZ,2026-01-15 08:00:00
120.82,120,REZEKNE_MUNICIPALITY,NULL,2026-01-15 08:00:00
120.83,120,RIEBINI_MUNICIPALITY,NULL,2026-01-15 08:00:00
120.84,120,RIGA,RIX,2026-01-15 08:00:00
120.85,120,ROJA_MUNICIPALITY,NULL,2026-01-15 08:00:00
120.86,120,ROPAZI_MUNICIPALITY,NULL,2026-01-15 08:00:00
120.87,120,RUCAVA_MUNICIPALITY,NULL,2026-01-15 08:00:00
120.88,120,RUGAJI_MUNICIPALITY,NULL,2026-01-15 08:00:00
120.89,120,RUJIENA_MUNICIPALITY,NULL,2026-01-15 08:00:00
120.9,120,APE_MUNICIPALITY,NULL,2026-01-15 08:00:00
120.90,120,RUNDALE_MUNICIPALITY,NULL,2026-01-15 08:00:00
120.91,120,SALA_MUNICIPALITY,NULL,2026-01-15 08:00:00
120.92,120,SALACGRIVA_MUNICIPALITY,NULL,2026-01-15 08:00:00
120.93,120,SALASPILS_MUNICIPALITY,NULL,2026-01-15 08:00:00
120.94,120,SALDUS_MUNICIPALITY,NULL,2026-01-15 08:00:00
120.95,120,SAULKRASTI_MUNICIPALITY,NULL,2026-01-15 08:00:00
120.96,120,SEJA_MUNICIPALITY,NULL,2026-01-15 08:00:00
120.97,120,SIGULDA_MUNICIPALITY,NULL,2026-01-15 08:00:00
120.98,120,SKRIVERI_MUNICIPALITY,NULL,2026-01-15 08:00:00
120.99,120,SKRUNDA_MUNICIPALITY,NULL,2026-01-15 08:00:00
1.21,1,LOGAR,LOG,2026-01-15 08:00:00
12.1,12,ARAGATSOTN_REGION,AG,2026-01-15 08:00:00
12.10,12,VAYOTS_DZOR_REGION,VD,2026-01-15 08:00:00
12.11,12,YEREVAN,ER,2026-01-15 08:00:00
121.1,121,AKKAR,AK,2026-01-15 08:00:00
121.2,121,BAALBEK-HERMEL,BH,2026-01-15 08:00:00
121.3,121,BEIRUT,BA,2026-01-15 08:00:00
121.4,121,BEQAA,BI,2026-01-15 08:00:00
121.5,121,MOUNT_LEBANON,JL,2026-01-15 08:00:00
121.6,121,NABATIEH,NULL,2026-01-15 08:00:00
121.7,121,NORTH,AS,2026-01-15 08:00:00
121.8,121,SOUTH,JA,2026-01-15 08:00:00
1.22,1,NANGARHAR,NAN,2026-01-15 08:00:00
12.2,12,ARARAT_PROVINCE,AR,2026-01-15 08:00:00
122.1,122,BEREA_DISTRICT,D,2026-01-15 08:00:00
122.10,122,THABA-TSEKA_DISTRICT,K,2026-01-15 08:00:00
122.2,122,BUTHA-BUTHE_DISTRICT,B,2026-01-15 08:00:00
122.3,122,LERIBE_DISTRICT,C,2026-01-15 08:00:00
122.4,122,MAFETENG_DISTRICT,E,2026-01-15 08:00:00
122.5,122,MASERU_DISTRICT,A,2026-01-15 08:00:00
122.6,122,MOHALE'S_HOEK_DISTRICT,F,2026-01-15 08:00:00
122.7,122,MOKHOTLONG_DISTRICT,J,2026-01-15 08:00:00
122.8,122,QACHA'S_NEK_DISTRICT,H,2026-01-15 08:00:00
122.9,122,QUTHING_DISTRICT,G,2026-01-15 08:00:00
1.23,1,NIMRUZ,NIM,2026-01-15 08:00:00
12.3,12,ARMAVIR_REGION,AV,2026-01-15 08:00:00
123.1,123,BOMI_COUNTY,BM,2026-01-15 08:00:00
123.10,123,MARYLAND_COUNTY,MY,2026-01-15 08:00:00
123.11,123,MONTSERRADO_COUNTY,MO,2026-01-15 08:00:00
123.12,123,NIMBA,NI,2026-01-15 08:00:00
123.13,123,RIVER_CESS_COUNTY,RI,2026-01-15 08:00:00
123.14,123,RIVER_GEE_COUNTY,RG,2026-01-15 08:00:00
123.15,123,SINOE_COUNTY,SI,2026-01-15 08:00:00
123.2,123,BONG_COUNTY,BG,2026-01-15 08:00:00
123.3,123,GBARPOLU_COUNTY,GP,2026-01-15 08:00:00
123.4,123,GRAND_BASSA_COUNTY,GB,2026-01-15 08:00:00
123.5,123,GRAND_CAPE_MOUNT_COUNTY,CM,2026-01-15 08:00:00
123.6,123,GRAND_GEDEH_COUNTY,GG,2026-01-15 08:00:00
123.7,123,GRAND_KRU_COUNTY,GK,2026-01-15 08:00:00
123.8,123,LOFA_COUNTY,LO,2026-01-15 08:00:00
123.9,123,MARGIBI_COUNTY,MG,2026-01-15 08:00:00
1.24,1,NURISTAN,NUR,2026-01-15 08:00:00
12.4,12,GEGHARKUNIK_PROVINCE,GR,2026-01-15 08:00:00
124.1,124,AL_WAHAT_DISTRICT,WA,2026-01-15 08:00:00
124.10,124,MARJ_DISTRICT,MJ,2026-01-15 08:00:00
124.11,124,MISRATA_DISTRICT,MI,2026-01-15 08:00:00
124.12,124,MURQUB,MB,2026-01-15 08:00:00
124.13,124,MURZUQ_DISTRICT,MQ,2026-01-15 08:00:00
124.14,124,NALUT_DISTRICT,NL,2026-01-15 08:00:00
124.15,124,NUQAT_AL_KHAMS,NQ,2026-01-15 08:00:00
124.16,124,SABHA_DISTRICT,SB,2026-01-15 08:00:00
124.17,124,SIRTE_DISTRICT,SR,2026-01-15 08:00:00
124.18,124,TRIPOLI_DISTRICT,TB,2026-01-15 08:00:00
124.19,124,WADI_AL_HAYAA_DISTRICT,WD,2026-01-15 08:00:00
124.2,124,BENGHAZI,BA,2026-01-15 08:00:00
124.20,124,WADI_AL_SHATII_DISTRICT,WS,2026-01-15 08:00:00
124.21,124,ZAWIYA_DISTRICT,ZA,2026-01-15 08:00:00
124.3,124,DERNA_DISTRICT,DR,2026-01-15 08:00:00
124.4,124,GHAT_DISTRICT,GT,2026-01-15 08:00:00
124.5,124,JABAL_AL_AKHDAR,JA,2026-01-15 08:00:00
124.6,124,JABAL_AL_GHARBI_DISTRICT,JG,2026-01-15 08:00:00
124.7,124,JAFARA,JI,2026-01-15 08:00:00
124.8,124,JUFRA,JU,2026-01-15 08:00:00
124.9,124,KUFRA_DISTRICT,KF,2026-01-15 08:00:00
1.25,1,PAKTIA,PIA,2026-01-15 08:00:00
12.5,12,KOTAYK_REGION,KT,2026-01-15 08:00:00
125.1,125,BALZERS,NULL,2026-01-15 08:00:00
125.10,125,TRIESENBERG,NULL,2026-01-15 08:00:00
125.11,125,VADUZ,NULL,2026-01-15 08:00:00
125.2,125,ESCHEN,NULL,2026-01-15 08:00:00
125.3,125,GAMPRIN,NULL,2026-01-15 08:00:00
125.4,125,MAUREN,NULL,2026-01-15 08:00:00
125.5,125,PLANKEN,NULL,2026-01-15 08:00:00
125.6,125,RUGGELL,NULL,2026-01-15 08:00:00
125.7,125,SCHAAN,NULL,2026-01-15 08:00:00
125.8,125,SCHELLENBERG,NULL,2026-01-15 08:00:00
125.9,125,TRIESEN,NULL,2026-01-15 08:00:00
1.26,1,PAKTIKA,PKA,2026-01-15 08:00:00
12.6,12,LORI_REGION,LO,2026-01-15 08:00:00
126.1,126,AKMENE_DISTRICT_MUNICIPALITY,NULL,2026-01-15 08:00:00
126.10,126,JONAVA_DISTRICT_MUNICIPALITY,NULL,2026-01-15 08:00:00
126.11,126,JONISKIS_DISTRICT_MUNICIPALITY,NULL,2026-01-15 08:00:00
126.12,126,JURBARKAS_DISTRICT_MUNICIPALITY,NULL,2026-01-15 08:00:00
126.13,126,KAISIADORYS_DISTRICT_MUNICIPALITY,NULL,2026-01-15 08:00:00
126.14,126,KALVARIJA_MUNICIPALITY,NULL,2026-01-15 08:00:00
126.15,126,KAUNAS_CITY_MUNICIPALITY,NULL,2026-01-15 08:00:00
126.16,126,KAUNAS_COUNTY,KU,2026-01-15 08:00:00
126.17,126,KAUNAS_DISTRICT_MUNICIPALITY,NULL,2026-01-15 08:00:00
126.18,126,KAZLU_RUDA_MUNICIPALITY,NULL,2026-01-15 08:00:00
126.19,126,KEDAINIAI_DISTRICT_MUNICIPALITY,NULL,2026-01-15 08:00:00
126.2,126,ALYTUS_CITY_MUNICIPALITY,NULL,2026-01-15 08:00:00
126.20,126,KELME_DISTRICT_MUNICIPALITY,NULL,2026-01-15 08:00:00
126.21,126,KLAIPEDA_CITY_MUNICIPALITY,NULL,2026-01-15 08:00:00
126.22,126,KLAIPEDA_COUNTY,KL,2026-01-15 08:00:00
126.23,126,KLAIPEDA_DISTRICT_MUNICIPALITY,NULL,2026-01-15 08:00:00
126.24,126,KRETINGA_DISTRICT_MUNICIPALITY,NULL,2026-01-15 08:00:00
126.25,126,KUPISKIS_DISTRICT_MUNICIPALITY,NULL,2026-01-15 08:00:00
126.26,126,LAZDIJAI_DISTRICT_MUNICIPALITY,NULL,2026-01-15 08:00:00
126.27,126,MARIJAMPOLE_COUNTY,MR,2026-01-15 08:00:00
126.28,126,MARIJAMPOLE_MUNICIPALITY,NULL,2026-01-15 08:00:00
126.29,126,MAZEIKIAI_DISTRICT_MUNICIPALITY,NULL,2026-01-15 08:00:00
126.3,126,ALYTUS_COUNTY,AL,2026-01-15 08:00:00
126.30,126,MOLETAI_DISTRICT_MUNICIPALITY,NULL,2026-01-15 08:00:00
126.31,126,NERINGA_MUNICIPALITY,NULL,2026-01-15 08:00:00
126.32,126,PAGEGIAI_MUNICIPALITY,NULL,2026-01-15 08:00:00
126.33,126,PAKRUOJIS_DISTRICT_MUNICIPALITY,NULL,2026-01-15 08:00:00
126.34,126,PALANGA_CITY_MUNICIPALITY,NULL,2026-01-15 08:00:00
126.35,126,PANEVEZYS_CITY_MUNICIPALITY,NULL,2026-01-15 08:00:00
126.36,126,PANEVEZYS_COUNTY,PN,2026-01-15 08:00:00
126.37,126,PANEVEZYS_DISTRICT_MUNICIPALITY,NULL,2026-01-15 08:00:00
126.38,126,PASVALYS_DISTRICT_MUNICIPALITY,NULL,2026-01-15 08:00:00
126.39,126,PLUNGE_DISTRICT_MUNICIPALITY,NULL,2026-01-15 08:00:00
126.4,126,ALYTUS_DISTRICT_MUNICIPALITY,NULL,2026-01-15 08:00:00
126.40,126,PRIENAI_DISTRICT_MUNICIPALITY,NULL,2026-01-15 08:00:00
126.41,126,RADVILISKIS_DISTRICT_MUNICIPALITY,NULL,2026-01-15 08:00:00
126.42,126,RASEINIAI_DISTRICT_MUNICIPALITY,NULL,2026-01-15 08:00:00
126.43,126,RIETAVAS_MUNICIPALITY,NULL,2026-01-15 08:00:00
126.44,126,ROKISKIS_DISTRICT_MUNICIPALITY,NULL,2026-01-15 08:00:00
126.45,126,SAKIAI_DISTRICT_MUNICIPALITY,NULL,2026-01-15 08:00:00
126.46,126,SALCININKAI_DISTRICT_MUNICIPALITY,NULL,2026-01-15 08:00:00
126.47,126,SIAULIAI_CITY_MUNICIPALITY,NULL,2026-01-15 08:00:00
126.48,126,SIAULIAI_COUNTY,SA,2026-01-15 08:00:00
126.49,126,SIAULIAI_DISTRICT_MUNICIPALITY,NULL,2026-01-15 08:00:00
126.5,126,BIRSTONAS_MUNICIPALITY,NULL,2026-01-15 08:00:00
126.50,126,SILALE_DISTRICT_MUNICIPALITY,NULL,2026-01-15 08:00:00
126.51,126,SILUTE_DISTRICT_MUNICIPALITY,NULL,2026-01-15 08:00:00
126.52,126,SIRVINTOS_DISTRICT_MUNICIPALITY,NULL,2026-01-15 08:00:00
126.53,126,SKUODAS_DISTRICT_MUNICIPALITY,NULL,2026-01-15 08:00:00
126.54,126,SVENCIONYS_DISTRICT_MUNICIPALITY,NULL,2026-01-15 08:00:00
126.55,126,TAURAGE_COUNTY,TA,2026-01-15 08:00:00
126.56,126,TAURAGE_DISTRICT_MUNICIPALITY,NULL,2026-01-15 08:00:00
126.57,126,TELSIAI_COUNTY,TE,2026-01-15 08:00:00
126.58,126,TELSIAI_DISTRICT_MUNICIPALITY,NULL,2026-01-15 08:00:00
126.59,126,TRAKAI_DISTRICT_MUNICIPALITY,NULL,2026-01-15 08:00:00
126.6,126,BIRZAI_DISTRICT_MUNICIPALITY,NULL,2026-01-15 08:00:00
126.60,126,UKMERGE_DISTRICT_MUNICIPALITY,NULL,2026-01-15 08:00:00
126.61,126,UTENA_COUNTY,UT,2026-01-15 08:00:00
126.62,126,UTENA_DISTRICT_MUNICIPALITY,NULL,2026-01-15 08:00:00
126.63,126,VARENA_DISTRICT_MUNICIPALITY,NULL,2026-01-15 08:00:00
126.64,126,VILKAVISKIS_DISTRICT_MUNICIPALITY,NULL,2026-01-15 08:00:00
126.65,126,VILNIUS_CITY_MUNICIPALITY,NULL,2026-01-15 08:00:00
126.66,126,VILNIUS_COUNTY,VL,2026-01-15 08:00:00
126.67,126,VILNIUS_DISTRICT_MUNICIPALITY,NULL,2026-01-15 08:00:00
126.68,126,VISAGINAS_MUNICIPALITY,NULL,2026-01-15 08:00:00
126.69,126,ZARASAI_DISTRICT_MUNICIPALITY,NULL,2026-01-15 08:00:00
126.7,126,DRUSKININKAI_MUNICIPALITY,NULL,2026-01-15 08:00:00
126.8,126,ELEKTRENAI_MUNICIPALITY,NULL,2026-01-15 08:00:00
126.9,126,IGNALINA_DISTRICT_MUNICIPALITY,NULL,2026-01-15 08:00:00
1.27,1,PANJSHIR,PAN,2026-01-15 08:00:00
12.7,12,SHIRAK_REGION,SH,2026-01-15 08:00:00
127.1,127,CANTON_OF_CAPELLEN,CA,2026-01-15 08:00:00
127.10,127,CANTON_OF_REMICH,RM,2026-01-15 08:00:00
127.11,127,CANTON_OF_VIANDEN,VD,2026-01-15 08:00:00
127.12,127,CANTON_OF_WILTZ,WI,2026-01-15 08:00:00
127.13,127,DIEKIRCH_DISTRICT,D,2026-01-15 08:00:00
127.14,127,GREVENMACHER_DISTRICT,G,2026-01-15 08:00:00
127.15,127,LUXEMBOURG_DISTRICT,L,2026-01-15 08:00:00
127.2,127,CANTON_OF_CLERVAUX,CL,2026-01-15 08:00:00
127.3,127,CANTON_OF_DIEKIRCH,DI,2026-01-15 08:00:00
127.4,127,CANTON_OF_ECHTERNACH,EC,2026-01-15 08:00:00
127.5,127,CANTON_OF_ESCH-SUR-ALZETTE,ES,2026-01-15 08:00:00
127.6,127,CANTON_OF_GREVENMACHER,GR,2026-01-15 08:00:00
127.7,127,CANTON_OF_LUXEMBOURG,LU,2026-01-15 08:00:00
127.8,127,CANTON_OF_MERSCH,ME,2026-01-15 08:00:00
127.9,127,CANTON_OF_REDANGE,RD,2026-01-15 08:00:00
1.28,1,PARWAN,PAR,2026-01-15 08:00:00
12.8,12,SYUNIK_PROVINCE,SU,2026-01-15 08:00:00
1.29,1,SAMANGAN,SAM,2026-01-15 08:00:00
12.9,12,TAVUSH_REGION,TV,2026-01-15 08:00:00
129.1,129,AERODROM_MUNICIPALITY,NULL,2026-01-15 08:00:00
129.10,129,CAIR_MUNICIPALITY,NULL,2026-01-15 08:00:00
129.11,129,CASKA_MUNICIPALITY,NULL,2026-01-15 08:00:00
129.12,129,CENTAR_MUNICIPALITY,NULL,2026-01-15 08:00:00
129.13,129,CENTAR_ZUPA_MUNICIPALITY,NULL,2026-01-15 08:00:00
129.14,129,CESINOVO-OBLESEVO_MUNICIPALITY,NULL,2026-01-15 08:00:00
129.15,129,CUCER-SANDEVO_MUNICIPALITY,NULL,2026-01-15 08:00:00
129.16,129,DEBARCA_MUNICIPALITY,NULL,2026-01-15 08:00:00
129.17,129,DELCEVO_MUNICIPALITY,NULL,2026-01-15 08:00:00
129.18,129,DEMIR_HISAR_MUNICIPALITY,NULL,2026-01-15 08:00:00
129.19,129,DEMIR_KAPIJA_MUNICIPALITY,NULL,2026-01-15 08:00:00
129.2,129,ARACINOVO_MUNICIPALITY,NULL,2026-01-15 08:00:00
129.20,129,DOJRAN_MUNICIPALITY,NULL,2026-01-15 08:00:00
129.21,129,DOLNENI_MUNICIPALITY,NULL,2026-01-15 08:00:00
129.22,129,DRUGOVO_MUNICIPALITY,NULL,2026-01-15 08:00:00
129.23,129,GAZI_BABA_MUNICIPALITY,NULL,2026-01-15 08:00:00
129.24,129,GEVGELIJA_MUNICIPALITY,NULL,2026-01-15 08:00:00
129.25,129,GJORCE_PETROV_MUNICIPALITY,NULL,2026-01-15 08:00:00
129.26,129,GOSTIVAR_MUNICIPALITY,NULL,2026-01-15 08:00:00
129.27,129,GRADSKO_MUNICIPALITY,NULL,2026-01-15 08:00:00
129.28,129,GREATER_SKOPJE,NULL,2026-01-15 08:00:00
129.29,129,ILINDEN_MUNICIPALITY,NULL,2026-01-15 08:00:00
129.3,129,BEROVO_MUNICIPALITY,NULL,2026-01-15 08:00:00
129.30,129,JEGUNOVCE_MUNICIPALITY,NULL,2026-01-15 08:00:00
129.31,129,KARBINCI,NULL,2026-01-15 08:00:00
129.32,129,KARPOS_MUNICIPALITY,NULL,2026-01-15 08:00:00
129.33,129,KAVADARCI_MUNICIPALITY,NULL,2026-01-15 08:00:00
129.34,129,KICEVO_MUNICIPALITY,NULL,2026-01-15 08:00:00
129.35,129,KISELA_VODA_MUNICIPALITY,NULL,2026-01-15 08:00:00
129.36,129,KOCANI_MUNICIPALITY,NULL,2026-01-15 08:00:00
129.37,129,KONCE_MUNICIPALITY,NULL,2026-01-15 08:00:00
129.38,129,KRATOVO_MUNICIPALITY,NULL,2026-01-15 08:00:00
129.39,129,KRIVA_PALANKA_MUNICIPALITY,NULL,2026-01-15 08:00:00
129.4,129,BITOLA_MUNICIPALITY,NULL,2026-01-15 08:00:00
129.40,129,KRIVOGASTANI_MUNICIPALITY,NULL,2026-01-15 08:00:00
129.41,129,KRUSEVO_MUNICIPALITY,NULL,2026-01-15 08:00:00
129.42,129,KUMANOVO_MUNICIPALITY,NULL,2026-01-15 08:00:00
129.43,129,LIPKOVO_MUNICIPALITY,NULL,2026-01-15 08:00:00
129.44,129,LOZOVO_MUNICIPALITY,NULL,2026-01-15 08:00:00
129.45,129,MAKEDONSKA_KAMENICA_MUNICIPALITY,NULL,2026-01-15 08:00:00
129.46,129,MAKEDONSKI_BROD_MUNICIPALITY,NULL,2026-01-15 08:00:00
129.47,129,MAVROVO_AND_ROSTUSA_MUNICIPALITY,NULL,2026-01-15 08:00:00
129.48,129,MOGILA_MUNICIPALITY,NULL,2026-01-15 08:00:00
129.49,129,NEGOTINO_MUNICIPALITY,NULL,2026-01-15 08:00:00
129.5,129,BOGDANCI_MUNICIPALITY,NULL,2026-01-15 08:00:00
129.50,129,NOVACI_MUNICIPALITY,NULL,2026-01-15 08:00:00
129.51,129,NOVO_SELO_MUNICIPALITY,NULL,2026-01-15 08:00:00
129.52,129,OHRID_MUNICIPALITY,NULL,2026-01-15 08:00:00
129.53,129,OSLOMEJ_MUNICIPALITY,NULL,2026-01-15 08:00:00
129.54,129,PEHCEVO_MUNICIPALITY,NULL,2026-01-15 08:00:00
129.55,129,PETROVEC_MUNICIPALITY,NULL,2026-01-15 08:00:00
129.56,129,PLASNICA_MUNICIPALITY,NULL,2026-01-15 08:00:00
129.57,129,PRILEP_MUNICIPALITY,NULL,2026-01-15 08:00:00
129.58,129,PROBISTIP_MUNICIPALITY,NULL,2026-01-15 08:00:00
129.59,129,RADOVIS_MUNICIPALITY,NULL,2026-01-15 08:00:00
129.6,129,BOGOVINJE_MUNICIPALITY,NULL,2026-01-15 08:00:00
129.60,129,RANKOVCE_MUNICIPALITY,NULL,2026-01-15 08:00:00
129.61,129,RESEN_MUNICIPALITY,NULL,2026-01-15 08:00:00
129.62,129,ROSOMAN_MUNICIPALITY,NULL,2026-01-15 08:00:00
129.63,129,SARAJ_MUNICIPALITY,NULL,2026-01-15 08:00:00
129.64,129,SOPISTE_MUNICIPALITY,NULL,2026-01-15 08:00:00
129.65,129,STARO_NAGORICANE_MUNICIPALITY,NULL,2026-01-15 08:00:00
129.66,129,STIP_MUNICIPALITY,NULL,2026-01-15 08:00:00
129.67,129,STRUGA_MUNICIPALITY,NULL,2026-01-15 08:00:00
129.68,129,STRUMICA_MUNICIPALITY,NULL,2026-01-15 08:00:00
129.69,129,STUDENICANI_MUNICIPALITY,NULL,2026-01-15 08:00:00
129.7,129,BOSILOVO_MUNICIPALITY,NULL,2026-01-15 08:00:00
129.70,129,SUTO_ORIZARI_MUNICIPALITY,NULL,2026-01-15 08:00:00
129.71,129,SVETI_NIKOLE_MUNICIPALITY,NULL,2026-01-15 08:00:00
129.72,129,TEARCE_MUNICIPALITY,NULL,2026-01-15 08:00:00
129.73,129,TETOVO_MUNICIPALITY,NULL,2026-01-15 08:00:00
129.74,129,VALANDOVO_MUNICIPALITY,NULL,2026-01-15 08:00:00
129.75,129,VASILEVO_MUNICIPALITY,NULL,2026-01-15 08:00:00
129.76,129,VELES_MUNICIPALITY,NULL,2026-01-15 08:00:00
129.77,129,VEVCANI_MUNICIPALITY,NULL,2026-01-15 08:00:00
129.78,129,VINICA_MUNICIPALITY,NULL,2026-01-15 08:00:00
129.79,129,VRANESTICA_MUNICIPALITY,NULL,2026-01-15 08:00:00
129.8,129,BRVENICA_MUNICIPALITY,NULL,2026-01-15 08:00:00
129.80,129,VRAPCISTE_MUNICIPALITY,NULL,2026-01-15 08:00:00
129.81,129,ZAJAS_MUNICIPALITY,NULL,2026-01-15 08:00:00
129.82,129,ZELENIKOVO_MUNICIPALITY,NULL,2026-01-15 08:00:00
129.83,129,ZELINO_MUNICIPALITY,NULL,2026-01-15 08:00:00
129.84,129,ZRNOVCI_MUNICIPALITY,NULL,2026-01-15 08:00:00
129.9,129,BUTEL_MUNICIPALITY,NULL,2026-01-15 08:00:00
1.3,1,BAGHLAN,BGL,2026-01-15 08:00:00
1.30,1,SAR-E_POL,SAR,2026-01-15 08:00:00
130.1,130,ANTANANARIVO_PROVINCE,T,2026-01-15 08:00:00
130.2,130,ANTSIRANANA_PROVINCE,D,2026-01-15 08:00:00
130.3,130,FIANARANTSOA_PROVINCE,F,2026-01-15 08:00:00
130.4,130,MAHAJANGA_PROVINCE,M,2026-01-15 08:00:00
130.5,130,TOAMASINA_PROVINCE,A,2026-01-15 08:00:00
130.6,130,TOLIARA_PROVINCE,U,2026-01-15 08:00:00
1.31,1,TAKHAR,TAK,2026-01-15 08:00:00
131.1,131,BALAKA_DISTRICT,BA,2026-01-15 08:00:00
131.10,131,KASUNGU_DISTRICT,KS,2026-01-15 08:00:00
131.11,131,LIKOMA_DISTRICT,LK,2026-01-15 08:00:00
131.12,131,LILONGWE_DISTRICT,LI,2026-01-15 08:00:00
131.13,131,MACHINGA_DISTRICT,MH,2026-01-15 08:00:00
131.14,131,MANGOCHI_DISTRICT,MG,2026-01-15 08:00:00
131.15,131,MCHINJI_DISTRICT,MC,2026-01-15 08:00:00
131.16,131,MULANJE_DISTRICT,MU,2026-01-15 08:00:00
131.17,131,MWANZA_DISTRICT,MW,2026-01-15 08:00:00
131.18,131,MZIMBA_DISTRICT,MZ,2026-01-15 08:00:00
131.19,131,NKHATA_BAY_DISTRICT,NB,2026-01-15 08:00:00
131.2,131,BLANTYRE_DISTRICT,BL,2026-01-15 08:00:00
131.20,131,NKHOTAKOTA_DISTRICT,NK,2026-01-15 08:00:00
131.21,131,NORTHERN_REGION,N,2026-01-15 08:00:00
131.22,131,NSANJE_DISTRICT,NS,2026-01-15 08:00:00
131.23,131,NTCHEU_DISTRICT,NU,2026-01-15 08:00:00
131.24,131,NTCHISI_DISTRICT,NI,2026-01-15 08:00:00
131.25,131,PHALOMBE_DISTRICT,PH,2026-01-15 08:00:00
131.26,131,RUMPHI_DISTRICT,RU,2026-01-15 08:00:00
131.27,131,SALIMA_DISTRICT,SA,2026-01-15 08:00:00
131.28,131,SOUTHERN_REGION,S,2026-01-15 08:00:00
131.29,131,THYOLO_DISTRICT,TH,2026-01-15 08:00:00
131.3,131,CENTRAL_REGION,C,2026-01-15 08:00:00
131.30,131,ZOMBA_DISTRICT,ZO,2026-01-15 08:00:00
131.4,131,CHIKWAWA_DISTRICT,CK,2026-01-15 08:00:00
131.5,131,CHIRADZULU_DISTRICT,CR,2026-01-15 08:00:00
131.6,131,CHITIPA_DISTRICT,CT,2026-01-15 08:00:00
131.7,131,DEDZA_DISTRICT,DE,2026-01-15 08:00:00
131.8,131,DOWA_DISTRICT,DO,2026-01-15 08:00:00
131.9,131,KARONGA_DISTRICT,KR,2026-01-15 08:00:00
1.32,1,UROZGAN,URU,2026-01-15 08:00:00
132.1,132,JOHOR,NULL,2026-01-15 08:00:00
132.10,132,PERAK,NULL,2026-01-15 08:00:00
132.11,132,PERLIS,NULL,2026-01-15 08:00:00
132.12,132,PUTRAJAYA,NULL,2026-01-15 08:00:00
132.13,132,SABAH,NULL,2026-01-15 08:00:00
132.14,132,SARAWAK,NULL,2026-01-15 08:00:00
132.15,132,SELANGOR,NULL,2026-01-15 08:00:00
132.16,132,TERENGGANU,NULL,2026-01-15 08:00:00
132.2,132,KEDAH,NULL,2026-01-15 08:00:00
132.3,132,KELANTAN,NULL,2026-01-15 08:00:00
132.4,132,KUALA_LUMPUR,NULL,2026-01-15 08:00:00
132.5,132,LABUAN,NULL,2026-01-15 08:00:00
132.6,132,MALACCA,NULL,2026-01-15 08:00:00
132.7,132,NEGERI_SEMBILAN,NULL,2026-01-15 08:00:00
132.8,132,PAHANG,NULL,2026-01-15 08:00:00
132.9,132,PENANG,NULL,2026-01-15 08:00:00
1.33,1,ZABUL,ZAB,2026-01-15 08:00:00
133.1,133,ADDU_ATOLL,NULL,2026-01-15 08:00:00
133.10,133,HAA_ALIF_ATOLL,NULL,2026-01-15 08:00:00
133.11,133,HAA_DHAALU_ATOLL,NULL,2026-01-15 08:00:00
133.12,133,KAAFU_ATOLL,NULL,2026-01-15 08:00:00
133.13,133,LAAMU_ATOLL,NULL,2026-01-15 08:00:00
133.14,133,LHAVIYANI_ATOLL,NULL,2026-01-15 08:00:00
133.15,133,MALE,MLE,2026-01-15 08:00:00
133.16,133,MEEMU_ATOLL,NULL,2026-01-15 08:00:00
133.17,133,NOONU_ATOLL,NULL,2026-01-15 08:00:00
133.18,133,NORTH_CENTRAL_PROVINCE,NC,2026-01-15 08:00:00
133.19,133,NORTH_PROVINCE,NO,2026-01-15 08:00:00
133.2,133,ALIF_ALIF_ATOLL,NULL,2026-01-15 08:00:00
133.20,133,RAA_ATOLL,NULL,2026-01-15 08:00:00
133.21,133,SHAVIYANI_ATOLL,NULL,2026-01-15 08:00:00
133.22,133,SOUTH_CENTRAL_PROVINCE,SC,2026-01-15 08:00:00
133.23,133,SOUTH_PROVINCE,SU,2026-01-15 08:00:00
133.24,133,THAA_ATOLL,NULL,2026-01-15 08:00:00
133.25,133,UPPER_SOUTH_PROVINCE,US,2026-01-15 08:00:00
133.26,133,VAAVU_ATOLL,NULL,2026-01-15 08:00:00
133.3,133,ALIF_DHAAL_ATOLL,NULL,2026-01-15 08:00:00
133.4,133,CENTRAL_PROVINCE,CE,2026-01-15 08:00:00
133.5,133,DHAALU_ATOLL,NULL,2026-01-15 08:00:00
133.6,133,FAAFU_ATOLL,NULL,2026-01-15 08:00:00
133.7,133,GAAFU_ALIF_ATOLL,NULL,2026-01-15 08:00:00
133.8,133,GAAFU_DHAALU_ATOLL,NULL,2026-01-15 08:00:00
133.9,133,GNAVIYANI_ATOLL,NULL,2026-01-15 08:00:00
134.1,134,BAMAKO,BKO,2026-01-15 08:00:00
134.10,134,TAOUDENIT_REGION,NULL,2026-01-15 08:00:00
134.11,134,TOMBOUCTOU_REGION,NULL,2026-01-15 08:00:00
134.2,134,GAO_REGION,NULL,2026-01-15 08:00:00
134.3,134,KAYES_REGION,NULL,2026-01-15 08:00:00
134.4,134,KIDAL_REGION,NULL,2026-01-15 08:00:00
134.5,134,KOULIKORO_REGION,NULL,2026-01-15 08:00:00
134.6,134,MENAKA_REGION,NULL,2026-01-15 08:00:00
134.7,134,MOPTI_REGION,NULL,2026-01-15 08:00:00
134.8,134,SEGOU_REGION,NULL,2026-01-15 08:00:00
134.9,134,SIKASSO_REGION,NULL,2026-01-15 08:00:00
135.1,135,ATTARD,NULL,2026-01-15 08:00:00
135.10,135,FONTANA,NULL,2026-01-15 08:00:00
135.11,135,GHAJNSIELEM,NULL,2026-01-15 08:00:00
135.12,135,GHARB,NULL,2026-01-15 08:00:00
135.13,135,GHARGHUR,NULL,2026-01-15 08:00:00
135.14,135,GHASRI,NULL,2026-01-15 08:00:00
135.15,135,GHAXAQ,NULL,2026-01-15 08:00:00
135.16,135,GUDJA,NULL,2026-01-15 08:00:00
135.17,135,GZIRA,NULL,2026-01-15 08:00:00
135.18,135,HAMRUN,NULL,2026-01-15 08:00:00
135.19,135,IKLIN,NULL,2026-01-15 08:00:00
135.2,135,BALZAN,NULL,2026-01-15 08:00:00
135.20,135,KALKARA,NULL,2026-01-15 08:00:00
135.21,135,KERCEM,NULL,2026-01-15 08:00:00
135.22,135,KIRKOP,NULL,2026-01-15 08:00:00
135.23,135,LIJA,NULL,2026-01-15 08:00:00
135.24,135,LUQA,NULL,2026-01-15 08:00:00
135.25,135,MARSA,NULL,2026-01-15 08:00:00
135.26,135,MARSASKALA,NULL,2026-01-15 08:00:00
135.27,135,MARSAXLOKK,NULL,2026-01-15 08:00:00
135.28,135,MDINA,NULL,2026-01-15 08:00:00
135.29,135,MELLIEHA,NULL,2026-01-15 08:00:00
135.3,135,BIRGU,NULL,2026-01-15 08:00:00
135.30,135,MGARR,NULL,2026-01-15 08:00:00
135.31,135,MOSTA,NULL,2026-01-15 08:00:00
135.32,135,MQABBA,NULL,2026-01-15 08:00:00
135.33,135,MSIDA,NULL,2026-01-15 08:00:00
135.34,135,MTARFA,NULL,2026-01-15 08:00:00
135.35,135,MUNXAR,NULL,2026-01-15 08:00:00
135.36,135,NADUR,NULL,2026-01-15 08:00:00
135.37,135,NAXXAR,NULL,2026-01-15 08:00:00
135.38,135,PAOLA,NULL,2026-01-15 08:00:00
135.39,135,PEMBROKE,NULL,2026-01-15 08:00:00
135.4,135,BIRKIRKARA,NULL,2026-01-15 08:00:00
135.40,135,PIETA,NULL,2026-01-15 08:00:00
135.41,135,QALA,NULL,2026-01-15 08:00:00
135.42,135,QORMI,NULL,2026-01-15 08:00:00
135.43,135,QRENDI,NULL,2026-01-15 08:00:00
135.44,135,RABAT,NULL,2026-01-15 08:00:00
135.45,135,SAINT_LAWRENCE,NULL,2026-01-15 08:00:00
135.46,135,SAN_GWANN,NULL,2026-01-15 08:00:00
135.47,135,SANNAT,NULL,2026-01-15 08:00:00
135.48,135,SANTA_LUCIJA,NULL,2026-01-15 08:00:00
135.49,135,SANTA_VENERA,NULL,2026-01-15 08:00:00
135.5,135,BIRZEBBUGA,NULL,2026-01-15 08:00:00
135.50,135,SENGLEA,NULL,2026-01-15 08:00:00
135.51,135,SIGGIEWI,NULL,2026-01-15 08:00:00
135.52,135,SLIEMA,NULL,2026-01-15 08:00:00
135.53,135,ST_JULIAN'S,NULL,2026-01-15 08:00:00
135.54,135,ST_PAUL'S_BAY,NULL,2026-01-15 08:00:00
135.55,135,SWIEQI,NULL,2026-01-15 08:00:00
135.56,135,TA'_XBIEX,NULL,2026-01-15 08:00:00
135.57,135,TARXIEN,NULL,2026-01-15 08:00:00
135.58,135,VALLETTA,NULL,2026-01-15 08:00:00
135.59,135,VICTORIA,NULL,2026-01-15 08:00:00
135.6,135,COSPICUA,NULL,2026-01-15 08:00:00
135.60,135,XAGHRA,NULL,2026-01-15 08:00:00
135.61,135,XEWKIJA,NULL,2026-01-15 08:00:00
135.62,135,XGHAJRA,NULL,2026-01-15 08:00:00
135.63,135,ZABBAR,NULL,2026-01-15 08:00:00
135.64,135,ZEBBUG_GOZO,NULL,2026-01-15 08:00:00
135.65,135,ZEBBUG_MALTA,NULL,2026-01-15 08:00:00
135.66,135,ZEJTUN,NULL,2026-01-15 08:00:00
135.67,135,ZURRIEQ,NULL,2026-01-15 08:00:00
135.7,135,DINGLI,NULL,2026-01-15 08:00:00
135.8,135,FGURA,NULL,2026-01-15 08:00:00
135.9,135,FLORIANA,NULL,2026-01-15 08:00:00
137.1,137,RALIK_CHAIN,L,2026-01-15 08:00:00
137.2,137,RATAK_CHAIN,T,2026-01-15 08:00:00
139.1,139,ADRAR,NULL,2026-01-15 08:00:00
139.10,139,NOUAKCHOTT-NORD,NULL,2026-01-15 08:00:00
139.11,139,NOUAKCHOTT-OUEST,NULL,2026-01-15 08:00:00
139.12,139,NOUAKCHOTT-SUD,NULL,2026-01-15 08:00:00
139.13,139,TAGANT,NULL,2026-01-15 08:00:00
139.14,139,TIRIS_ZEMMOUR,NULL,2026-01-15 08:00:00
139.15,139,TRARZA,NULL,2026-01-15 08:00:00
139.2,139,ASSABA,NULL,2026-01-15 08:00:00
139.3,139,BRAKNA,NULL,2026-01-15 08:00:00
139.4,139,DAKHLET_NOUADHIBOU,NULL,2026-01-15 08:00:00
139.5,139,GORGOL,NULL,2026-01-15 08:00:00
139.6,139,GUIDIMAKA,NULL,2026-01-15 08:00:00
139.7,139,HODH_ECH_CHARGUI,NULL,2026-01-15 08:00:00
139.8,139,HODH_EL_GHARBI,NULL,2026-01-15 08:00:00
139.9,139,INCHIRI,NULL,2026-01-15 08:00:00
1.4,1,BALKH,BAL,2026-01-15 08:00:00
140.1,140,AGALEGA_ISLANDS,AG,2026-01-15 08:00:00
140.10,140,RODRIGUES_ISLAND,RO,2026-01-15 08:00:00
140.11,140,SAINT_BRANDON_ISLANDS,CC,2026-01-15 08:00:00
140.12,140,SAVANNE,SA,2026-01-15 08:00:00
140.2,140,BLACK_RIVER,BL,2026-01-15 08:00:00
140.3,140,FLACQ,FL,2026-01-15 08:00:00
140.4,140,GRAND_PORT,GP,2026-01-15 08:00:00
140.5,140,MOKA,MO,2026-01-15 08:00:00
140.6,140,PAMPLEMOUSSES,PA,2026-01-15 08:00:00
140.7,140,PLAINES_WILHEMS,PW,2026-01-15 08:00:00
140.8,140,PORT_LOUIS,PL,2026-01-15 08:00:00
140.9,140,RIVIERE_DU_REMPART,RR,2026-01-15 08:00:00
14.1,14,AUSTRALIAN_CAPITAL_TERRITORY,ACT,2026-01-15 08:00:00
14.2,14,NEW_SOUTH_WALES,NSW,2026-01-15 08:00:00
142.1,142,AGUASCALIENTES,AGU,2026-01-15 08:00:00
142.10,142,DURANGO,DUR,2026-01-15 08:00:00
142.11,142,ESTADO_DE_MEXICO,MEX,2026-01-15 08:00:00
142.12,142,GUANAJUATO,GUA,2026-01-15 08:00:00
142.13,142,GUERRERO,GRO,2026-01-15 08:00:00
142.14,142,HIDALGO,HID,2026-01-15 08:00:00
142.15,142,JALISCO,JAL,2026-01-15 08:00:00
142.16,142,MICHOACAN_DE_OCAMPO,MIC,2026-01-15 08:00:00
142.17,142,MORELOS,MOR,2026-01-15 08:00:00
142.18,142,NAYARIT,NAY,2026-01-15 08:00:00
142.19,142,NUEVO_LEON,NLE,2026-01-15 08:00:00
142.2,142,BAJA_CALIFORNIA,BCN,2026-01-15 08:00:00
142.20,142,OAXACA,OAX,2026-01-15 08:00:00
142.21,142,PUEBLA,PUE,2026-01-15 08:00:00
142.22,142,QUERETARO,QUE,2026-01-15 08:00:00
142.23,142,QUINTANA_ROO,ROO,2026-01-15 08:00:00
142.24,142,SAN_LUIS_POTOSI,SLP,2026-01-15 08:00:00
142.25,142,SINALOA,SIN,2026-01-15 08:00:00
142.26,142,SONORA,SON,2026-01-15 08:00:00
142.27,142,TABASCO,TAB,2026-01-15 08:00:00
142.28,142,TAMAULIPAS,TAM,2026-01-15 08:00:00
142.29,142,TLAXCALA,TLA,2026-01-15 08:00:00
142.3,142,BAJA_CALIFORNIA_SUR,BCS,2026-01-15 08:00:00
142.30,142,VERACRUZ_DE_IGNACIO_DE_LA_LLAVE,VER,2026-01-15 08:00:00
142.31,142,YUCATAN,YUC,2026-01-15 08:00:00
142.32,142,ZACATECAS,ZAC,2026-01-15 08:00:00
142.4,142,CAMPECHE,CAM,2026-01-15 08:00:00
142.5,142,CHIAPAS,CHP,2026-01-15 08:00:00
142.6,142,CHIHUAHUA,CHH,2026-01-15 08:00:00
142.7,142,CIUDAD_DE_MEXICO,CDMX,2026-01-15 08:00:00
142.8,142,COAHUILA_DE_ZARAGOZA,COA,2026-01-15 08:00:00
142.9,142,COLIMA,COL,2026-01-15 08:00:00
14.3,14,NORTHERN_TERRITORY,NT,2026-01-15 08:00:00
143.1,143,CHUUK_STATE,TRK,2026-01-15 08:00:00
143.2,143,KOSRAE_STATE,KSA,2026-01-15 08:00:00
143.3,143,POHNPEI_STATE,PNI,2026-01-15 08:00:00
143.4,143,YAP_STATE,YAP,2026-01-15 08:00:00
14.4,14,QUEENSLAND,QLD,2026-01-15 08:00:00
144.1,144,ANENII_NOI_DISTRICT,AN,2026-01-15 08:00:00
144.10,144,CHISINAU_MUNICIPALITY,CU,2026-01-15 08:00:00
144.11,144,CIMISLIA_DISTRICT,CM,2026-01-15 08:00:00
144.12,144,CRIULENI_DISTRICT,CR,2026-01-15 08:00:00
144.13,144,DONDUSENI_DISTRICT,DO,2026-01-15 08:00:00
144.14,144,DROCHIA_DISTRICT,DR,2026-01-15 08:00:00
144.15,144,DUBASARI_DISTRICT,DU,2026-01-15 08:00:00
144.16,144,EDINET_DISTRICT,ED,2026-01-15 08:00:00
144.17,144,FALESTI_DISTRICT,FA,2026-01-15 08:00:00
144.18,144,FLORESTI_DISTRICT,FL,2026-01-15 08:00:00
144.19,144,GAGAUZIA,GA,2026-01-15 08:00:00
144.2,144,BALTI_MUNICIPALITY,BA,2026-01-15 08:00:00
144.20,144,GLODENI_DISTRICT,GL,2026-01-15 08:00:00
144.21,144,HINCESTI_DISTRICT,HI,2026-01-15 08:00:00
144.22,144,IALOVENI_DISTRICT,IA,2026-01-15 08:00:00
144.23,144,NISPORENI_DISTRICT,NI,2026-01-15 08:00:00
144.24,144,OCNITA_DISTRICT,OC,2026-01-15 08:00:00
144.25,144,ORHEI_DISTRICT,OR,2026-01-15 08:00:00
144.26,144,REZINA_DISTRICT,RE,2026-01-15 08:00:00
144.27,144,RISCANI_DISTRICT,RI,2026-01-15 08:00:00
144.28,144,SINGEREI_DISTRICT,SI,2026-01-15 08:00:00
144.29,144,SOLDANESTI_DISTRICT,SD,2026-01-15 08:00:00
144.3,144,BASARABEASCA_DISTRICT,BS,2026-01-15 08:00:00
144.30,144,SOROCA_DISTRICT,SO,2026-01-15 08:00:00
144.31,144,STEFAN_VODA_DISTRICT,SV,2026-01-15 08:00:00
144.32,144,STRASENI_DISTRICT,ST,2026-01-15 08:00:00
144.33,144,TARACLIA_DISTRICT,TA,2026-01-15 08:00:00
144.34,144,TELENESTI_DISTRICT,TE,2026-01-15 08:00:00
144.35,144,TRANSNISTRIA_AUTONOMOUS_TERRITORIAL_UNIT,SN,2026-01-15 08:00:00
144.36,144,UNGHENI_DISTRICT,UN,2026-01-15 08:00:00
144.4,144,BENDER_MUNICIPALITY,BD,2026-01-15 08:00:00
144.5,144,BRICENI_DISTRICT,BR,2026-01-15 08:00:00
144.6,144,CAHUL_DISTRICT,CA,2026-01-15 08:00:00
144.7,144,CALARASI_DISTRICT,CL,2026-01-15 08:00:00
144.8,144,CANTEMIR_DISTRICT,CT,2026-01-15 08:00:00
144.9,144,CAUSENI_DISTRICT,CS,2026-01-15 08:00:00
14.5,14,SOUTH_AUSTRALIA,SA,2026-01-15 08:00:00
145.1,145,LA_COLLE,CL,2026-01-15 08:00:00
145.2,145,LA_CONDAMINE,CO,2026-01-15 08:00:00
145.3,145,MONEGHETTI,MG,2026-01-15 08:00:00
14.6,14,TASMANIA,TAS,2026-01-15 08:00:00
146.1,146,ARKHANGAI_PROVINCE,NULL,2026-01-15 08:00:00
146.10,146,GOVISUMBER_PROVINCE,NULL,2026-01-15 08:00:00
146.11,146,KHENTII_PROVINCE,NULL,2026-01-15 08:00:00
146.12,146,KHOVD_PROVINCE,NULL,2026-01-15 08:00:00
146.13,146,KHOVSGOL_PROVINCE,NULL,2026-01-15 08:00:00
146.14,146,OMNOGOVI_PROVINCE,NULL,2026-01-15 08:00:00
146.15,146,ORKHON_PROVINCE,NULL,2026-01-15 08:00:00
146.16,146,OVORKHANGAI_PROVINCE,NULL,2026-01-15 08:00:00
146.17,146,SELENGE_PROVINCE,NULL,2026-01-15 08:00:00
146.18,146,SUKHBAATAR_PROVINCE,NULL,2026-01-15 08:00:00
146.19,146,TOV_PROVINCE,NULL,2026-01-15 08:00:00
146.2,146,BAYAN-OLGII_PROVINCE,NULL,2026-01-15 08:00:00
146.20,146,UVS_PROVINCE,NULL,2026-01-15 08:00:00
146.21,146,ZAVKHAN_PROVINCE,NULL,2026-01-15 08:00:00
146.3,146,BAYANKHONGOR_PROVINCE,NULL,2026-01-15 08:00:00
146.4,146,BULGAN_PROVINCE,NULL,2026-01-15 08:00:00
146.5,146,DARKHAN-UUL_PROVINCE,NULL,2026-01-15 08:00:00
146.6,146,DORNOD_PROVINCE,NULL,2026-01-15 08:00:00
146.7,146,DORNOGOVI_PROVINCE,NULL,2026-01-15 08:00:00
146.8,146,DUNDGOVI_PROVINCE,NULL,2026-01-15 08:00:00
146.9,146,GOVI-ALTAI_PROVINCE,NULL,2026-01-15 08:00:00
14.7,14,VICTORIA,VIC,2026-01-15 08:00:00
147.1,147,ANDRIJEVICA_MUNICIPALITY,NULL,2026-01-15 08:00:00
147.10,147,MOJKOVAC_MUNICIPALITY,NULL,2026-01-15 08:00:00
147.11,147,NIKSIC_MUNICIPALITY,NULL,2026-01-15 08:00:00
147.12,147,OLD_ROYAL_CAPITAL_CETINJE,NULL,2026-01-15 08:00:00
147.13,147,PETNJICA_MUNICIPALITY,NULL,2026-01-15 08:00:00
147.14,147,PLAV_MUNICIPALITY,NULL,2026-01-15 08:00:00
147.15,147,PLJEVLJA_MUNICIPALITY,NULL,2026-01-15 08:00:00
147.16,147,PLUZINE_MUNICIPALITY,NULL,2026-01-15 08:00:00
147.17,147,PODGORICA_MUNICIPALITY,NULL,2026-01-15 08:00:00
147.18,147,ROZAJE_MUNICIPALITY,NULL,2026-01-15 08:00:00
147.19,147,SAVNIK_MUNICIPALITY,NULL,2026-01-15 08:00:00
147.2,147,BAR_MUNICIPALITY,NULL,2026-01-15 08:00:00
147.20,147,TIVAT_MUNICIPALITY,NULL,2026-01-15 08:00:00
147.21,147,ULCINJ_MUNICIPALITY,NULL,2026-01-15 08:00:00
147.22,147,ZABLJAK_MUNICIPALITY,NULL,2026-01-15 08:00:00
147.3,147,BERANE_MUNICIPALITY,NULL,2026-01-15 08:00:00
147.4,147,BIJELO_POLJE_MUNICIPALITY,NULL,2026-01-15 08:00:00
147.5,147,BUDVA_MUNICIPALITY,NULL,2026-01-15 08:00:00
147.6,147,DANILOVGRAD_MUNICIPALITY,NULL,2026-01-15 08:00:00
147.7,147,GUSINJE_MUNICIPALITY,NULL,2026-01-15 08:00:00
147.8,147,KOLASIN_MUNICIPALITY,NULL,2026-01-15 08:00:00
147.9,147,KOTOR_MUNICIPALITY,NULL,2026-01-15 08:00:00
14.8,14,WESTERN_AUSTRALIA,WA,2026-01-15 08:00:00
149.1,149,AGADIR-IDA-OU-TANANE,AGD,2026-01-15 08:00:00
149.10,149,BERKANE,BER,2026-01-15 08:00:00
149.11,149,BERRECHID,BRR,2026-01-15 08:00:00
149.12,149,BOUJDOUR_(EH),BOD,2026-01-15 08:00:00
149.13,149,BOULEMANE,BOM,2026-01-15 08:00:00
149.14,149,CASABLANCA,CAS,2026-01-15 08:00:00
149.15,149,CASABLANCA-SETTAT,NULL,2026-01-15 08:00:00
149.16,149,CHEFCHAOUEN,CHE,2026-01-15 08:00:00
149.17,149,CHICHAOUA,CHI,2026-01-15 08:00:00
149.18,149,CHTOUKA-AIT_BAHA,CHT,2026-01-15 08:00:00
149.19,149,DAKHLA-OUED_ED-DAHAB_(EH),NULL,2026-01-15 08:00:00
149.2,149,AL_HAOUZ,HAO,2026-01-15 08:00:00
149.20,149,DRAA-TAFILALET,NULL,2026-01-15 08:00:00
149.21,149,DRIOUCH,DRI,2026-01-15 08:00:00
149.22,149,EL_HAJEB,HAJ,2026-01-15 08:00:00
149.23,149,EL_JADIDA,JDI,2026-01-15 08:00:00
149.24,149,EL_KELAA_DES_SRAGHNA,KES,2026-01-15 08:00:00
149.25,149,ERRACHIDIA,ERR,2026-01-15 08:00:00
149.26,149,ES-SEMARA_(EH-PARTIAL),ESM,2026-01-15 08:00:00
149.27,149,ESSAOUIRA,ESI,2026-01-15 08:00:00
149.28,149,FAHS-ANJRA,FAH,2026-01-15 08:00:00
149.29,149,FES,FES,2026-01-15 08:00:00
149.3,149,AL_HOCEIMA,HOC,2026-01-15 08:00:00
149.30,149,FES-MEKNES,NULL,2026-01-15 08:00:00
149.31,149,FIGUIG,FIG,2026-01-15 08:00:00
149.32,149,FQUIH_BEN_SALAH,FQH,2026-01-15 08:00:00
149.33,149,GUELMIM,GUE,2026-01-15 08:00:00
149.34,149,GUELMIM-OUED_NOUN_(EH-PARTIAL),NULL,2026-01-15 08:00:00
149.35,149,GUERCIF,GUF,2026-01-15 08:00:00
149.36,149,IFRANE,IFR,2026-01-15 08:00:00
149.37,149,INEZGANE-AIT_MELLOUL,INE,2026-01-15 08:00:00
149.38,149,JERADA,JRA,2026-01-15 08:00:00
149.39,149,KENITRA,KEN,2026-01-15 08:00:00
149.4,149,AOUSSERD_(EH),AOU,2026-01-15 08:00:00
149.40,149,KHEMISSET,KHE,2026-01-15 08:00:00
149.41,149,KHENIFRA,KHN,2026-01-15 08:00:00
149.42,149,KHOURIBGA,KHO,2026-01-15 08:00:00
149.43,149,L'ORIENTAL,NULL,2026-01-15 08:00:00
149.44,149,LAAYOUNE_(EH),LAA,2026-01-15 08:00:00
149.45,149,LAAYOUNE-SAKIA_EL_HAMRA_(EH-PARTIAL),NULL,2026-01-15 08:00:00
149.46,149,LARACHE,LAR,2026-01-15 08:00:00
149.47,149,M'DIQ-FNIDEQ,MDF,2026-01-15 08:00:00
149.48,149,MARRAKECH,MAR,2026-01-15 08:00:00
149.49,149,MARRAKESH-SAFI,NULL,2026-01-15 08:00:00
149.5,149,ASSA-ZAG_(EH-PARTIAL),ASZ,2026-01-15 08:00:00
149.50,149,MEDIOUNA,MED,2026-01-15 08:00:00
149.51,149,MEKNES,MEK,2026-01-15 08:00:00
149.52,149,MIDELT,MID,2026-01-15 08:00:00
149.53,149,MOHAMMADIA,MOH,2026-01-15 08:00:00
149.54,149,MOULAY_YACOUB,MOU,2026-01-15 08:00:00
149.55,149,NADOR,NAD,2026-01-15 08:00:00
149.56,149,NOUACEUR,NOU,2026-01-15 08:00:00
149.57,149,OUARZAZATE,OUA,2026-01-15 08:00:00
149.58,149,OUED_ED-DAHAB_(EH),OUD,2026-01-15 08:00:00
149.59,149,OUEZZANE,OUZ,2026-01-15 08:00:00
149.6,149,AZILAL,AZI,2026-01-15 08:00:00
149.60,149,OUJDA-ANGAD,OUJ,2026-01-15 08:00:00
149.61,149,RABAT,RAB,2026-01-15 08:00:00
149.62,149,RABAT-SALE-KENITRA,NULL,2026-01-15 08:00:00
149.63,149,REHAMNA,REH,2026-01-15 08:00:00
149.64,149,SAFI,SAF,2026-01-15 08:00:00
149.65,149,SALE,SAL,2026-01-15 08:00:00
149.66,149,SEFROU,SEF,2026-01-15 08:00:00
149.67,149,SETTAT,SET,2026-01-15 08:00:00
149.68,149,SIDI_BENNOUR,SIB,2026-01-15 08:00:00
149.69,149,SIDI_IFNI,SIF,2026-01-15 08:00:00
149.7,149,BENI_MELLAL,BEM,2026-01-15 08:00:00
149.70,149,SIDI_KACEM,SIK,2026-01-15 08:00:00
149.71,149,SIDI_SLIMANE,SIL,2026-01-15 08:00:00
149.72,149,SKHIRATE-TEMARA,SKH,2026-01-15 08:00:00
149.73,149,SOUSS-MASSA,NULL,2026-01-15 08:00:00
149.74,149,TAN-TAN_(EH-PARTIAL),TNT,2026-01-15 08:00:00
149.75,149,TANGER-ASSILAH,TNG,2026-01-15 08:00:00
149.76,149,TANGER-TETOUAN-AL_HOCEIMA,NULL,2026-01-15 08:00:00
149.77,149,TAOUNATE,TAO,2026-01-15 08:00:00
149.78,149,TAOURIRT,TAI,2026-01-15 08:00:00
149.79,149,TARFAYA_(EH-PARTIAL),TAF,2026-01-15 08:00:00
149.8,149,BENI_MELLAL-KHENIFRA,NULL,2026-01-15 08:00:00
149.80,149,TAROUDANNT,TAR,2026-01-15 08:00:00
149.81,149,TATA,TAT,2026-01-15 08:00:00
149.82,149,TAZA,TAZ,2026-01-15 08:00:00
149.83,149,TETOUAN,TET,2026-01-15 08:00:00
149.84,149,TINGHIR,TIN,2026-01-15 08:00:00
149.85,149,TIZNIT,TIZ,2026-01-15 08:00:00
149.86,149,YOUSSOUFIA,YUS,2026-01-15 08:00:00
149.87,149,ZAGORA,ZAG,2026-01-15 08:00:00
149.9,149,BENSLIMANE,BES,2026-01-15 08:00:00
1.5,1,BAMYAN,BAM,2026-01-15 08:00:00
150.1,150,CABO_DELGADO_PROVINCE,P,2026-01-15 08:00:00
150.10,150,TETE_PROVINCE,T,2026-01-15 08:00:00
150.11,150,ZAMBEZIA_PROVINCE,Q,2026-01-15 08:00:00
150.2,150,GAZA_PROVINCE,G,2026-01-15 08:00:00
150.3,150,INHAMBANE_PROVINCE,I,2026-01-15 08:00:00
150.4,150,MANICA_PROVINCE,B,2026-01-15 08:00:00
150.5,150,MAPUTO,MPM,2026-01-15 08:00:00
150.6,150,MAPUTO_PROVINCE,L,2026-01-15 08:00:00
150.7,150,NAMPULA_PROVINCE,N,2026-01-15 08:00:00
150.8,150,NIASSA_PROVINCE,A,2026-01-15 08:00:00
150.9,150,SOFALA_PROVINCE,S,2026-01-15 08:00:00
15.1,15,BURGENLAND,NULL,2026-01-15 08:00:00
151.1,151,AYEYARWADY_REGION,NULL,2026-01-15 08:00:00
151.10,151,NAYPYIDAW_UNION_TERRITORY,NULL,2026-01-15 08:00:00
151.11,151,RAKHINE_STATE,NULL,2026-01-15 08:00:00
151.12,151,SAGAING_REGION,NULL,2026-01-15 08:00:00
151.13,151,SHAN_STATE,NULL,2026-01-15 08:00:00
151.14,151,TANINTHARYI_REGION,NULL,2026-01-15 08:00:00
151.15,151,YANGON_REGION,NULL,2026-01-15 08:00:00
151.2,151,BAGO,NULL,2026-01-15 08:00:00
151.3,151,CHIN_STATE,NULL,2026-01-15 08:00:00
151.4,151,KACHIN_STATE,NULL,2026-01-15 08:00:00
151.5,151,KAYAH_STATE,NULL,2026-01-15 08:00:00
151.6,151,KAYIN_STATE,NULL,2026-01-15 08:00:00
151.7,151,MAGWAY_REGION,NULL,2026-01-15 08:00:00
151.8,151,MANDALAY_REGION,NULL,2026-01-15 08:00:00
151.9,151,MON_STATE,NULL,2026-01-15 08:00:00
15.2,15,CARINTHIA,NULL,2026-01-15 08:00:00
152.1,152,ERONGO_REGION,ER,2026-01-15 08:00:00
152.10,152,OMUSATI_REGION,OS,2026-01-15 08:00:00
152.11,152,OSHANA_REGION,ON,2026-01-15 08:00:00
152.12,152,OSHIKOTO_REGION,OT,2026-01-15 08:00:00
152.13,152,OTJOZONDJUPA_REGION,OD,2026-01-15 08:00:00
152.14,152,ZAMBEZI_REGION,CA,2026-01-15 08:00:00
152.2,152,HARDAP_REGION,HA,2026-01-15 08:00:00
152.3,152,KARAS_REGION,KA,2026-01-15 08:00:00
152.4,152,KAVANGO_EAST_REGION,KE,2026-01-15 08:00:00
152.5,152,KAVANGO_WEST_REGION,KW,2026-01-15 08:00:00
152.6,152,KHOMAS_REGION,KH,2026-01-15 08:00:00
152.7,152,KUNENE_REGION,KU,2026-01-15 08:00:00
152.8,152,OHANGWENA_REGION,OW,2026-01-15 08:00:00
152.9,152,OMAHEKE_REGION,OH,2026-01-15 08:00:00
15.3,15,LOWER_AUSTRIA,NULL,2026-01-15 08:00:00
153.1,153,AIWO_DISTRICT,NULL,2026-01-15 08:00:00
153.10,153,IJUW_DISTRICT,NULL,2026-01-15 08:00:00
153.11,153,MENENG_DISTRICT,NULL,2026-01-15 08:00:00
153.12,153,NIBOK_DISTRICT,NULL,2026-01-15 08:00:00
153.13,153,UABOE_DISTRICT,NULL,2026-01-15 08:00:00
153.14,153,YAREN_DISTRICT,NULL,2026-01-15 08:00:00
153.2,153,ANABAR_DISTRICT,NULL,2026-01-15 08:00:00
153.3,153,ANETAN_DISTRICT,NULL,2026-01-15 08:00:00
153.4,153,ANIBARE_DISTRICT,NULL,2026-01-15 08:00:00
153.5,153,BAITI_DISTRICT,NULL,2026-01-15 08:00:00
153.6,153,BOE_DISTRICT,NULL,2026-01-15 08:00:00
153.7,153,BUADA_DISTRICT,NULL,2026-01-15 08:00:00
153.8,153,DENIGOMODU_DISTRICT,NULL,2026-01-15 08:00:00
153.9,153,EWA_DISTRICT,NULL,2026-01-15 08:00:00
15.4,15,SALZBURG,NULL,2026-01-15 08:00:00
154.1,154,BAGMATI_ZONE,BA,2026-01-15 08:00:00
154.10,154,KOSI_ZONE,KO,2026-01-15 08:00:00
154.11,154,LUMBINI_ZONE,LU,2026-01-15 08:00:00
154.12,154,MAHAKALI_ZONE,MA,2026-01-15 08:00:00
154.13,154,MECHI_ZONE,ME,2026-01-15 08:00:00
154.14,154,MID-WESTERN_REGION,NULL,2026-01-15 08:00:00
154.15,154,NARAYANI_ZONE,NULL,2026-01-15 08:00:00
154.16,154,RAPTI_ZONE,RA,2026-01-15 08:00:00
154.17,154,SAGARMATHA_ZONE,SA,2026-01-15 08:00:00
154.18,154,SETI_ZONE,SE,2026-01-15 08:00:00
154.19,154,WESTERN_REGION,NULL,2026-01-15 08:00:00
154.2,154,BHERI_ZONE,BH,2026-01-15 08:00:00
154.3,154,CENTRAL_REGION,NULL,2026-01-15 08:00:00
154.4,154,DHAULAGIRI_ZONE,DH,2026-01-15 08:00:00
154.5,154,EASTERN_DEVELOPMENT_REGION,NULL,2026-01-15 08:00:00
154.6,154,FAR-WESTERN_DEVELOPMENT_REGION,NULL,2026-01-15 08:00:00
154.7,154,GANDAKI_ZONE,GA,2026-01-15 08:00:00
154.8,154,JANAKPUR_ZONE,JA,2026-01-15 08:00:00
154.9,154,KARNALI_ZONE,KA,2026-01-15 08:00:00
15.5,15,STYRIA,NULL,2026-01-15 08:00:00
155.1,155,BONAIRE,BQ1,2026-01-15 08:00:00
155.2,155,SABA,BQ2,2026-01-15 08:00:00
155.3,155,SINT_EUSTATIUS,BQ3,2026-01-15 08:00:00
15.6,15,TYROL,NULL,2026-01-15 08:00:00
156.1,156,BONAIRE,BQ1,2026-01-15 08:00:00
156.10,156,OVERIJSSEL,OV,2026-01-15 08:00:00
156.11,156,SABA,BQ2,2026-01-15 08:00:00
156.12,156,SINT_EUSTATIUS,BQ3,2026-01-15 08:00:00
156.13,156,SOUTH_HOLLAND,ZH,2026-01-15 08:00:00
156.14,156,UTRECHT,UT,2026-01-15 08:00:00
156.15,156,ZEELAND,ZE,2026-01-15 08:00:00
156.2,156,DRENTHE,DR,2026-01-15 08:00:00
156.3,156,FLEVOLAND,FL,2026-01-15 08:00:00
156.4,156,FRIESLAND,FR,2026-01-15 08:00:00
156.5,156,GELDERLAND,GE,2026-01-15 08:00:00
156.6,156,GRONINGEN,GR,2026-01-15 08:00:00
156.7,156,LIMBURG,LI,2026-01-15 08:00:00
156.8,156,NORTH_BRABANT,NB,2026-01-15 08:00:00
156.9,156,NORTH_HOLLAND,NH,2026-01-15 08:00:00
15.7,15,UPPER_AUSTRIA,NULL,2026-01-15 08:00:00
15.8,15,VIENNA,NULL,2026-01-15 08:00:00
158.1,158,AUCKLAND_REGION,AUK,2026-01-15 08:00:00
158.10,158,NORTHLAND_REGION,NTL,2026-01-15 08:00:00
158.11,158,OTAGO_REGION,OTA,2026-01-15 08:00:00
158.12,158,SOUTHLAND_REGION,STL,2026-01-15 08:00:00
158.13,158,TARANAKI_REGION,TKI,2026-01-15 08:00:00
158.14,158,TASMAN_DISTRICT,TAS,2026-01-15 08:00:00
158.15,158,WAIKATO_REGION,WKO,2026-01-15 08:00:00
158.16,158,WELLINGTON_REGION,WGN,2026-01-15 08:00:00
158.17,158,WEST_COAST_REGION,WTC,2026-01-15 08:00:00
158.2,158,BAY_OF_PLENTY_REGION,BOP,2026-01-15 08:00:00
158.3,158,CANTERBURY_REGION,CAN,2026-01-15 08:00:00
158.4,158,CHATHAM_ISLANDS,CIT,2026-01-15 08:00:00
158.5,158,GISBORNE_DISTRICT,GIS,2026-01-15 08:00:00
158.6,158,HAWKE'S_BAY_REGION,HKB,2026-01-15 08:00:00
158.7,158,MANAWATU-WANGANUI_REGION,MWT,2026-01-15 08:00:00
158.8,158,MARLBOROUGH_REGION,MBH,2026-01-15 08:00:00
158.9,158,NELSON_REGION,NSN,2026-01-15 08:00:00
15.9,15,VORARLBERG,NULL,2026-01-15 08:00:00
159.1,159,BOACO,BO,2026-01-15 08:00:00
159.10,159,MANAGUA,MN,2026-01-15 08:00:00
159.11,159,MASAYA,MS,2026-01-15 08:00:00
159.12,159,MATAGALPA,MT,2026-01-15 08:00:00
159.13,159,NORTH_CARIBBEAN_COAST,AN,2026-01-15 08:00:00
159.14,159,NUEVA_SEGOVIA,NS,2026-01-15 08:00:00
159.15,159,RIO_SAN_JUAN,SJ,2026-01-15 08:00:00
159.16,159,RIVAS,RI,2026-01-15 08:00:00
159.17,159,SOUTH_CARIBBEAN_COAST,AS,2026-01-15 08:00:00
159.2,159,CARAZO,CA,2026-01-15 08:00:00
159.3,159,CHINANDEGA,CI,2026-01-15 08:00:00
159.4,159,CHONTALES,CO,2026-01-15 08:00:00
159.5,159,ESTELI,ES,2026-01-15 08:00:00
159.6,159,GRANADA,GR,2026-01-15 08:00:00
159.7,159,JINOTEGA,JI,2026-01-15 08:00:00
159.8,159,LEON,LE,2026-01-15 08:00:00
159.9,159,MADRIZ,MD,2026-01-15 08:00:00
1.6,1,DAYKUNDI,DAY,2026-01-15 08:00:00
160.1,160,AGADEZ_REGION,NULL,2026-01-15 08:00:00
160.2,160,DIFFA_REGION,NULL,2026-01-15 08:00:00
160.3,160,DOSSO_REGION,NULL,2026-01-15 08:00:00
160.4,160,MARADI_REGION,NULL,2026-01-15 08:00:00
160.5,160,TAHOUA_REGION,NULL,2026-01-15 08:00:00
160.6,160,TILLABERI_REGION,NULL,2026-01-15 08:00:00
160.7,160,ZINDER_REGION,NULL,2026-01-15 08:00:00
16.1,16,ABSHERON_DISTRICT,ABS,2026-01-15 08:00:00
16.10,16,BALAKAN_DISTRICT,BAL,2026-01-15 08:00:00
16.11,16,BARDA_DISTRICT,BAR,2026-01-15 08:00:00
161.1,161,ABIA,AB,2026-01-15 08:00:00
161.10,161,CROSS_RIVER,CR,2026-01-15 08:00:00
161.11,161,DELTA,DE,2026-01-15 08:00:00
161.12,161,EBONYI,EB,2026-01-15 08:00:00
161.13,161,EDO,ED,2026-01-15 08:00:00
161.14,161,EKITI,EK,2026-01-15 08:00:00
161.15,161,ENUGU,EN,2026-01-15 08:00:00
161.16,161,GOMBE,GO,2026-01-15 08:00:00
161.17,161,IMO,IM,2026-01-15 08:00:00
161.18,161,JIGAWA,JI,2026-01-15 08:00:00
161.19,161,KADUNA,KD,2026-01-15 08:00:00
16.12,16,BEYLAGAN_DISTRICT,BEY,2026-01-15 08:00:00
161.2,161,ABUJA_FEDERAL_CAPITAL_TERRITORY,FC,2026-01-15 08:00:00
161.20,161,KANO,KN,2026-01-15 08:00:00
161.21,161,KATSINA,KT,2026-01-15 08:00:00
161.22,161,KEBBI,KE,2026-01-15 08:00:00
161.23,161,KOGI,KO,2026-01-15 08:00:00
161.24,161,KWARA,KW,2026-01-15 08:00:00
161.25,161,LAGOS,LA,2026-01-15 08:00:00
161.26,161,NASARAWA,NULL,2026-01-15 08:00:00
161.27,161,NIGER,NI,2026-01-15 08:00:00
161.28,161,OGUN,OG,2026-01-15 08:00:00
161.29,161,ONDO,ON,2026-01-15 08:00:00
16.13,16,BILASUVAR_DISTRICT,BIL,2026-01-15 08:00:00
161.3,161,ADAMAWA,AD,2026-01-15 08:00:00
161.30,161,OSUN,OS,2026-01-15 08:00:00
161.31,161,OYO,OY,2026-01-15 08:00:00
161.32,161,PLATEAU,PL,2026-01-15 08:00:00
161.33,161,RIVERS,RI,2026-01-15 08:00:00
161.34,161,SOKOTO,SO,2026-01-15 08:00:00
161.35,161,TARABA,TA,2026-01-15 08:00:00
161.36,161,YOBE,YO,2026-01-15 08:00:00
161.37,161,ZAMFARA,ZA,2026-01-15 08:00:00
16.14,16,DASHKASAN_DISTRICT,DAS,2026-01-15 08:00:00
161.4,161,AKWA_IBOM,AK,2026-01-15 08:00:00
16.15,16,FIZULI_DISTRICT,FUZ,2026-01-15 08:00:00
161.5,161,ANAMBRA,AN,2026-01-15 08:00:00
16.16,16,GANJA,GA,2026-01-15 08:00:00
161.6,161,BAUCHI,BA,2026-01-15 08:00:00
16.17,16,GADABAY_DISTRICT,GAD,2026-01-15 08:00:00
161.7,161,BAYELSA,BY,2026-01-15 08:00:00
16.18,16,GOBUSTAN_DISTRICT,QOB,2026-01-15 08:00:00
161.8,161,BENUE,BE,2026-01-15 08:00:00
16.19,16,GORANBOY_DISTRICT,GOR,2026-01-15 08:00:00
161.9,161,BORNO,BO,2026-01-15 08:00:00
16.2,16,AGDAM_DISTRICT,AGM,2026-01-15 08:00:00
16.20,16,GOYCHAY,GOY,2026-01-15 08:00:00
16.21,16,GOYGOL_DISTRICT,GYG,2026-01-15 08:00:00
16.22,16,HAJIGABUL_DISTRICT,HAC,2026-01-15 08:00:00
16.23,16,IMISHLI_DISTRICT,IMI,2026-01-15 08:00:00
16.24,16,ISMAILLI_DISTRICT,ISM,2026-01-15 08:00:00
16.25,16,JABRAYIL_DISTRICT,CAB,2026-01-15 08:00:00
16.26,16,JALILABAD_DISTRICT,CAL,2026-01-15 08:00:00
16.27,16,JULFA_DISTRICT,CUL,2026-01-15 08:00:00
16.28,16,KALBAJAR_DISTRICT,KAL,2026-01-15 08:00:00
16.29,16,KANGARLI_DISTRICT,KAN,2026-01-15 08:00:00
16.3,16,AGDASH_DISTRICT,AGS,2026-01-15 08:00:00
16.30,16,KHACHMAZ_DISTRICT,XAC,2026-01-15 08:00:00
16.31,16,KHIZI_DISTRICT,XIZ,2026-01-15 08:00:00
16.32,16,KHOJALI_DISTRICT,XCI,2026-01-15 08:00:00
16.33,16,KURDAMIR_DISTRICT,KUR,2026-01-15 08:00:00
16.34,16,LACHIN_DISTRICT,LAC,2026-01-15 08:00:00
16.35,16,LANKARAN,LAN,2026-01-15 08:00:00
16.36,16,LANKARAN_DISTRICT,LA,2026-01-15 08:00:00
16.37,16,LERIK_DISTRICT,LER,2026-01-15 08:00:00
16.38,16,MARTUNI,XVD,2026-01-15 08:00:00
16.39,16,MASALLY_DISTRICT,MAS,2026-01-15 08:00:00
16.4,16,AGHJABADI_DISTRICT,AGC,2026-01-15 08:00:00
16.40,16,MINGACHEVIR,MI,2026-01-15 08:00:00
16.41,16,NAKHCHIVAN_AUTONOMOUS_REPUBLIC,NX,2026-01-15 08:00:00
16.42,16,NEFTCHALA_DISTRICT,NEF,2026-01-15 08:00:00
16.43,16,OGHUZ_DISTRICT,OGU,2026-01-15 08:00:00
16.44,16,ORDUBAD_DISTRICT,ORD,2026-01-15 08:00:00
16.45,16,QABALA_DISTRICT,QAB,2026-01-15 08:00:00
16.46,16,QAKH_DISTRICT,QAX,2026-01-15 08:00:00
16.47,16,QAZAKH_DISTRICT,QAZ,2026-01-15 08:00:00
16.48,16,QUBA_DISTRICT,QBA,2026-01-15 08:00:00
16.49,16,QUBADLI_DISTRICT,QBI,2026-01-15 08:00:00
16.5,16,AGSTAFA_DISTRICT,AGA,2026-01-15 08:00:00
16.50,16,QUSAR_DISTRICT,QUS,2026-01-15 08:00:00
16.51,16,SAATLY_DISTRICT,SAT,2026-01-15 08:00:00
165.1,165,AGDER,NULL,2026-01-15 08:00:00
165.10,165,TRONDELAG,NULL,2026-01-15 08:00:00
165.11,165,VESTFOLD_OG_TELEMARK,NULL,2026-01-15 08:00:00
165.12,165,VESTLAND,NULL,2026-01-15 08:00:00
165.13,165,VIKEN,NULL,2026-01-15 08:00:00
16.52,16,SABIRABAD_DISTRICT,SAB,2026-01-15 08:00:00
165.2,165,INNLANDET,NULL,2026-01-15 08:00:00
16.53,16,SADARAK_DISTRICT,SAD,2026-01-15 08:00:00
165.3,165,JAN_MAYEN,NULL,2026-01-15 08:00:00
16.54,16,SALYAN_DISTRICT,SAL,2026-01-15 08:00:00
165.4,165,MORE_OG_ROMSDAL,NULL,2026-01-15 08:00:00
16.55,16,SAMUKH_DISTRICT,SMX,2026-01-15 08:00:00
165.5,165,NORDLAND,NULL,2026-01-15 08:00:00
16.56,16,SHABRAN_DISTRICT,SBN,2026-01-15 08:00:00
165.6,165,OSLO,NULL,2026-01-15 08:00:00
16.57,16,SHAHBUZ_DISTRICT,SAH,2026-01-15 08:00:00
165.7,165,ROGALAND,NULL,2026-01-15 08:00:00
16.58,16,SHAKI,SA,2026-01-15 08:00:00
165.8,165,SVALBARD,NULL,2026-01-15 08:00:00
16.59,16,SHAKI_DISTRICT,SAK,2026-01-15 08:00:00
165.9,165,TROMS_OG_FINNMARK,NULL,2026-01-15 08:00:00
16.6,16,AGSU_DISTRICT,AGU,2026-01-15 08:00:00
16.60,16,SHAMAKHI_DISTRICT,SMI,2026-01-15 08:00:00
16.61,16,SHAMKIR_DISTRICT,SKR,2026-01-15 08:00:00
166.1,166,AD_DAKHILIYAH,DA,2026-01-15 08:00:00
166.10,166,ASH_SHARQIYAH_SOUTH,SJ,2026-01-15 08:00:00
166.11,166,DHOFAR,ZU,2026-01-15 08:00:00
166.12,166,MUSANDAM,MU,2026-01-15 08:00:00
166.13,166,MUSCAT,MA,2026-01-15 08:00:00
16.62,16,SHARUR_DISTRICT,SAR,2026-01-15 08:00:00
166.2,166,AD_DHAHIRAH,ZA,2026-01-15 08:00:00
16.63,16,SHIRVAN,SR,2026-01-15 08:00:00
166.3,166,AL_BATINAH_NORTH,BS,2026-01-15 08:00:00
16.64,16,SHUSHA_DISTRICT,SUS,2026-01-15 08:00:00
166.4,166,AL_BATINAH_REGION,BA,2026-01-15 08:00:00
16.65,16,SIAZAN_DISTRICT,SIY,2026-01-15 08:00:00
166.5,166,AL_BATINAH_SOUTH,BJ,2026-01-15 08:00:00
16.66,16,SUMQAYIT,SM,2026-01-15 08:00:00
166.6,166,AL_BURAIMI,BU,2026-01-15 08:00:00
16.67,16,TARTAR_DISTRICT,TAR,2026-01-15 08:00:00
166.7,166,AL_WUSTA,WU,2026-01-15 08:00:00
16.68,16,TOVUZ_DISTRICT,TOV,2026-01-15 08:00:00
166.8,166,ASH_SHARQIYAH_NORTH,SS,2026-01-15 08:00:00
16.69,16,UJAR_DISTRICT,UCA,2026-01-15 08:00:00
166.9,166,ASH_SHARQIYAH_REGION,SH,2026-01-15 08:00:00
16.7,16,ASTARA_DISTRICT,AST,2026-01-15 08:00:00
16.70,16,YARDYMLI_DISTRICT,YAR,2026-01-15 08:00:00
16.71,16,YEVLAKH,YE,2026-01-15 08:00:00
167.1,167,AZAD_KASHMIR,JK,2026-01-15 08:00:00
16.72,16,YEVLAKH_DISTRICT,YEV,2026-01-15 08:00:00
167.2,167,BALOCHISTAN,BA,2026-01-15 08:00:00
16.73,16,ZANGILAN_DISTRICT,ZAN,2026-01-15 08:00:00
167.3,167,FEDERALLY_ADMINISTERED_TRIBAL_AREAS,TA,2026-01-15 08:00:00
16.74,16,ZAQATALA_DISTRICT,ZAQ,2026-01-15 08:00:00
167.4,167,GILGIT-BALTISTAN,GB,2026-01-15 08:00:00
16.75,16,ZARDAB_DISTRICT,ZAR,2026-01-15 08:00:00
167.5,167,ISLAMABAD_CAPITAL_TERRITORY,IS,2026-01-15 08:00:00
167.6,167,KHYBER_PAKHTUNKHWA,KP,2026-01-15 08:00:00
167.7,167,PUNJAB,PB,2026-01-15 08:00:00
167.8,167,SINDH,SD,2026-01-15 08:00:00
16.8,16,BABEK_DISTRICT,BAB,2026-01-15 08:00:00
168.1,168,AIMELIIK,NULL,2026-01-15 08:00:00
168.10,168,NGARDMAU,NULL,2026-01-15 08:00:00
168.11,168,NGATPANG,NULL,2026-01-15 08:00:00
168.12,168,NGCHESAR,NULL,2026-01-15 08:00:00
168.13,168,NGEREMLENGUI,NULL,2026-01-15 08:00:00
168.14,168,NGIWAL,NULL,2026-01-15 08:00:00
168.15,168,PELELIU,NULL,2026-01-15 08:00:00
168.16,168,SONSOROL,NULL,2026-01-15 08:00:00
168.2,168,AIRAI,NULL,2026-01-15 08:00:00
168.3,168,ANGAUR,NULL,2026-01-15 08:00:00
168.4,168,HATOHOBEI,NULL,2026-01-15 08:00:00
168.5,168,KAYANGEL,NULL,2026-01-15 08:00:00
168.6,168,KOROR,NULL,2026-01-15 08:00:00
168.7,168,MELEKEOK,NULL,2026-01-15 08:00:00
168.8,168,NGARAARD,NULL,2026-01-15 08:00:00
168.9,168,NGARCHELONG,NULL,2026-01-15 08:00:00
16.9,16,BAKU,BA,2026-01-15 08:00:00
169.1,169,BETHLEHEM,BTH,2026-01-15 08:00:00
169.10,169,NORTH_GAZA,NGZ,2026-01-15 08:00:00
169.11,169,QALQILYA,QQA,2026-01-15 08:00:00
169.12,169,RAFAH,RFH,2026-01-15 08:00:00
169.13,169,RAMALLAH,RBH,2026-01-15 08:00:00
169.14,169,SALFIT,SLT,2026-01-15 08:00:00
169.15,169,TUBAS,TBS,2026-01-15 08:00:00
169.16,169,TULKARM,TKM,2026-01-15 08:00:00
169.2,169,DEIR_EL_BALAH,DEB,2026-01-15 08:00:00
169.3,169,GAZA,GZA,2026-01-15 08:00:00
169.4,169,HEBRON,HBN,2026-01-15 08:00:00
169.5,169,JENIN,JEN,2026-01-15 08:00:00
169.6,169,JERICHO_AND_AL_AGHWAR,JRH,2026-01-15 08:00:00
169.7,169,JERUSALEM,JEM,2026-01-15 08:00:00
169.8,169,KHAN_YUNIS,KYS,2026-01-15 08:00:00
169.9,169,NABLUS,NBS,2026-01-15 08:00:00
1.7,1,FARAH,FRA,2026-01-15 08:00:00
170.1,170,BOCAS_DEL_TORO_PROVINCE,NULL,2026-01-15 08:00:00
170.10,170,NGOBE-BUGLE_COMARCA,NB,2026-01-15 08:00:00
170.11,170,PANAMA_OESTE_PROVINCE,NULL,2026-01-15 08:00:00
170.12,170,PANAMA_PROVINCE,NULL,2026-01-15 08:00:00
170.13,170,VERAGUAS_PROVINCE,NULL,2026-01-15 08:00:00
170.2,170,CHIRIQUI_PROVINCE,NULL,2026-01-15 08:00:00
170.3,170,COCLE_PROVINCE,NULL,2026-01-15 08:00:00
170.4,170,COLON_PROVINCE,NULL,2026-01-15 08:00:00
170.5,170,DARIEN_PROVINCE,NULL,2026-01-15 08:00:00
170.6,170,EMBERA-WOUNAAN_COMARCA,EM,2026-01-15 08:00:00
170.7,170,GUNA_YALA,KY,2026-01-15 08:00:00
170.8,170,HERRERA_PROVINCE,NULL,2026-01-15 08:00:00
170.9,170,LOS_SANTOS_PROVINCE,NULL,2026-01-15 08:00:00
17.1,17,ACKLINS,AK,2026-01-15 08:00:00
17.10,17,CROOKED_ISLAND,CK,2026-01-15 08:00:00
17.11,17,EAST_GRAND_BAHAMA,EG,2026-01-15 08:00:00
171.1,171,BOUGAINVILLE,NSB,2026-01-15 08:00:00
171.10,171,MADANG_PROVINCE,MPM,2026-01-15 08:00:00
171.11,171,MANUS_PROVINCE,MRL,2026-01-15 08:00:00
171.12,171,MILNE_BAY_PROVINCE,MBA,2026-01-15 08:00:00
171.13,171,MOROBE_PROVINCE,MPL,2026-01-15 08:00:00
171.14,171,NEW_IRELAND_PROVINCE,NIK,2026-01-15 08:00:00
171.15,171,ORO_PROVINCE,NPP,2026-01-15 08:00:00
171.16,171,PORT_MORESBY,NCD,2026-01-15 08:00:00
171.17,171,SANDAUN_PROVINCE,SAN,2026-01-15 08:00:00
171.18,171,SOUTHERN_HIGHLANDS_PROVINCE,SHM,2026-01-15 08:00:00
171.19,171,WEST_NEW_BRITAIN_PROVINCE,WBK,2026-01-15 08:00:00
17.12,17,EXUMA,EX,2026-01-15 08:00:00
171.2,171,CENTRAL_PROVINCE,CPM,2026-01-15 08:00:00
171.20,171,WESTERN_HIGHLANDS_PROVINCE,WHM,2026-01-15 08:00:00
171.21,171,WESTERN_PROVINCE,WPD,2026-01-15 08:00:00
17.13,17,FREEPORT,FP,2026-01-15 08:00:00
171.3,171,CHIMBU_PROVINCE,CPK,2026-01-15 08:00:00
17.14,17,FRESH_CREEK,FC,2026-01-15 08:00:00
171.4,171,EAST_NEW_BRITAIN,EBR,2026-01-15 08:00:00
17.15,17,GOVERNOR'S_HARBOUR,GH,2026-01-15 08:00:00
171.5,171,EASTERN_HIGHLANDS_PROVINCE,EHG,2026-01-15 08:00:00
17.16,17,GRAND_CAY,GC,2026-01-15 08:00:00
171.6,171,ENGA_PROVINCE,EPW,2026-01-15 08:00:00
17.17,17,GREEN_TURTLE_CAY,GT,2026-01-15 08:00:00
171.7,171,GULF,GPK,2026-01-15 08:00:00
17.18,17,HARBOUR_ISLAND,HI,2026-01-15 08:00:00
171.8,171,HELA,HLA,2026-01-15 08:00:00
17.19,17,HIGH_ROCK,HR,2026-01-15 08:00:00
171.9,171,JIWAKA_PROVINCE,JWK,2026-01-15 08:00:00
17.2,17,ACKLINS_AND_CROOKED_ISLANDS,AC,2026-01-15 08:00:00
17.20,17,HOPE_TOWN,HT,2026-01-15 08:00:00
17.21,17,INAGUA,IN,2026-01-15 08:00:00
172.1,172,ALTO_PARAGUAY_DEPARTMENT,NULL,2026-01-15 08:00:00
172.10,172,CORDILLERA_DEPARTMENT,NULL,2026-01-15 08:00:00
172.11,172,GUAIRA_DEPARTMENT,NULL,2026-01-15 08:00:00
172.12,172,ITAPUA,NULL,2026-01-15 08:00:00
172.13,172,MISIONES_DEPARTMENT,NULL,2026-01-15 08:00:00
172.14,172,NEEMBUCU_DEPARTMENT,NULL,2026-01-15 08:00:00
172.15,172,PARAGUARI_DEPARTMENT,NULL,2026-01-15 08:00:00
172.16,172,PRESIDENTE_HAYES_DEPARTMENT,NULL,2026-01-15 08:00:00
172.17,172,SAN_PEDRO_DEPARTMENT,NULL,2026-01-15 08:00:00
17.22,17,KEMPS_BAY,KB,2026-01-15 08:00:00
172.2,172,ALTO_PARANA_DEPARTMENT,NULL,2026-01-15 08:00:00
17.23,17,LONG_ISLAND,LI,2026-01-15 08:00:00
172.3,172,AMAMBAY_DEPARTMENT,NULL,2026-01-15 08:00:00
17.24,17,MANGROVE_CAY,MC,2026-01-15 08:00:00
172.4,172,BOQUERON_DEPARTMENT,NULL,2026-01-15 08:00:00
17.25,17,MARSH_HARBOUR,MH,2026-01-15 08:00:00
172.5,172,CAAGUAZU,NULL,2026-01-15 08:00:00
17.26,17,MAYAGUANA_DISTRICT,MG,2026-01-15 08:00:00
172.6,172,CAAZAPA,NULL,2026-01-15 08:00:00
17.27,17,NEW_PROVIDENCE,NP,2026-01-15 08:00:00
172.7,172,CANINDEYU,NULL,2026-01-15 08:00:00
17.28,17,NICHOLLSTOWN_AND_BERRY_ISLANDS,NB,2026-01-15 08:00:00
172.8,172,CENTRAL_DEPARTMENT,NULL,2026-01-15 08:00:00
17.29,17,NORTH_ABACO,NO,2026-01-15 08:00:00
172.9,172,CONCEPCION_DEPARTMENT,NULL,2026-01-15 08:00:00
17.3,17,BERRY_ISLANDS,BY,2026-01-15 08:00:00
17.30,17,NORTH_ANDROS,NS,2026-01-15 08:00:00
17.31,17,NORTH_ELEUTHERA,NE,2026-01-15 08:00:00
173.1,173,AMAZONAS,AMA,2026-01-15 08:00:00
173.10,173,HUANUCO,HUC,2026-01-15 08:00:00
173.11,173,ICA,ICA,2026-01-15 08:00:00
173.12,173,JUNIN,JUN,2026-01-15 08:00:00
173.13,173,LA_LIBERTAD,LAL,2026-01-15 08:00:00
173.14,173,LAMBAYEQUE,LAM,2026-01-15 08:00:00
173.15,173,LIMA,LIM,2026-01-15 08:00:00
173.16,173,LORETO,LOR,2026-01-15 08:00:00
173.17,173,MADRE_DE_DIOS,MDD,2026-01-15 08:00:00
173.18,173,MOQUEGUA,MOQ,2026-01-15 08:00:00
173.19,173,PASCO,PAS,2026-01-15 08:00:00
17.32,17,RAGGED_ISLAND,RI,2026-01-15 08:00:00
173.2,173,ANCASH,ANC,2026-01-15 08:00:00
173.20,173,PIURA,PIU,2026-01-15 08:00:00
173.21,173,PUNO,PUN,2026-01-15 08:00:00
173.22,173,SAN_MARTIN,SAM,2026-01-15 08:00:00
173.23,173,TACNA,TAC,2026-01-15 08:00:00
173.24,173,TUMBES,TUM,2026-01-15 08:00:00
173.25,173,UCAYALI,UCA,2026-01-15 08:00:00
17.33,17,ROCK_SOUND,RS,2026-01-15 08:00:00
173.3,173,APURIMAC,APU,2026-01-15 08:00:00
17.34,17,RUM_CAY_DISTRICT,RC,2026-01-15 08:00:00
173.4,173,AREQUIPA,ARE,2026-01-15 08:00:00
17.35,17,SAN_SALVADOR_AND_RUM_CAY,SR,2026-01-15 08:00:00
173.5,173,AYACUCHO,AYA,2026-01-15 08:00:00
17.36,17,SAN_SALVADOR_ISLAND,SS,2026-01-15 08:00:00
173.6,173,CAJAMARCA,CAJ,2026-01-15 08:00:00
17.37,17,SANDY_POINT,SP,2026-01-15 08:00:00
173.7,173,CALLAO,CAL,2026-01-15 08:00:00
17.38,17,SOUTH_ABACO,SO,2026-01-15 08:00:00
173.8,173,CUSCO,CUS,2026-01-15 08:00:00
17.39,17,SOUTH_ANDROS,SA,2026-01-15 08:00:00
173.9,173,HUANCAVELICA,HUV,2026-01-15 08:00:00
17.4,17,BIMINI,BI,2026-01-15 08:00:00
17.40,17,SOUTH_ELEUTHERA,SE,2026-01-15 08:00:00
17.41,17,SPANISH_WELLS,SW,2026-01-15 08:00:00
174.1,174,ABRA,ABR,2026-01-15 08:00:00
174.10,174,BASILAN,BAS,2026-01-15 08:00:00
174.11,174,BATAAN,BAN,2026-01-15 08:00:00
174.12,174,BATANES,BTN,2026-01-15 08:00:00
174.13,174,BATANGAS,BTG,2026-01-15 08:00:00
174.14,174,BENGUET,BEN,2026-01-15 08:00:00
174.15,174,BICOL,NULL,2026-01-15 08:00:00
174.16,174,BILIRAN,BIL,2026-01-15 08:00:00
174.17,174,BOHOL,BOH,2026-01-15 08:00:00
174.18,174,BUKIDNON,BUK,2026-01-15 08:00:00
174.19,174,BULACAN,BUL,2026-01-15 08:00:00
17.42,17,WEST_GRAND_BAHAMA,WG,2026-01-15 08:00:00
174.2,174,AGUSAN_DEL_NORTE,AGN,2026-01-15 08:00:00
174.20,174,CAGAYAN,CAG,2026-01-15 08:00:00
174.21,174,CAGAYAN_VALLEY,NULL,2026-01-15 08:00:00
174.22,174,CALABARZON,NULL,2026-01-15 08:00:00
174.23,174,CAMARINES_NORTE,CAN,2026-01-15 08:00:00
174.24,174,CAMARINES_SUR,CAS,2026-01-15 08:00:00
174.25,174,CAMIGUIN,CAM,2026-01-15 08:00:00
174.26,174,CAPIZ,CAP,2026-01-15 08:00:00
174.27,174,CARAGA,NULL,2026-01-15 08:00:00
174.28,174,CATANDUANES,CAT,2026-01-15 08:00:00
174.29,174,CAVITE,CAV,2026-01-15 08:00:00
174.3,174,AGUSAN_DEL_SUR,AGS,2026-01-15 08:00:00
174.30,174,CEBU,CEB,2026-01-15 08:00:00
174.31,174,CENTRAL_LUZON,NULL,2026-01-15 08:00:00
174.32,174,CENTRAL_VISAYAS,NULL,2026-01-15 08:00:00
174.33,174,COMPOSTELA_VALLEY,COM,2026-01-15 08:00:00
174.34,174,CORDILLERA_ADMINISTRATIVE,NULL,2026-01-15 08:00:00
174.35,174,COTABATO,NCO,2026-01-15 08:00:00
174.36,174,DAVAO,NULL,2026-01-15 08:00:00
174.37,174,DAVAO_DEL_NORTE,DAV,2026-01-15 08:00:00
174.38,174,DAVAO_DEL_SUR,DAS,2026-01-15 08:00:00
174.39,174,DAVAO_OCCIDENTAL,DVO,2026-01-15 08:00:00
174.4,174,AKLAN,AKL,2026-01-15 08:00:00
174.40,174,DAVAO_ORIENTAL,DAO,2026-01-15 08:00:00
174.41,174,DINAGAT_ISLANDS,DIN,2026-01-15 08:00:00
174.42,174,EASTERN_SAMAR,EAS,2026-01-15 08:00:00
174.43,174,EASTERN_VISAYAS,NULL,2026-01-15 08:00:00
174.44,174,GUIMARAS,GUI,2026-01-15 08:00:00
174.45,174,IFUGAO,IFU,2026-01-15 08:00:00
174.46,174,ILOCOS,NULL,2026-01-15 08:00:00
174.47,174,ILOCOS_NORTE,ILN,2026-01-15 08:00:00
174.48,174,ILOCOS_SUR,ILS,2026-01-15 08:00:00
174.49,174,ILOILO,ILI,2026-01-15 08:00:00
174.5,174,ALBAY,ALB,2026-01-15 08:00:00
174.50,174,ISABELA,ISA,2026-01-15 08:00:00
174.51,174,KALINGA,KAL,2026-01-15 08:00:00
174.52,174,LA_UNION,LUN,2026-01-15 08:00:00
174.53,174,LAGUNA,LAG,2026-01-15 08:00:00
174.54,174,LANAO_DEL_NORTE,LAN,2026-01-15 08:00:00
174.55,174,LANAO_DEL_SUR,LAS,2026-01-15 08:00:00
174.56,174,LEYTE,LEY,2026-01-15 08:00:00
174.57,174,MAGUINDANAO,MAG,2026-01-15 08:00:00
174.58,174,MARINDUQUE,MAD,2026-01-15 08:00:00
174.59,174,MASBATE,MAS,2026-01-15 08:00:00
174.6,174,ANTIQUE,ANT,2026-01-15 08:00:00
174.60,174,METRO_MANILA,NCR,2026-01-15 08:00:00
174.61,174,MIMAROPA,NULL,2026-01-15 08:00:00
174.62,174,MISAMIS_OCCIDENTAL,MSC,2026-01-15 08:00:00
174.63,174,MISAMIS_ORIENTAL,MSR,2026-01-15 08:00:00
174.64,174,MOUNTAIN_PROVINCE,MOU,2026-01-15 08:00:00
174.65,174,NEGROS_OCCIDENTAL,NEC,2026-01-15 08:00:00
174.66,174,NEGROS_ORIENTAL,NER,2026-01-15 08:00:00
174.67,174,NORTHERN_MINDANAO,NULL,2026-01-15 08:00:00
174.68,174,NORTHERN_SAMAR,NSA,2026-01-15 08:00:00
174.69,174,NUEVA_ECIJA,NUE,2026-01-15 08:00:00
174.7,174,APAYAO,APA,2026-01-15 08:00:00
174.70,174,NUEVA_VIZCAYA,NUV,2026-01-15 08:00:00
174.71,174,OCCIDENTAL_MINDORO,MDC,2026-01-15 08:00:00
174.72,174,ORIENTAL_MINDORO,MDR,2026-01-15 08:00:00
174.73,174,PALAWAN,PLW,2026-01-15 08:00:00
174.74,174,PAMPANGA,PAM,2026-01-15 08:00:00
174.75,174,PANGASINAN,PAN,2026-01-15 08:00:00
174.76,174,QUEZON,QUE,2026-01-15 08:00:00
174.77,174,QUIRINO,QUI,2026-01-15 08:00:00
174.78,174,RIZAL,RIZ,2026-01-15 08:00:00
174.79,174,ROMBLON,ROM,2026-01-15 08:00:00
174.8,174,AURORA,AUR,2026-01-15 08:00:00
174.80,174,SARANGANI,SAR,2026-01-15 08:00:00
174.81,174,SIQUIJOR,SIG,2026-01-15 08:00:00
174.82,174,SOCCSKSARGEN,NULL,2026-01-15 08:00:00
174.83,174,SORSOGON,SOR,2026-01-15 08:00:00
174.84,174,SOUTH_COTABATO,SCO,2026-01-15 08:00:00
174.85,174,SOUTHERN_LEYTE,SLE,2026-01-15 08:00:00
174.86,174,SULTAN_KUDARAT,SUK,2026-01-15 08:00:00
174.87,174,SULU,SLU,2026-01-15 08:00:00
174.88,174,SURIGAO_DEL_NORTE,SUN,2026-01-15 08:00:00
174.89,174,SURIGAO_DEL_SUR,SUR,2026-01-15 08:00:00
174.9,174,AUTONOMOUS_REGION_IN_MUSLIM_MINDANAO,NULL,2026-01-15 08:00:00
174.90,174,TARLAC,TAR,2026-01-15 08:00:00
174.91,174,TAWI-TAWI,TAW,2026-01-15 08:00:00
174.92,174,WESTERN_SAMAR,WSA,2026-01-15 08:00:00
174.93,174,WESTERN_VISAYAS,NULL,2026-01-15 08:00:00
174.94,174,ZAMBALES,ZMB,2026-01-15 08:00:00
174.95,174,ZAMBOANGA_DEL_NORTE,ZAN,2026-01-15 08:00:00
174.96,174,ZAMBOANGA_DEL_SUR,ZAS,2026-01-15 08:00:00
174.97,174,ZAMBOANGA_PENINSULA,NULL,2026-01-15 08:00:00
174.98,174,ZAMBOANGA_SIBUGAY,ZSI,2026-01-15 08:00:00
17.5,17,BLACK_POINT,BP,2026-01-15 08:00:00
17.6,17,CAT_ISLAND,CI,2026-01-15 08:00:00
176.1,176,GREATER_POLAND_VOIVODESHIP,WP,2026-01-15 08:00:00
176.10,176,PODKARPACKIE_VOIVODESHIP,PK,2026-01-15 08:00:00
176.11,176,PODLASKIE_VOIVODESHIP,PD,2026-01-15 08:00:00
176.12,176,POMERANIAN_VOIVODESHIP,PM,2026-01-15 08:00:00
176.13,176,SILESIAN_VOIVODESHIP,SL,2026-01-15 08:00:00
176.14,176,SWIETOKRZYSKIE_VOIVODESHIP,SK,2026-01-15 08:00:00
176.15,176,WARMIAN-MASURIAN_VOIVODESHIP,WN,2026-01-15 08:00:00
176.16,176,WEST_POMERANIAN_VOIVODESHIP,ZP,2026-01-15 08:00:00
176.2,176,KUYAVIAN-POMERANIAN_VOIVODESHIP,KP,2026-01-15 08:00:00
176.3,176,LESSER_POLAND_VOIVODESHIP,MA,2026-01-15 08:00:00
176.4,176,LOWER_SILESIAN_VOIVODESHIP,DS,2026-01-15 08:00:00
176.5,176,LUBLIN_VOIVODESHIP,LU,2026-01-15 08:00:00
176.6,176,LUBUSZ_VOIVODESHIP,LB,2026-01-15 08:00:00
176.7,176,LODZ_VOIVODESHIP,LD,2026-01-15 08:00:00
176.8,176,MASOVIAN_VOIVODESHIP,MZ,2026-01-15 08:00:00
176.9,176,OPOLE_VOIVODESHIP,OP,2026-01-15 08:00:00
17.7,17,CENTRAL_ABACO,CO,2026-01-15 08:00:00
177.1,177,ACORES,NULL,2026-01-15 08:00:00
177.10,177,GUARDA,NULL,2026-01-15 08:00:00
177.11,177,LEIRIA,NULL,2026-01-15 08:00:00
177.12,177,LISBON,NULL,2026-01-15 08:00:00
177.13,177,MADEIRA,NULL,2026-01-15 08:00:00
177.14,177,PORTALEGRE,NULL,2026-01-15 08:00:00
177.15,177,PORTO,NULL,2026-01-15 08:00:00
177.16,177,SANTAREM,NULL,2026-01-15 08:00:00
177.17,177,SETUBAL,NULL,2026-01-15 08:00:00
177.18,177,VIANA_DO_CASTELO,NULL,2026-01-15 08:00:00
177.19,177,VILA_REAL,NULL,2026-01-15 08:00:00
177.2,177,AVEIRO,NULL,2026-01-15 08:00:00
177.20,177,VISEU,NULL,2026-01-15 08:00:00
177.3,177,BEJA,NULL,2026-01-15 08:00:00
177.4,177,BRAGA,NULL,2026-01-15 08:00:00
177.5,177,BRAGANCA,NULL,2026-01-15 08:00:00
177.6,177,CASTELO_BRANCO,NULL,2026-01-15 08:00:00
177.7,177,COIMBRA,NULL,2026-01-15 08:00:00
177.8,177,EVORA,NULL,2026-01-15 08:00:00
177.9,177,FARO,NULL,2026-01-15 08:00:00
17.8,17,CENTRAL_ANDROS,CS,2026-01-15 08:00:00
178.1,178,ADJUNTAS,NULL,2026-01-15 08:00:00
178.10,178,BARCELONETA,NULL,2026-01-15 08:00:00
178.11,178,BARRANQUITAS,NULL,2026-01-15 08:00:00
178.12,178,BAYAMON,BY,2026-01-15 08:00:00
178.13,178,BAYAMON,NULL,2026-01-15 08:00:00
178.14,178,CABO_ROJO,NULL,2026-01-15 08:00:00
178.15,178,CAGUAS,CG,2026-01-15 08:00:00
178.16,178,CAGUAS,NULL,2026-01-15 08:00:00
178.17,178,CAMUY,NULL,2026-01-15 08:00:00
178.18,178,CANOVANAS,NULL,2026-01-15 08:00:00
178.19,178,CAROLINA,CL,2026-01-15 08:00:00
178.2,178,AGUADA,NULL,2026-01-15 08:00:00
178.20,178,CAROLINA,NULL,2026-01-15 08:00:00
178.21,178,CATANO,NULL,2026-01-15 08:00:00
178.22,178,CAYEY,NULL,2026-01-15 08:00:00
178.23,178,CEIBA,NULL,2026-01-15 08:00:00
178.24,178,CIALES,NULL,2026-01-15 08:00:00
178.25,178,CIDRA,NULL,2026-01-15 08:00:00
178.26,178,COAMO,NULL,2026-01-15 08:00:00
178.27,178,COMERIO,NULL,2026-01-15 08:00:00
178.28,178,COROZAL,NULL,2026-01-15 08:00:00
178.29,178,CULEBRA,NULL,2026-01-15 08:00:00
178.3,178,AGUADILLA,NULL,2026-01-15 08:00:00
178.30,178,DORADO,NULL,2026-01-15 08:00:00
178.31,178,FAJARDO,NULL,2026-01-15 08:00:00
178.32,178,FLORIDA,NULL,2026-01-15 08:00:00
178.33,178,GUANICA,NULL,2026-01-15 08:00:00
178.34,178,GUAYAMA,NULL,2026-01-15 08:00:00
178.35,178,GUAYANILLA,NULL,2026-01-15 08:00:00
178.36,178,GUAYNABO,GN,2026-01-15 08:00:00
178.37,178,GUAYNABO,NULL,2026-01-15 08:00:00
178.38,178,GURABO,NULL,2026-01-15 08:00:00
178.39,178,HATILLO,NULL,2026-01-15 08:00:00
178.4,178,AGUAS_BUENAS,NULL,2026-01-15 08:00:00
178.40,178,HORMIGUEROS,NULL,2026-01-15 08:00:00
178.41,178,HUMACAO,NULL,2026-01-15 08:00:00
178.42,178,ISABELA,NULL,2026-01-15 08:00:00
178.43,178,JAYUYA,NULL,2026-01-15 08:00:00
178.44,178,JUANA_DIAZ,NULL,2026-01-15 08:00:00
178.45,178,JUNCOS,NULL,2026-01-15 08:00:00
178.46,178,LAJAS,NULL,2026-01-15 08:00:00
178.47,178,LARES,NULL,2026-01-15 08:00:00
178.48,178,LAS_MARIAS,NULL,2026-01-15 08:00:00
178.49,178,LAS_PIEDRAS,NULL,2026-01-15 08:00:00
178.5,178,AIBONITO,NULL,2026-01-15 08:00:00
178.50,178,LOIZA,NULL,2026-01-15 08:00:00
178.51,178,LUQUILLO,NULL,2026-01-15 08:00:00
178.52,178,MANATI,NULL,2026-01-15 08:00:00
178.53,178,MARICAO,NULL,2026-01-15 08:00:00
178.54,178,MAUNABO,NULL,2026-01-15 08:00:00
178.55,178,MAYAGUEZ,MG,2026-01-15 08:00:00
178.56,178,MAYAGUEZ,NULL,2026-01-15 08:00:00
178.57,178,MOCA,NULL,2026-01-15 08:00:00
178.58,178,MOROVIS,NULL,2026-01-15 08:00:00
178.59,178,NAGUABO,NULL,2026-01-15 08:00:00
178.6,178,ANASCO,NULL,2026-01-15 08:00:00
178.60,178,NARANJITO,NULL,2026-01-15 08:00:00
178.61,178,OROCOVIS,NULL,2026-01-15 08:00:00
178.62,178,PATILLAS,NULL,2026-01-15 08:00:00
178.63,178,PENUELAS,NULL,2026-01-15 08:00:00
178.64,178,PONCE,PO,2026-01-15 08:00:00
178.65,178,PONCE,NULL,2026-01-15 08:00:00
178.66,178,QUEBRADILLAS,NULL,2026-01-15 08:00:00
178.67,178,RINCON,NULL,2026-01-15 08:00:00
178.68,178,RIO_GRANDE,NULL,2026-01-15 08:00:00
178.69,178,SABANA_GRANDE,NULL,2026-01-15 08:00:00
178.7,178,ARECIBO,NULL,2026-01-15 08:00:00
178.70,178,SALINAS,NULL,2026-01-15 08:00:00
178.71,178,SAN_GERMAN,NULL,2026-01-15 08:00:00
178.72,178,SAN_JUAN,NULL,2026-01-15 08:00:00
178.73,178,SAN_JUAN,SJ,2026-01-15 08:00:00
178.74,178,SAN_LORENZO,NULL,2026-01-15 08:00:00
178.75,178,SAN_SEBASTIAN,NULL,2026-01-15 08:00:00
178.76,178,SANTA_ISABEL,NULL,2026-01-15 08:00:00
178.77,178,TOA_ALTA,NULL,2026-01-15 08:00:00
178.78,178,TOA_BAJA,TB,2026-01-15 08:00:00
178.79,178,TOA_BAJA,NULL,2026-01-15 08:00:00
178.8,178,ARECIBO,AR,2026-01-15 08:00:00
178.80,178,TRUJILLO_ALTO,TA,2026-01-15 08:00:00
178.81,178,TRUJILLO_ALTO,NULL,2026-01-15 08:00:00
178.82,178,UTUADO,NULL,2026-01-15 08:00:00
178.83,178,VEGA_ALTA,NULL,2026-01-15 08:00:00
178.84,178,VEGA_BAJA,NULL,2026-01-15 08:00:00
178.85,178,VIEQUES,NULL,2026-01-15 08:00:00
178.86,178,VILLALBA,NULL,2026-01-15 08:00:00
178.87,178,YABUCOA,NULL,2026-01-15 08:00:00
178.88,178,YAUCO,NULL,2026-01-15 08:00:00
178.9,178,ARROYO,NULL,2026-01-15 08:00:00
17.9,17,CENTRAL_ELEUTHERA,CE,2026-01-15 08:00:00
179.1,179,AL_DAAYEN,ZA,2026-01-15 08:00:00
179.2,179,AL_KHOR,KH,2026-01-15 08:00:00
179.3,179,AL_RAYYAN_MUNICIPALITY,RA,2026-01-15 08:00:00
179.4,179,AL_WAKRAH,WA,2026-01-15 08:00:00
179.5,179,AL-SHAHANIYA,SH,2026-01-15 08:00:00
179.6,179,DOHA,DA,2026-01-15 08:00:00
179.7,179,MADINAT_ASH_SHAMAL,MS,2026-01-15 08:00:00
179.8,179,UMM_SALAL_MUNICIPALITY,US,2026-01-15 08:00:00
1.8,1,FARYAB,FYB,2026-01-15 08:00:00
18.1,18,CAPITAL,NULL,2026-01-15 08:00:00
181.1,181,ALBA,AB,2026-01-15 08:00:00
181.10,181,BUCHAREST,B,2026-01-15 08:00:00
181.11,181,BUZAU_COUNTY,BZ,2026-01-15 08:00:00
181.12,181,CALARASI_COUNTY,CL,2026-01-15 08:00:00
181.13,181,CARAS-SEVERIN_COUNTY,CS,2026-01-15 08:00:00
181.14,181,CLUJ_COUNTY,CJ,2026-01-15 08:00:00
181.15,181,CONSTANTA_COUNTY,CT,2026-01-15 08:00:00
181.16,181,COVASNA_COUNTY,CV,2026-01-15 08:00:00
181.17,181,DAMBOVITA_COUNTY,DB,2026-01-15 08:00:00
181.18,181,DOLJ_COUNTY,DJ,2026-01-15 08:00:00
181.19,181,GALATI_COUNTY,GL,2026-01-15 08:00:00
181.2,181,ARAD_COUNTY,AR,2026-01-15 08:00:00
181.20,181,GIURGIU_COUNTY,GR,2026-01-15 08:00:00
181.21,181,GORJ_COUNTY,GJ,2026-01-15 08:00:00
181.22,181,HARGHITA_COUNTY,HR,2026-01-15 08:00:00
181.23,181,HUNEDOARA_COUNTY,HD,2026-01-15 08:00:00
181.24,181,IALOMITA_COUNTY,IL,2026-01-15 08:00:00
181.25,181,IASI_COUNTY,IS,2026-01-15 08:00:00
181.26,181,ILFOV_COUNTY,IF,2026-01-15 08:00:00
181.27,181,MARAMURES_COUNTY,MM,2026-01-15 08:00:00
181.28,181,MEHEDINTI_COUNTY,MH,2026-01-15 08:00:00
181.29,181,MURES_COUNTY,MS,2026-01-15 08:00:00
181.3,181,ARGES,AG,2026-01-15 08:00:00
181.30,181,NEAMT_COUNTY,NT,2026-01-15 08:00:00
181.31,181,OLT_COUNTY,OT,2026-01-15 08:00:00
181.32,181,PRAHOVA_COUNTY,PH,2026-01-15 08:00:00
181.33,181,SALAJ_COUNTY,SJ,2026-01-15 08:00:00
181.34,181,SATU_MARE_COUNTY,SM,2026-01-15 08:00:00
181.35,181,SIBIU_COUNTY,SB,2026-01-15 08:00:00
181.36,181,SUCEAVA_COUNTY,SV,2026-01-15 08:00:00
181.37,181,TELEORMAN_COUNTY,TR,2026-01-15 08:00:00
181.38,181,TIMIS_COUNTY,TM,2026-01-15 08:00:00
181.39,181,TULCEA_COUNTY,TL,2026-01-15 08:00:00
181.4,181,BACAU_COUNTY,BC,2026-01-15 08:00:00
181.40,181,VALCEA_COUNTY,VL,2026-01-15 08:00:00
181.41,181,VASLUI_COUNTY,VS,2026-01-15 08:00:00
181.42,181,VRANCEA_COUNTY,VN,2026-01-15 08:00:00
181.5,181,BIHOR_COUNTY,BH,2026-01-15 08:00:00
181.6,181,BISTRITA-NASAUD_COUNTY,BN,2026-01-15 08:00:00
181.7,181,BOTOSANI_COUNTY,BT,2026-01-15 08:00:00
181.8,181,BRAILA,BR,2026-01-15 08:00:00
181.9,181,BRASOV_COUNTY,BV,2026-01-15 08:00:00
18.2,18,CENTRAL,NULL,2026-01-15 08:00:00
182.1,182,ALTAI_KRAI,ALT,2026-01-15 08:00:00
182.10,182,CHUKOTKA_AUTONOMOUS_OKRUG,CHU,2026-01-15 08:00:00
182.11,182,CHUVASH_REPUBLIC,CU,2026-01-15 08:00:00
182.12,182,IRKUTSK,IRK,2026-01-15 08:00:00
182.13,182,IVANOVO_OBLAST,IVA,2026-01-15 08:00:00
182.14,182,JEWISH_AUTONOMOUS_OBLAST,YEV,2026-01-15 08:00:00
182.15,182,KABARDINO-BALKAR_REPUBLIC,KB,2026-01-15 08:00:00
182.16,182,KALININGRAD,KGD,2026-01-15 08:00:00
182.17,182,KALUGA_OBLAST,KLU,2026-01-15 08:00:00
182.18,182,KAMCHATKA_KRAI,KAM,2026-01-15 08:00:00
182.19,182,KARACHAY-CHERKESS_REPUBLIC,KC,2026-01-15 08:00:00
182.2,182,ALTAI_REPUBLIC,AL,2026-01-15 08:00:00
182.20,182,KEMEROVO_OBLAST,KEM,2026-01-15 08:00:00
182.21,182,KHABAROVSK_KRAI,KHA,2026-01-15 08:00:00
182.22,182,KHANTY-MANSI_AUTONOMOUS_OKRUG,KHM,2026-01-15 08:00:00
182.23,182,KIROV_OBLAST,KIR,2026-01-15 08:00:00
182.24,182,KOMI_REPUBLIC,KO,2026-01-15 08:00:00
182.25,182,KOSTROMA_OBLAST,KOS,2026-01-15 08:00:00
182.26,182,KRASNODAR_KRAI,KDA,2026-01-15 08:00:00
182.27,182,KRASNOYARSK_KRAI,KYA,2026-01-15 08:00:00
182.28,182,KURGAN_OBLAST,KGN,2026-01-15 08:00:00
182.29,182,KURSK_OBLAST,KRS,2026-01-15 08:00:00
182.3,182,AMUR_OBLAST,AMU,2026-01-15 08:00:00
182.30,182,LENINGRAD_OBLAST,LEN,2026-01-15 08:00:00
182.31,182,LIPETSK_OBLAST,LIP,2026-01-15 08:00:00
182.32,182,MAGADAN_OBLAST,MAG,2026-01-15 08:00:00
182.33,182,MARI_EL_REPUBLIC,ME,2026-01-15 08:00:00
182.34,182,MOSCOW,MOW,2026-01-15 08:00:00
182.35,182,MOSCOW_OBLAST,MOS,2026-01-15 08:00:00
182.36,182,MURMANSK_OBLAST,MUR,2026-01-15 08:00:00
182.37,182,NENETS_AUTONOMOUS_OKRUG,NEN,2026-01-15 08:00:00
182.38,182,NIZHNY_NOVGOROD_OBLAST,NIZ,2026-01-15 08:00:00
182.39,182,NOVGOROD_OBLAST,NGR,2026-01-15 08:00:00
182.4,182,ARKHANGELSK,ARK,2026-01-15 08:00:00
182.40,182,NOVOSIBIRSK,NVS,2026-01-15 08:00:00
182.41,182,OMSK_OBLAST,OMS,2026-01-15 08:00:00
182.42,182,ORENBURG_OBLAST,ORE,2026-01-15 08:00:00
182.43,182,ORYOL_OBLAST,ORL,2026-01-15 08:00:00
182.44,182,PENZA_OBLAST,PNZ,2026-01-15 08:00:00
182.45,182,PERM_KRAI,PER,2026-01-15 08:00:00
182.46,182,PRIMORSKY_KRAI,PRI,2026-01-15 08:00:00
182.47,182,PSKOV_OBLAST,PSK,2026-01-15 08:00:00
182.48,182,REPUBLIC_OF_ADYGEA,AD,2026-01-15 08:00:00
182.49,182,REPUBLIC_OF_BASHKORTOSTAN,BA,2026-01-15 08:00:00
182.5,182,ASTRAKHAN_OBLAST,AST,2026-01-15 08:00:00
182.50,182,REPUBLIC_OF_BURYATIA,BU,2026-01-15 08:00:00
182.51,182,REPUBLIC_OF_DAGESTAN,DA,2026-01-15 08:00:00
182.52,182,REPUBLIC_OF_INGUSHETIA,IN,2026-01-15 08:00:00
182.53,182,REPUBLIC_OF_KALMYKIA,KL,2026-01-15 08:00:00
182.54,182,REPUBLIC_OF_KARELIA,KR,2026-01-15 08:00:00
182.55,182,REPUBLIC_OF_KHAKASSIA,KK,2026-01-15 08:00:00
182.56,182,REPUBLIC_OF_MORDOVIA,MO,2026-01-15 08:00:00
182.57,182,REPUBLIC_OF_NORTH_OSSETIA-ALANIA,SE,2026-01-15 08:00:00
182.58,182,REPUBLIC_OF_TATARSTAN,TA,2026-01-15 08:00:00
182.59,182,ROSTOV_OBLAST,ROS,2026-01-15 08:00:00
182.6,182,BELGOROD_OBLAST,BEL,2026-01-15 08:00:00
182.60,182,RYAZAN_OBLAST,RYA,2026-01-15 08:00:00
182.61,182,SAINT_PETERSBURG,SPE,2026-01-15 08:00:00
182.62,182,SAKHA_REPUBLIC,SA,2026-01-15 08:00:00
182.63,182,SAKHALIN,SAK,2026-01-15 08:00:00
182.64,182,SAMARA_OBLAST,SAM,2026-01-15 08:00:00
182.65,182,SARATOV_OBLAST,SAR,2026-01-15 08:00:00
182.66,182,SEVASTOPOL,UA-40,2026-01-15 08:00:00
182.67,182,SMOLENSK_OBLAST,SMO,2026-01-15 08:00:00
182.68,182,STAVROPOL_KRAI,STA,2026-01-15 08:00:00
182.69,182,SVERDLOVSK,SVE,2026-01-15 08:00:00
182.7,182,BRYANSK_OBLAST,BRY,2026-01-15 08:00:00
182.70,182,TAMBOV_OBLAST,TAM,2026-01-15 08:00:00
182.71,182,TOMSK_OBLAST,TOM,2026-01-15 08:00:00
182.72,182,TULA_OBLAST,TUL,2026-01-15 08:00:00
182.73,182,TUVA_REPUBLIC,TY,2026-01-15 08:00:00
182.74,182,TVER_OBLAST,TVE,2026-01-15 08:00:00
182.75,182,TYUMEN_OBLAST,TYU,2026-01-15 08:00:00
182.76,182,UDMURT_REPUBLIC,UD,2026-01-15 08:00:00
182.77,182,ULYANOVSK_OBLAST,ULY,2026-01-15 08:00:00
182.78,182,VLADIMIR_OBLAST,VLA,2026-01-15 08:00:00
182.79,182,VOLGOGRAD_OBLAST,VGG,2026-01-15 08:00:00
182.8,182,CHECHEN_REPUBLIC,CE,2026-01-15 08:00:00
182.80,182,VOLOGDA_OBLAST,VLG,2026-01-15 08:00:00
182.81,182,VORONEZH_OBLAST,VOR,2026-01-15 08:00:00
182.82,182,YAMALO-NENETS_AUTONOMOUS_OKRUG,YAN,2026-01-15 08:00:00
182.83,182,YAROSLAVL_OBLAST,YAR,2026-01-15 08:00:00
182.84,182,ZABAYKALSKY_KRAI,ZAB,2026-01-15 08:00:00
182.9,182,CHELYABINSK_OBLAST,CHE,2026-01-15 08:00:00
18.3,18,MUHARRAQ,NULL,2026-01-15 08:00:00
183.1,183,EASTERN_PROVINCE,NULL,2026-01-15 08:00:00
183.2,183,KIGALI_DISTRICT,NULL,2026-01-15 08:00:00
183.3,183,NORTHERN_PROVINCE,NULL,2026-01-15 08:00:00
183.4,183,SOUTHERN_PROVINCE,NULL,2026-01-15 08:00:00
183.5,183,WESTERN_PROVINCE,NULL,2026-01-15 08:00:00
18.4,18,NORTHERN,NULL,2026-01-15 08:00:00
18.5,18,SOUTHERN,NULL,2026-01-15 08:00:00
185.1,185,CHRIST_CHURCH_NICHOLA_TOWN_PARISH,NULL,2026-01-15 08:00:00
185.10,185,SAINT_PAUL_CAPISTERRE_PARISH,NULL,2026-01-15 08:00:00
185.11,185,SAINT_PAUL_CHARLESTOWN_PARISH,NULL,2026-01-15 08:00:00
185.12,185,SAINT_PETER_BASSETERRE_PARISH,NULL,2026-01-15 08:00:00
185.13,185,SAINT_THOMAS_LOWLAND_PARISH,NULL,2026-01-15 08:00:00
185.14,185,SAINT_THOMAS_MIDDLE_ISLAND_PARISH,NULL,2026-01-15 08:00:00
185.15,185,TRINITY_PALMETTO_POINT_PARISH,NULL,2026-01-15 08:00:00
185.2,185,NEVIS,N,2026-01-15 08:00:00
185.3,185,SAINT_ANNE_SANDY_POINT_PARISH,NULL,2026-01-15 08:00:00
185.4,185,SAINT_GEORGE_GINGERLAND_PARISH,NULL,2026-01-15 08:00:00
185.5,185,SAINT_JAMES_WINDWARD_PARISH,NULL,2026-01-15 08:00:00
185.6,185,SAINT_JOHN_CAPISTERRE_PARISH,NULL,2026-01-15 08:00:00
185.7,185,SAINT_JOHN_FIGTREE_PARISH,NULL,2026-01-15 08:00:00
185.8,185,SAINT_KITTS,K,2026-01-15 08:00:00
185.9,185,SAINT_MARY_CAYON_PARISH,NULL,2026-01-15 08:00:00
186.1,186,ANSE_LA_RAYE_QUARTER,NULL,2026-01-15 08:00:00
186.10,186,PRASLIN_QUARTER,NULL,2026-01-15 08:00:00
186.11,186,SOUFRIERE_QUARTER,NULL,2026-01-15 08:00:00
186.12,186,VIEUX_FORT_QUARTER,NULL,2026-01-15 08:00:00
186.2,186,CANARIES,NULL,2026-01-15 08:00:00
186.3,186,CASTRIES_QUARTER,NULL,2026-01-15 08:00:00
186.4,186,CHOISEUL_QUARTER,NULL,2026-01-15 08:00:00
186.5,186,DAUPHIN_QUARTER,NULL,2026-01-15 08:00:00
186.6,186,DENNERY_QUARTER,NULL,2026-01-15 08:00:00
186.7,186,GROS_ISLET_QUARTER,NULL,2026-01-15 08:00:00
186.8,186,LABORIE_QUARTER,NULL,2026-01-15 08:00:00
186.9,186,MICOUD_QUARTER,NULL,2026-01-15 08:00:00
188.1,188,CHARLOTTE_PARISH,NULL,2026-01-15 08:00:00
188.2,188,GRENADINES_PARISH,NULL,2026-01-15 08:00:00
188.3,188,SAINT_ANDREW_PARISH,NULL,2026-01-15 08:00:00
188.4,188,SAINT_DAVID_PARISH,NULL,2026-01-15 08:00:00
188.5,188,SAINT_GEORGE_PARISH,NULL,2026-01-15 08:00:00
188.6,188,SAINT_PATRICK_PARISH,NULL,2026-01-15 08:00:00
1.9,1,GHAZNI,GHA,2026-01-15 08:00:00
19.1,19,BAGERHAT_DISTRICT,NULL,2026-01-15 08:00:00
19.10,19,CHANDPUR_DISTRICT,NULL,2026-01-15 08:00:00
19.11,19,CHAPAI_NAWABGANJ_DISTRICT,NULL,2026-01-15 08:00:00
191.1,191,A'ANA,AA,2026-01-15 08:00:00
191.10,191,VA'A-O-FONOTI,VF,2026-01-15 08:00:00
191.11,191,VAISIGANO,VS,2026-01-15 08:00:00
19.12,19,CHITTAGONG_DISTRICT,NULL,2026-01-15 08:00:00
191.2,191,AIGA-I-LE-TAI,AL,2026-01-15 08:00:00
19.13,19,CHITTAGONG_DIVISION,B,2026-01-15 08:00:00
191.3,191,ATUA,AT,2026-01-15 08:00:00
19.14,19,CHUADANGA_DISTRICT,NULL,2026-01-15 08:00:00
191.4,191,FA'ASALELEAGA,FA,2026-01-15 08:00:00
19.15,19,COMILLA_DISTRICT,NULL,2026-01-15 08:00:00
191.5,191,GAGA'EMAUGA,GE,2026-01-15 08:00:00
19.16,19,COX'S_BAZAR_DISTRICT,NULL,2026-01-15 08:00:00
191.6,191,GAGA'IFOMAUGA,GI,2026-01-15 08:00:00
19.17,19,DHAKA_DISTRICT,NULL,2026-01-15 08:00:00
191.7,191,PALAULI,PA,2026-01-15 08:00:00
19.18,19,DHAKA_DIVISION,C,2026-01-15 08:00:00
191.8,191,SATUPA'ITEA,SA,2026-01-15 08:00:00
19.19,19,DINAJPUR_DISTRICT,NULL,2026-01-15 08:00:00
191.9,191,TUAMASAGA,TU,2026-01-15 08:00:00
19.2,19,BAHADIA,NULL,2026-01-15 08:00:00
19.20,19,FARIDPUR_DISTRICT,NULL,2026-01-15 08:00:00
19.21,19,FENI_DISTRICT,NULL,2026-01-15 08:00:00
192.1,192,ACQUAVIVA,NULL,2026-01-15 08:00:00
19.22,19,GAIBANDHA_DISTRICT,NULL,2026-01-15 08:00:00
192.2,192,BORGO_MAGGIORE,NULL,2026-01-15 08:00:00
19.23,19,GAZIPUR_DISTRICT,NULL,2026-01-15 08:00:00
192.3,192,CHIESANUOVA,NULL,2026-01-15 08:00:00
19.24,19,GOPALGANJ_DISTRICT,NULL,2026-01-15 08:00:00
192.4,192,DOMAGNANO,NULL,2026-01-15 08:00:00
19.25,19,HABIGANJ_DISTRICT,NULL,2026-01-15 08:00:00
192.5,192,FAETANO,NULL,2026-01-15 08:00:00
19.26,19,JAMALPUR_DISTRICT,NULL,2026-01-15 08:00:00
192.6,192,FIORENTINO,NULL,2026-01-15 08:00:00
19.27,19,JESSORE_DISTRICT,NULL,2026-01-15 08:00:00
192.7,192,MONTEGIARDINO,NULL,2026-01-15 08:00:00
19.28,19,JHALOKATI_DISTRICT,NULL,2026-01-15 08:00:00
192.8,192,SAN_MARINO,NULL,2026-01-15 08:00:00
19.29,19,JHENAIDAH_DISTRICT,NULL,2026-01-15 08:00:00
192.9,192,SERRAVALLE,NULL,2026-01-15 08:00:00
19.3,19,BANDARBAN_DISTRICT,NULL,2026-01-15 08:00:00
19.30,19,JOYPURHAT_DISTRICT,NULL,2026-01-15 08:00:00
19.31,19,KHAGRACHARI_DISTRICT,NULL,2026-01-15 08:00:00
193.1,193,PRINCIPE_PROVINCE,P,2026-01-15 08:00:00
19.32,19,KHULNA_DISTRICT,NULL,2026-01-15 08:00:00
193.2,193,SAO_TOME_PROVINCE,S,2026-01-15 08:00:00
19.33,19,KHULNA_DIVISION,D,2026-01-15 08:00:00
19.34,19,KISHOREGANJ_DISTRICT,NULL,2026-01-15 08:00:00
19.35,19,KURIGRAM_DISTRICT,NULL,2026-01-15 08:00:00
19.36,19,KUSHTIA_DISTRICT,NULL,2026-01-15 08:00:00
19.37,19,LAKSHMIPUR_DISTRICT,NULL,2026-01-15 08:00:00
19.38,19,LALMONIRHAT_DISTRICT,NULL,2026-01-15 08:00:00
19.39,19,MADARIPUR_DISTRICT,NULL,2026-01-15 08:00:00
19.4,19,BARGUNA_DISTRICT,NULL,2026-01-15 08:00:00
19.40,19,MEHERPUR_DISTRICT,NULL,2026-01-15 08:00:00
19.41,19,MOULVIBAZAR_DISTRICT,NULL,2026-01-15 08:00:00
194.1,194,ASIR,NULL,2026-01-15 08:00:00
194.10,194,NAJRAN,NULL,2026-01-15 08:00:00
194.11,194,NORTHERN_BORDERS,NULL,2026-01-15 08:00:00
194.12,194,RIYADH,NULL,2026-01-15 08:00:00
194.13,194,TABUK,NULL,2026-01-15 08:00:00
19.42,19,MUNSHIGANJ_DISTRICT,NULL,2026-01-15 08:00:00
194.2,194,AL_BAHAH,NULL,2026-01-15 08:00:00
19.43,19,MYMENSINGH_DISTRICT,NULL,2026-01-15 08:00:00
194.3,194,AL_JAWF,NULL,2026-01-15 08:00:00
19.44,19,MYMENSINGH_DIVISION,H,2026-01-15 08:00:00
194.4,194,AL_MADINAH,NULL,2026-01-15 08:00:00
19.45,19,NAOGAON_DISTRICT,NULL,2026-01-15 08:00:00
194.5,194,AL-QASSIM,NULL,2026-01-15 08:00:00
19.46,19,NARAIL_DISTRICT,NULL,2026-01-15 08:00:00
194.6,194,EASTERN_PROVINCE,NULL,2026-01-15 08:00:00
19.47,19,NARAYANGANJ_DISTRICT,NULL,2026-01-15 08:00:00
194.7,194,HA'IL,NULL,2026-01-15 08:00:00
19.48,19,NATORE_DISTRICT,NULL,2026-01-15 08:00:00
194.8,194,JIZAN,NULL,2026-01-15 08:00:00
19.49,19,NETROKONA_DISTRICT,NULL,2026-01-15 08:00:00
194.9,194,MAKKAH,NULL,2026-01-15 08:00:00
19.5,19,BARISAL_DISTRICT,NULL,2026-01-15 08:00:00
19.50,19,NILPHAMARI_DISTRICT,NULL,2026-01-15 08:00:00
19.51,19,NOAKHALI_DISTRICT,NULL,2026-01-15 08:00:00
195.1,195,DAKAR,DK,2026-01-15 08:00:00
195.10,195,SAINT-LOUIS,SL,2026-01-15 08:00:00
195.11,195,SEDHIOU,SE,2026-01-15 08:00:00
195.12,195,TAMBACOUNDA_REGION,TC,2026-01-15 08:00:00
195.13,195,THIES_REGION,TH,2026-01-15 08:00:00
195.14,195,ZIGUINCHOR,ZG,2026-01-15 08:00:00
19.52,19,PABNA_DISTRICT,NULL,2026-01-15 08:00:00
195.2,195,DIOURBEL_REGION,DB,2026-01-15 08:00:00
19.53,19,PANCHAGARH_DISTRICT,NULL,2026-01-15 08:00:00
195.3,195,FATICK,FK,2026-01-15 08:00:00
19.54,19,PATUAKHALI_DISTRICT,NULL,2026-01-15 08:00:00
195.4,195,KAFFRINE,KA,2026-01-15 08:00:00
19.55,19,PIROJPUR_DISTRICT,NULL,2026-01-15 08:00:00
195.5,195,KAOLACK,KL,2026-01-15 08:00:00
19.56,19,RAJBARI_DISTRICT,NULL,2026-01-15 08:00:00
195.6,195,KEDOUGOU,KE,2026-01-15 08:00:00
19.57,19,RAJSHAHI_DISTRICT,NULL,2026-01-15 08:00:00
195.7,195,KOLDA,KD,2026-01-15 08:00:00
19.58,19,RAJSHAHI_DIVISION,E,2026-01-15 08:00:00
195.8,195,LOUGA,LG,2026-01-15 08:00:00
19.59,19,RANGAMATI_HILL_DISTRICT,NULL,2026-01-15 08:00:00
195.9,195,MATAM,MT,2026-01-15 08:00:00
19.6,19,BARISAL_DIVISION,A,2026-01-15 08:00:00
19.60,19,RANGPUR_DISTRICT,NULL,2026-01-15 08:00:00
19.61,19,RANGPUR_DIVISION,F,2026-01-15 08:00:00
196.1,196,BELGRADE,NULL,2026-01-15 08:00:00
196.10,196,NORTH_BACKA_DISTRICT,NULL,2026-01-15 08:00:00
196.11,196,NORTH_BANAT_DISTRICT,NULL,2026-01-15 08:00:00
196.12,196,PCINJA_DISTRICT,NULL,2026-01-15 08:00:00
196.13,196,PIROT_DISTRICT,NULL,2026-01-15 08:00:00
196.14,196,PODUNAVLJE_DISTRICT,NULL,2026-01-15 08:00:00
196.15,196,POMORAVLJE_DISTRICT,NULL,2026-01-15 08:00:00
196.16,196,RASINA_DISTRICT,NULL,2026-01-15 08:00:00
196.17,196,RASKA_DISTRICT,NULL,2026-01-15 08:00:00
196.18,196,SOUTH_BACKA_DISTRICT,NULL,2026-01-15 08:00:00
196.19,196,SOUTH_BANAT_DISTRICT,NULL,2026-01-15 08:00:00
19.62,19,SATKHIRA_DISTRICT,NULL,2026-01-15 08:00:00
196.2,196,BOR_DISTRICT,NULL,2026-01-15 08:00:00
196.20,196,SREM_DISTRICT,NULL,2026-01-15 08:00:00
196.21,196,SUMADIJA_DISTRICT,NULL,2026-01-15 08:00:00
196.22,196,TOPLICA_DISTRICT,NULL,2026-01-15 08:00:00
196.23,196,VOJVODINA,VO,2026-01-15 08:00:00
196.24,196,WEST_BACKA_DISTRICT,NULL,2026-01-15 08:00:00
196.25,196,ZAJECAR_DISTRICT,NULL,2026-01-15 08:00:00
196.26,196,ZLATIBOR_DISTRICT,NULL,2026-01-15 08:00:00
19.63,19,SHARIATPUR_DISTRICT,NULL,2026-01-15 08:00:00
196.3,196,BRANICEVO_DISTRICT,NULL,2026-01-15 08:00:00
19.64,19,SHERPUR_DISTRICT,NULL,2026-01-15 08:00:00
196.4,196,CENTRAL_BANAT_DISTRICT,NULL,2026-01-15 08:00:00
19.65,19,SIRAJGANJ_DISTRICT,NULL,2026-01-15 08:00:00
196.5,196,JABLANICA_DISTRICT,NULL,2026-01-15 08:00:00
19.66,19,SUNAMGANJ_DISTRICT,NULL,2026-01-15 08:00:00
196.6,196,KOLUBARA_DISTRICT,NULL,2026-01-15 08:00:00
19.67,19,SYLHET_DISTRICT,NULL,2026-01-15 08:00:00
196.7,196,MACVA_DISTRICT,NULL,2026-01-15 08:00:00
19.68,19,SYLHET_DIVISION,G,2026-01-15 08:00:00
196.8,196,MORAVICA_DISTRICT,NULL,2026-01-15 08:00:00
19.69,19,TANGAIL_DISTRICT,NULL,2026-01-15 08:00:00
196.9,196,NISAVA_DISTRICT,NULL,2026-01-15 08:00:00
19.7,19,BHOLA_DISTRICT,NULL,2026-01-15 08:00:00
19.70,19,THAKURGAON_DISTRICT,NULL,2026-01-15 08:00:00
197.1,197,ANSE_BOILEAU,NULL,2026-01-15 08:00:00
197.10,197,CASCADE,NULL,2026-01-15 08:00:00
197.11,197,GLACIS,NULL,2026-01-15 08:00:00
197.12,197,GRAND'ANSE_MAHE,NULL,2026-01-15 08:00:00
197.13,197,GRAND'ANSE_PRASLIN,NULL,2026-01-15 08:00:00
197.14,197,LA_DIGUE,NULL,2026-01-15 08:00:00
197.15,197,LA_RIVIERE_ANGLAISE,NULL,2026-01-15 08:00:00
197.16,197,LES_MAMELLES,NULL,2026-01-15 08:00:00
197.17,197,MONT_BUXTON,NULL,2026-01-15 08:00:00
197.18,197,MONT_FLEURI,NULL,2026-01-15 08:00:00
197.19,197,PLAISANCE,NULL,2026-01-15 08:00:00
197.2,197,ANSE_ROYALE,NULL,2026-01-15 08:00:00
197.20,197,POINTE_LA_RUE,NULL,2026-01-15 08:00:00
197.21,197,PORT_GLAUD,NULL,2026-01-15 08:00:00
197.22,197,ROCHE_CAIMAN,NULL,2026-01-15 08:00:00
197.23,197,SAINT_LOUIS,NULL,2026-01-15 08:00:00
197.24,197,TAKAMAKA,NULL,2026-01-15 08:00:00
197.3,197,ANSE-AUX-PINS,NULL,2026-01-15 08:00:00
197.4,197,AU_CAP,NULL,2026-01-15 08:00:00
197.5,197,BAIE_LAZARE,NULL,2026-01-15 08:00:00
197.6,197,BAIE_SAINTE_ANNE,NULL,2026-01-15 08:00:00
197.7,197,BEAU_VALLON,NULL,2026-01-15 08:00:00
197.8,197,BEL_AIR,NULL,2026-01-15 08:00:00
197.9,197,BEL_OMBRE,NULL,2026-01-15 08:00:00
19.8,19,BOGRA_DISTRICT,NULL,2026-01-15 08:00:00
198.1,198,EASTERN_PROVINCE,E,2026-01-15 08:00:00
198.2,198,NORTHERN_PROVINCE,N,2026-01-15 08:00:00
198.3,198,SOUTHERN_PROVINCE,S,2026-01-15 08:00:00
198.4,198,WESTERN_AREA,W,2026-01-15 08:00:00
19.9,19,BRAHMANBARIA_DISTRICT,NULL,2026-01-15 08:00:00
199.1,199,CENTRAL_SINGAPORE,NULL,2026-01-15 08:00:00
199.2,199,NORTH_EAST,NULL,2026-01-15 08:00:00
199.3,199,NORTH_WEST,NULL,2026-01-15 08:00:00
199.4,199,SOUTH_EAST,NULL,2026-01-15 08:00:00
199.5,199,SOUTH_WEST,NULL,2026-01-15 08:00:00
200.1,200,BANSKA_BYSTRICA_REGION,BC,2026-01-15 08:00:00
200.2,200,BRATISLAVA_REGION,BL,2026-01-15 08:00:00
200.3,200,KOSICE_REGION,KI,2026-01-15 08:00:00
200.4,200,NITRA_REGION,NI,2026-01-15 08:00:00
200.5,200,PRESOV_REGION,PV,2026-01-15 08:00:00
200.6,200,TRENCIN_REGION,TC,2026-01-15 08:00:00
200.7,200,TRNAVA_REGION,TA,2026-01-15 08:00:00
200.8,200,ZILINA_REGION,ZI,2026-01-15 08:00:00
20.1,20,CHRIST_CHURCH,NULL,2026-01-15 08:00:00
20.10,20,SAINT_PHILIP,NULL,2026-01-15 08:00:00
20.11,20,SAINT_THOMAS,NULL,2026-01-15 08:00:00
201.1,201,AJDOVSCINA_MUNICIPALITY,NULL,2026-01-15 08:00:00
201.10,201,BOVEC_MUNICIPALITY,NULL,2026-01-15 08:00:00
201.100,201,MIRNA_MUNICIPALITY,NULL,2026-01-15 08:00:00
201.101,201,MIRNA_PEC_MUNICIPALITY,NULL,2026-01-15 08:00:00
201.102,201,MISLINJA_MUNICIPALITY,NULL,2026-01-15 08:00:00
201.103,201,MOKRONOG-TREBELNO_MUNICIPALITY,NULL,2026-01-15 08:00:00
201.104,201,MORAVCE_MUNICIPALITY,NULL,2026-01-15 08:00:00
201.105,201,MORAVSKE_TOPLICE_MUNICIPALITY,NULL,2026-01-15 08:00:00
201.106,201,MOZIRJE_MUNICIPALITY,NULL,2026-01-15 08:00:00
201.107,201,MUNICIPALITY_OF_APACE,NULL,2026-01-15 08:00:00
201.108,201,MUNICIPALITY_OF_CIRKULANE,NULL,2026-01-15 08:00:00
201.109,201,MUNICIPALITY_OF_ILIRSKA_BISTRICA,NULL,2026-01-15 08:00:00
201.11,201,BRASLOVCE_MUNICIPALITY,NULL,2026-01-15 08:00:00
201.110,201,MUNICIPALITY_OF_KRSKO,NULL,2026-01-15 08:00:00
201.111,201,MUNICIPALITY_OF_SKOFLJICA,NULL,2026-01-15 08:00:00
201.112,201,MURSKA_SOBOTA_CITY_MUNICIPALITY,NULL,2026-01-15 08:00:00
201.113,201,MUTA_MUNICIPALITY,NULL,2026-01-15 08:00:00
201.114,201,NAKLO_MUNICIPALITY,NULL,2026-01-15 08:00:00
201.115,201,NAZARJE_MUNICIPALITY,NULL,2026-01-15 08:00:00
201.116,201,NOVA_GORICA_CITY_MUNICIPALITY,NULL,2026-01-15 08:00:00
201.117,201,ODRANCI_MUNICIPALITY,NULL,2026-01-15 08:00:00
201.118,201,OPLOTNICA,NULL,2026-01-15 08:00:00
201.119,201,ORMOZ_MUNICIPALITY,NULL,2026-01-15 08:00:00
201.12,201,BRDA_MUNICIPALITY,NULL,2026-01-15 08:00:00
201.120,201,OSILNICA_MUNICIPALITY,NULL,2026-01-15 08:00:00
201.121,201,PESNICA_MUNICIPALITY,NULL,2026-01-15 08:00:00
201.122,201,PIRAN_MUNICIPALITY,NULL,2026-01-15 08:00:00
201.123,201,PIVKA_MUNICIPALITY,NULL,2026-01-15 08:00:00
201.124,201,PODCETRTEK_MUNICIPALITY,NULL,2026-01-15 08:00:00
201.125,201,PODLEHNIK_MUNICIPALITY,NULL,2026-01-15 08:00:00
201.126,201,PODVELKA_MUNICIPALITY,NULL,2026-01-15 08:00:00
201.127,201,POLJCANE_MUNICIPALITY,NULL,2026-01-15 08:00:00
201.128,201,POLZELA_MUNICIPALITY,NULL,2026-01-15 08:00:00
201.129,201,POSTOJNA_MUNICIPALITY,NULL,2026-01-15 08:00:00
201.13,201,BREZICE_MUNICIPALITY,NULL,2026-01-15 08:00:00
201.130,201,PREBOLD_MUNICIPALITY,NULL,2026-01-15 08:00:00
201.131,201,PREDDVOR_MUNICIPALITY,NULL,2026-01-15 08:00:00
201.132,201,PREVALJE_MUNICIPALITY,NULL,2026-01-15 08:00:00
201.133,201,PTUJ_CITY_MUNICIPALITY,NULL,2026-01-15 08:00:00
201.134,201,PUCONCI_MUNICIPALITY,NULL,2026-01-15 08:00:00
201.135,201,RACE-FRAM_MUNICIPALITY,NULL,2026-01-15 08:00:00
201.136,201,RADECE_MUNICIPALITY,NULL,2026-01-15 08:00:00
201.137,201,RADENCI_MUNICIPALITY,NULL,2026-01-15 08:00:00
201.138,201,RADLJE_OB_DRAVI_MUNICIPALITY,NULL,2026-01-15 08:00:00
201.139,201,RADOVLJICA_MUNICIPALITY,NULL,2026-01-15 08:00:00
201.14,201,BREZOVICA_MUNICIPALITY,NULL,2026-01-15 08:00:00
201.140,201,RAVNE_NA_KOROSKEM_MUNICIPALITY,NULL,2026-01-15 08:00:00
201.141,201,RAZKRIZJE_MUNICIPALITY,NULL,2026-01-15 08:00:00
201.142,201,RECICA_OB_SAVINJI_MUNICIPALITY,NULL,2026-01-15 08:00:00
201.143,201,RENCE-VOGRSKO_MUNICIPALITY,NULL,2026-01-15 08:00:00
201.144,201,RIBNICA_MUNICIPALITY,NULL,2026-01-15 08:00:00
201.145,201,RIBNICA_NA_POHORJU_MUNICIPALITY,NULL,2026-01-15 08:00:00
201.146,201,ROGASKA_SLATINA_MUNICIPALITY,NULL,2026-01-15 08:00:00
201.147,201,ROGASOVCI_MUNICIPALITY,NULL,2026-01-15 08:00:00
201.148,201,ROGATEC_MUNICIPALITY,NULL,2026-01-15 08:00:00
201.149,201,RUSE_MUNICIPALITY,NULL,2026-01-15 08:00:00
201.15,201,CANKOVA_MUNICIPALITY,NULL,2026-01-15 08:00:00
201.150,201,SALOVCI_MUNICIPALITY,NULL,2026-01-15 08:00:00
201.151,201,SELNICA_OB_DRAVI_MUNICIPALITY,NULL,2026-01-15 08:00:00
201.152,201,SEMIC_MUNICIPALITY,NULL,2026-01-15 08:00:00
201.153,201,SEMPETER-VRTOJBA_MUNICIPALITY,NULL,2026-01-15 08:00:00
201.154,201,SENCUR_MUNICIPALITY,NULL,2026-01-15 08:00:00
201.155,201,SENTILJ_MUNICIPALITY,NULL,2026-01-15 08:00:00
201.156,201,SENTJERNEJ_MUNICIPALITY,NULL,2026-01-15 08:00:00
201.157,201,SENTJUR_MUNICIPALITY,NULL,2026-01-15 08:00:00
201.158,201,SENTRUPERT_MUNICIPALITY,NULL,2026-01-15 08:00:00
201.159,201,SEVNICA_MUNICIPALITY,NULL,2026-01-15 08:00:00
201.16,201,CERKLJE_NA_GORENJSKEM_MUNICIPALITY,NULL,2026-01-15 08:00:00
201.160,201,SEZANA_MUNICIPALITY,NULL,2026-01-15 08:00:00
201.161,201,SKOCJAN_MUNICIPALITY,NULL,2026-01-15 08:00:00
201.162,201,SKOFJA_LOKA_MUNICIPALITY,NULL,2026-01-15 08:00:00
201.163,201,SLOVENJ_GRADEC_CITY_MUNICIPALITY,NULL,2026-01-15 08:00:00
201.164,201,SLOVENSKA_BISTRICA_MUNICIPALITY,NULL,2026-01-15 08:00:00
201.165,201,SLOVENSKE_KONJICE_MUNICIPALITY,NULL,2026-01-15 08:00:00
201.166,201,SMARJE_PRI_JELSAH_MUNICIPALITY,NULL,2026-01-15 08:00:00
201.167,201,SMARJESKE_TOPLICE_MUNICIPALITY,NULL,2026-01-15 08:00:00
201.168,201,SMARTNO_OB_PAKI_MUNICIPALITY,NULL,2026-01-15 08:00:00
201.169,201,SMARTNO_PRI_LITIJI_MUNICIPALITY,NULL,2026-01-15 08:00:00
201.17,201,CERKNICA_MUNICIPALITY,NULL,2026-01-15 08:00:00
201.170,201,SODRAZICA_MUNICIPALITY,NULL,2026-01-15 08:00:00
201.171,201,SOLCAVA_MUNICIPALITY,NULL,2026-01-15 08:00:00
201.172,201,SOSTANJ_MUNICIPALITY,NULL,2026-01-15 08:00:00
201.173,201,SREDISCE_OB_DRAVI,NULL,2026-01-15 08:00:00
201.174,201,STARSE_MUNICIPALITY,NULL,2026-01-15 08:00:00
201.175,201,STORE_MUNICIPALITY,NULL,2026-01-15 08:00:00
201.176,201,STRAZA_MUNICIPALITY,NULL,2026-01-15 08:00:00
201.177,201,SVETA_ANA_MUNICIPALITY,NULL,2026-01-15 08:00:00
201.178,201,SVETA_TROJICA_V_SLOVENSKIH_GORICAH_MUNICIPALITY,NULL,2026-01-15 08:00:00
201.179,201,SVETI_ANDRAZ_V_SLOVENSKIH_GORICAH_MUNICIPALITY,NULL,2026-01-15 08:00:00
201.18,201,CERKNO_MUNICIPALITY,NULL,2026-01-15 08:00:00
201.180,201,SVETI_JURIJ_OB_SCAVNICI_MUNICIPALITY,NULL,2026-01-15 08:00:00
201.181,201,SVETI_JURIJ_V_SLOVENSKIH_GORICAH_MUNICIPALITY,NULL,2026-01-15 08:00:00
201.182,201,SVETI_TOMAZ_MUNICIPALITY,NULL,2026-01-15 08:00:00
201.183,201,TABOR_MUNICIPALITY,NULL,2026-01-15 08:00:00
201.184,201,TISINA_MUNICIPALITY,NULL,2026-01-15 08:00:00
201.185,201,TOLMIN_MUNICIPALITY,NULL,2026-01-15 08:00:00
201.186,201,TRBOVLJE_MUNICIPALITY,NULL,2026-01-15 08:00:00
201.187,201,TREBNJE_MUNICIPALITY,NULL,2026-01-15 08:00:00
201.188,201,TRNOVSKA_VAS_MUNICIPALITY,NULL,2026-01-15 08:00:00
201.189,201,TRZIC_MUNICIPALITY,NULL,2026-01-15 08:00:00
201.19,201,CERKVENJAK_MUNICIPALITY,NULL,2026-01-15 08:00:00
201.190,201,TRZIN_MUNICIPALITY,NULL,2026-01-15 08:00:00
201.191,201,TURNISCE_MUNICIPALITY,NULL,2026-01-15 08:00:00
201.192,201,VELIKA_POLANA_MUNICIPALITY,NULL,2026-01-15 08:00:00
201.193,201,VELIKE_LASCE_MUNICIPALITY,NULL,2026-01-15 08:00:00
201.194,201,VERZEJ_MUNICIPALITY,NULL,2026-01-15 08:00:00
201.195,201,VIDEM_MUNICIPALITY,NULL,2026-01-15 08:00:00
201.196,201,VIPAVA_MUNICIPALITY,NULL,2026-01-15 08:00:00
201.197,201,VITANJE_MUNICIPALITY,NULL,2026-01-15 08:00:00
201.198,201,VODICE_MUNICIPALITY,NULL,2026-01-15 08:00:00
201.199,201,VOJNIK_MUNICIPALITY,NULL,2026-01-15 08:00:00
201.2,201,ANKARAN_MUNICIPALITY,NULL,2026-01-15 08:00:00
201.20,201,CITY_MUNICIPALITY_OF_CELJE,NULL,2026-01-15 08:00:00
201.200,201,VRANSKO_MUNICIPALITY,NULL,2026-01-15 08:00:00
201.201,201,VRHNIKA_MUNICIPALITY,NULL,2026-01-15 08:00:00
201.202,201,VUZENICA_MUNICIPALITY,NULL,2026-01-15 08:00:00
201.203,201,ZAGORJE_OB_SAVI_MUNICIPALITY,NULL,2026-01-15 08:00:00
201.204,201,ZALEC_MUNICIPALITY,NULL,2026-01-15 08:00:00
201.205,201,ZAVRC_MUNICIPALITY,NULL,2026-01-15 08:00:00
201.206,201,ZELEZNIKI_MUNICIPALITY,NULL,2026-01-15 08:00:00
201.207,201,ZETALE_MUNICIPALITY,NULL,2026-01-15 08:00:00
201.208,201,ZIRI_MUNICIPALITY,NULL,2026-01-15 08:00:00
201.209,201,ZIROVNICA_MUNICIPALITY,NULL,2026-01-15 08:00:00
201.21,201,CITY_MUNICIPALITY_OF_NOVO_MESTO,NULL,2026-01-15 08:00:00
201.210,201,ZRECE_MUNICIPALITY,NULL,2026-01-15 08:00:00
201.211,201,ZUZEMBERK_MUNICIPALITY,NULL,2026-01-15 08:00:00
201.22,201,CRENSOVCI_MUNICIPALITY,NULL,2026-01-15 08:00:00
201.23,201,CRNA_NA_KOROSKEM_MUNICIPALITY,NULL,2026-01-15 08:00:00
201.24,201,CRNOMELJ_MUNICIPALITY,NULL,2026-01-15 08:00:00
201.25,201,DESTRNIK_MUNICIPALITY,NULL,2026-01-15 08:00:00
201.26,201,DIVACA_MUNICIPALITY,NULL,2026-01-15 08:00:00
201.27,201,DOBJE_MUNICIPALITY,NULL,2026-01-15 08:00:00
201.28,201,DOBREPOLJE_MUNICIPALITY,NULL,2026-01-15 08:00:00
201.29,201,DOBRNA_MUNICIPALITY,NULL,2026-01-15 08:00:00
201.3,201,BELTINCI_MUNICIPALITY,NULL,2026-01-15 08:00:00
201.30,201,DOBROVA-POLHOV_GRADEC_MUNICIPALITY,NULL,2026-01-15 08:00:00
201.31,201,DOBROVNIK_MUNICIPALITY,NULL,2026-01-15 08:00:00
201.32,201,DOL_PRI_LJUBLJANI_MUNICIPALITY,NULL,2026-01-15 08:00:00
201.33,201,DOLENJSKE_TOPLICE_MUNICIPALITY,NULL,2026-01-15 08:00:00
201.34,201,DOMZALE_MUNICIPALITY,NULL,2026-01-15 08:00:00
201.35,201,DORNAVA_MUNICIPALITY,NULL,2026-01-15 08:00:00
201.36,201,DRAVOGRAD_MUNICIPALITY,NULL,2026-01-15 08:00:00
201.37,201,DUPLEK_MUNICIPALITY,NULL,2026-01-15 08:00:00
201.38,201,GORENJA_VAS-POLJANE_MUNICIPALITY,NULL,2026-01-15 08:00:00
201.39,201,GORISNICA_MUNICIPALITY,NULL,2026-01-15 08:00:00
201.4,201,BENEDIKT_MUNICIPALITY,NULL,2026-01-15 08:00:00
201.40,201,GORJE_MUNICIPALITY,NULL,2026-01-15 08:00:00
201.41,201,GORNJA_RADGONA_MUNICIPALITY,NULL,2026-01-15 08:00:00
201.42,201,GORNJI_GRAD_MUNICIPALITY,NULL,2026-01-15 08:00:00
201.43,201,GORNJI_PETROVCI_MUNICIPALITY,NULL,2026-01-15 08:00:00
201.44,201,GRAD_MUNICIPALITY,NULL,2026-01-15 08:00:00
201.45,201,GROSUPLJE_MUNICIPALITY,NULL,2026-01-15 08:00:00
201.46,201,HAJDINA_MUNICIPALITY,NULL,2026-01-15 08:00:00
201.47,201,HOCE-SLIVNICA_MUNICIPALITY,NULL,2026-01-15 08:00:00
201.48,201,HODOS_MUNICIPALITY,NULL,2026-01-15 08:00:00
201.49,201,HORJUL_MUNICIPALITY,NULL,2026-01-15 08:00:00
201.5,201,BISTRICA_OB_SOTLI_MUNICIPALITY,NULL,2026-01-15 08:00:00
201.50,201,HRASTNIK_MUNICIPALITY,NULL,2026-01-15 08:00:00
201.51,201,HRPELJE-KOZINA_MUNICIPALITY,NULL,2026-01-15 08:00:00
201.52,201,IDRIJA_MUNICIPALITY,NULL,2026-01-15 08:00:00
201.53,201,IG_MUNICIPALITY,NULL,2026-01-15 08:00:00
201.54,201,IVANCNA_GORICA_MUNICIPALITY,NULL,2026-01-15 08:00:00
201.55,201,IZOLA_MUNICIPALITY,NULL,2026-01-15 08:00:00
201.56,201,JESENICE_MUNICIPALITY,NULL,2026-01-15 08:00:00
201.57,201,JEZERSKO_MUNICIPALITY,NULL,2026-01-15 08:00:00
201.58,201,JURSINCI_MUNICIPALITY,NULL,2026-01-15 08:00:00
201.59,201,KAMNIK_MUNICIPALITY,NULL,2026-01-15 08:00:00
201.6,201,BLED_MUNICIPALITY,NULL,2026-01-15 08:00:00
201.60,201,KANAL_OB_SOCI_MUNICIPALITY,NULL,2026-01-15 08:00:00
201.61,201,KIDRICEVO_MUNICIPALITY,NULL,2026-01-15 08:00:00
201.62,201,KOBARID_MUNICIPALITY,NULL,2026-01-15 08:00:00
201.63,201,KOBILJE_MUNICIPALITY,NULL,2026-01-15 08:00:00
201.64,201,KOCEVJE_MUNICIPALITY,NULL,2026-01-15 08:00:00
201.65,201,KOMEN_MUNICIPALITY,NULL,2026-01-15 08:00:00
201.66,201,KOMENDA_MUNICIPALITY,NULL,2026-01-15 08:00:00
201.67,201,KOPER_CITY_MUNICIPALITY,NULL,2026-01-15 08:00:00
201.68,201,KOSTANJEVICA_NA_KRKI_MUNICIPALITY,NULL,2026-01-15 08:00:00
201.69,201,KOSTEL_MUNICIPALITY,NULL,2026-01-15 08:00:00
201.7,201,BLOKE_MUNICIPALITY,NULL,2026-01-15 08:00:00
201.70,201,KOZJE_MUNICIPALITY,NULL,2026-01-15 08:00:00
201.71,201,KRANJ_CITY_MUNICIPALITY,NULL,2026-01-15 08:00:00
201.72,201,KRANJSKA_GORA_MUNICIPALITY,NULL,2026-01-15 08:00:00
201.73,201,KRIZEVCI_MUNICIPALITY,NULL,2026-01-15 08:00:00
201.74,201,KUNGOTA,NULL,2026-01-15 08:00:00
201.75,201,KUZMA_MUNICIPALITY,NULL,2026-01-15 08:00:00
201.76,201,LASKO_MUNICIPALITY,NULL,2026-01-15 08:00:00
201.77,201,LENART_MUNICIPALITY,NULL,2026-01-15 08:00:00
201.78,201,LENDAVA_MUNICIPALITY,NULL,2026-01-15 08:00:00
201.79,201,LITIJA_MUNICIPALITY,NULL,2026-01-15 08:00:00
201.8,201,BOHINJ_MUNICIPALITY,NULL,2026-01-15 08:00:00
201.80,201,LJUBLJANA_CITY_MUNICIPALITY,NULL,2026-01-15 08:00:00
201.81,201,LJUBNO_MUNICIPALITY,NULL,2026-01-15 08:00:00
201.82,201,LJUTOMER_MUNICIPALITY,NULL,2026-01-15 08:00:00
201.83,201,LOG-DRAGOMER_MUNICIPALITY,NULL,2026-01-15 08:00:00
201.84,201,LOGATEC_MUNICIPALITY,NULL,2026-01-15 08:00:00
201.85,201,LOSKA_DOLINA_MUNICIPALITY,NULL,2026-01-15 08:00:00
201.86,201,LOSKI_POTOK_MUNICIPALITY,NULL,2026-01-15 08:00:00
201.87,201,LOVRENC_NA_POHORJU_MUNICIPALITY,NULL,2026-01-15 08:00:00
201.88,201,LUCE_MUNICIPALITY,NULL,2026-01-15 08:00:00
201.89,201,LUKOVICA_MUNICIPALITY,NULL,2026-01-15 08:00:00
201.9,201,BOROVNICA_MUNICIPALITY,NULL,2026-01-15 08:00:00
201.90,201,MAJSPERK_MUNICIPALITY,NULL,2026-01-15 08:00:00
201.91,201,MAKOLE_MUNICIPALITY,NULL,2026-01-15 08:00:00
201.92,201,MARIBOR_CITY_MUNICIPALITY,NULL,2026-01-15 08:00:00
201.93,201,MARKOVCI_MUNICIPALITY,NULL,2026-01-15 08:00:00
201.94,201,MEDVODE_MUNICIPALITY,NULL,2026-01-15 08:00:00
201.95,201,MENGES_MUNICIPALITY,NULL,2026-01-15 08:00:00
201.96,201,METLIKA_MUNICIPALITY,NULL,2026-01-15 08:00:00
201.97,201,MEZICA_MUNICIPALITY,NULL,2026-01-15 08:00:00
201.98,201,MIKLAVZ_NA_DRAVSKEM_POLJU_MUNICIPALITY,NULL,2026-01-15 08:00:00
201.99,201,MIREN-KOSTANJEVICA_MUNICIPALITY,NULL,2026-01-15 08:00:00
20.2,20,SAINT_ANDREW,NULL,2026-01-15 08:00:00
202.1,202,CENTRAL_PROVINCE,CE,2026-01-15 08:00:00
202.10,202,WESTERN_PROVINCE,WE,2026-01-15 08:00:00
202.2,202,CHOISEUL_PROVINCE,CH,2026-01-15 08:00:00
202.3,202,GUADALCANAL_PROVINCE,GU,2026-01-15 08:00:00
202.4,202,HONIARA,CT,2026-01-15 08:00:00
202.5,202,ISABEL_PROVINCE,IS,2026-01-15 08:00:00
202.6,202,MAKIRA-ULAWA_PROVINCE,MK,2026-01-15 08:00:00
202.7,202,MALAITA_PROVINCE,ML,2026-01-15 08:00:00
202.8,202,RENNELL_AND_BELLONA_PROVINCE,RB,2026-01-15 08:00:00
202.9,202,TEMOTU_PROVINCE,TE,2026-01-15 08:00:00
20.3,20,SAINT_GEORGE,NULL,2026-01-15 08:00:00
203.1,203,AWDAL_REGION,AW,2026-01-15 08:00:00
203.10,203,LOWER_SHEBELLE,SH,2026-01-15 08:00:00
203.11,203,MIDDLE_JUBA,JD,2026-01-15 08:00:00
203.12,203,MIDDLE_SHEBELLE,SD,2026-01-15 08:00:00
203.13,203,MUDUG,MU,2026-01-15 08:00:00
203.14,203,NUGAL,NU,2026-01-15 08:00:00
203.15,203,SANAAG_REGION,SA,2026-01-15 08:00:00
203.16,203,TOGDHEER_REGION,TO,2026-01-15 08:00:00
203.2,203,BAKOOL,BK,2026-01-15 08:00:00
203.3,203,BANAADIR,BN,2026-01-15 08:00:00
203.4,203,BARI,BR,2026-01-15 08:00:00
203.5,203,BAY,BY,2026-01-15 08:00:00
203.6,203,GALGUDUUD,GA,2026-01-15 08:00:00
203.7,203,GEDO,GE,2026-01-15 08:00:00
203.8,203,HIRAN,HI,2026-01-15 08:00:00
203.9,203,LOWER_JUBA,JH,2026-01-15 08:00:00
20.4,20,SAINT_JAMES,NULL,2026-01-15 08:00:00
204.1,204,EASTERN_CAPE,EC,2026-01-15 08:00:00
204.2,204,FREE_STATE,FS,2026-01-15 08:00:00
204.3,204,GAUTENG,GP,2026-01-15 08:00:00
204.4,204,KWAZULU-NATAL,KZN,2026-01-15 08:00:00
204.5,204,LIMPOPO,LP,2026-01-15 08:00:00
204.6,204,MPUMALANGA,MP,2026-01-15 08:00:00
204.7,204,NORTH_WEST,NW,2026-01-15 08:00:00
204.8,204,NORTHERN_CAPE,NC,2026-01-15 08:00:00
204.9,204,WESTERN_CAPE,WC,2026-01-15 08:00:00
20.5,20,SAINT_JOHN,NULL,2026-01-15 08:00:00
20.6,20,SAINT_JOSEPH,NULL,2026-01-15 08:00:00
206.1,206,CENTRAL_EQUATORIA,EC,2026-01-15 08:00:00
206.10,206,WESTERN_EQUATORIA,EW,2026-01-15 08:00:00
206.2,206,EASTERN_EQUATORIA,EE,2026-01-15 08:00:00
206.3,206,JONGLEI_STATE,JG,2026-01-15 08:00:00
206.4,206,LAKES,LK,2026-01-15 08:00:00
206.5,206,NORTHERN_BAHR_EL_GHAZAL,BN,2026-01-15 08:00:00
206.6,206,UNITY,UY,2026-01-15 08:00:00
206.7,206,UPPER_NILE,NU,2026-01-15 08:00:00
206.8,206,WARRAP,WR,2026-01-15 08:00:00
206.9,206,WESTERN_BAHR_EL_GHAZAL,BW,2026-01-15 08:00:00
20.7,20,SAINT_LUCY,NULL,2026-01-15 08:00:00
207.1,207,A_CORUNA,C,2026-01-15 08:00:00
207.10,207,BIZKAIA,BI,2026-01-15 08:00:00
207.11,207,BURGOS,BU,2026-01-15 08:00:00
207.12,207,CACERES,CC,2026-01-15 08:00:00
207.13,207,CADIZ,CA,2026-01-15 08:00:00
207.14,207,CANTABRIA,S,2026-01-15 08:00:00
207.15,207,CASTELLON,CS,2026-01-15 08:00:00
207.16,207,CIUDAD_REAL,CR,2026-01-15 08:00:00
207.17,207,CORDOBA,CO,2026-01-15 08:00:00
207.18,207,CUENCA,CU,2026-01-15 08:00:00
207.19,207,GIPUZKOA,SS,2026-01-15 08:00:00
207.2,207,ALBACETE,AB,2026-01-15 08:00:00
207.20,207,GIRONA,GI,2026-01-15 08:00:00
207.21,207,GRANADA,GR,2026-01-15 08:00:00
207.22,207,GUADALAJARA,GU,2026-01-15 08:00:00
207.23,207,HUELVA,H,2026-01-15 08:00:00
207.24,207,HUESCA,HU,2026-01-15 08:00:00
207.25,207,ISLAS_BALEARES,PM,2026-01-15 08:00:00
207.26,207,JAEN,J,2026-01-15 08:00:00
207.27,207,LA_RIOJA,LO,2026-01-15 08:00:00
207.28,207,LAS_PALMAS,GC,2026-01-15 08:00:00
207.29,207,LEON,LE,2026-01-15 08:00:00
207.3,207,ALICANTE,A,2026-01-15 08:00:00
207.30,207,LLEIDA,L,2026-01-15 08:00:00
207.31,207,LUGO,LU,2026-01-15 08:00:00
207.32,207,MADRID,M,2026-01-15 08:00:00
207.33,207,MALAGA,MA,2026-01-15 08:00:00
207.34,207,MURCIA,MU,2026-01-15 08:00:00
207.35,207,NAVARRA,NULL,2026-01-15 08:00:00
207.36,207,OURENSE,OR,2026-01-15 08:00:00
207.37,207,PALENCIA,P,2026-01-15 08:00:00
207.38,207,PONTEVEDRA,PO,2026-01-15 08:00:00
207.39,207,SALAMANCA,SA,2026-01-15 08:00:00
207.4,207,ALMERIA,AL,2026-01-15 08:00:00
207.40,207,SANTA_CRUZ_DE_TENERIFE,TF,2026-01-15 08:00:00
207.41,207,SEGOVIA,SG,2026-01-15 08:00:00
207.42,207,SEVILLA,SE,2026-01-15 08:00:00
207.43,207,SORIA,SO,2026-01-15 08:00:00
207.44,207,TARRAGONA,T,2026-01-15 08:00:00
207.45,207,TERUEL,TE,2026-01-15 08:00:00
207.46,207,TOLEDO,TO,2026-01-15 08:00:00
207.47,207,VALENCIA,V,2026-01-15 08:00:00
207.48,207,VALLADOLID,VA,2026-01-15 08:00:00
207.49,207,ZAMORA,ZA,2026-01-15 08:00:00
207.5,207,ARABA,VI,2026-01-15 08:00:00
207.50,207,ZARAGOZA,Z,2026-01-15 08:00:00
207.6,207,ASTURIAS,O,2026-01-15 08:00:00
207.7,207,AVILA,AV,2026-01-15 08:00:00
207.8,207,BADAJOZ,BA,2026-01-15 08:00:00
207.9,207,BARCELONA,B,2026-01-15 08:00:00
20.8,20,SAINT_MICHAEL,NULL,2026-01-15 08:00:00
208.1,208,AMPARA_DISTRICT,NULL,2026-01-15 08:00:00
208.10,208,HAMBANTOTA_DISTRICT,NULL,2026-01-15 08:00:00
208.11,208,JAFFNA_DISTRICT,NULL,2026-01-15 08:00:00
208.12,208,KALUTARA_DISTRICT,NULL,2026-01-15 08:00:00
208.13,208,KANDY_DISTRICT,NULL,2026-01-15 08:00:00
208.14,208,KEGALLE_DISTRICT,NULL,2026-01-15 08:00:00
208.15,208,KILINOCHCHI_DISTRICT,NULL,2026-01-15 08:00:00
208.16,208,MANNAR_DISTRICT,NULL,2026-01-15 08:00:00
208.17,208,MATALE_DISTRICT,NULL,2026-01-15 08:00:00
208.18,208,MATARA_DISTRICT,NULL,2026-01-15 08:00:00
208.19,208,MONARAGALA_DISTRICT,NULL,2026-01-15 08:00:00
208.2,208,ANURADHAPURA_DISTRICT,NULL,2026-01-15 08:00:00
208.20,208,MULLAITIVU_DISTRICT,NULL,2026-01-15 08:00:00
208.21,208,NORTH_CENTRAL_PROVINCE,NULL,2026-01-15 08:00:00
208.22,208,NORTH_WESTERN_PROVINCE,NULL,2026-01-15 08:00:00
208.23,208,NORTHERN_PROVINCE,NULL,2026-01-15 08:00:00
208.24,208,NUWARA_ELIYA_DISTRICT,NULL,2026-01-15 08:00:00
208.25,208,POLONNARUWA_DISTRICT,NULL,2026-01-15 08:00:00
208.26,208,PUTTALAM_DISTRICT,NULL,2026-01-15 08:00:00
208.27,208,RATNAPURA_DISTRICT,NULL,2026-01-15 08:00:00
208.28,208,SABARAGAMUWA_PROVINCE,NULL,2026-01-15 08:00:00
208.29,208,SOUTHERN_PROVINCE,NULL,2026-01-15 08:00:00
208.3,208,BADULLA_DISTRICT,NULL,2026-01-15 08:00:00
208.30,208,TRINCOMALEE_DISTRICT,NULL,2026-01-15 08:00:00
208.31,208,UVA_PROVINCE,NULL,2026-01-15 08:00:00
208.32,208,VAVUNIYA_DISTRICT,NULL,2026-01-15 08:00:00
208.33,208,WESTERN_PROVINCE,NULL,2026-01-15 08:00:00
208.4,208,BATTICALOA_DISTRICT,NULL,2026-01-15 08:00:00
208.5,208,CENTRAL_PROVINCE,NULL,2026-01-15 08:00:00
208.6,208,COLOMBO_DISTRICT,NULL,2026-01-15 08:00:00
208.7,208,EASTERN_PROVINCE,NULL,2026-01-15 08:00:00
208.8,208,GALLE_DISTRICT,NULL,2026-01-15 08:00:00
208.9,208,GAMPAHA_DISTRICT,NULL,2026-01-15 08:00:00
20.9,20,SAINT_PETER,NULL,2026-01-15 08:00:00
209.1,209,AL_JAZIRAH,GZ,2026-01-15 08:00:00
209.10,209,NORTHERN,NO,2026-01-15 08:00:00
209.11,209,RED_SEA,RS,2026-01-15 08:00:00
209.12,209,RIVER_NILE,NR,2026-01-15 08:00:00
209.13,209,SENNAR,SI,2026-01-15 08:00:00
209.14,209,SOUTH_DARFUR,DS,2026-01-15 08:00:00
209.15,209,SOUTH_KORDOFAN,KS,2026-01-15 08:00:00
209.16,209,WEST_DARFUR,DW,2026-01-15 08:00:00
209.17,209,WEST_KORDOFAN,GK,2026-01-15 08:00:00
209.18,209,WHITE_NILE,NW,2026-01-15 08:00:00
209.2,209,AL_QADARIF,GD,2026-01-15 08:00:00
209.3,209,BLUE_NILE,NB,2026-01-15 08:00:00
209.4,209,CENTRAL_DARFUR,DC,2026-01-15 08:00:00
209.5,209,EAST_DARFUR,DE,2026-01-15 08:00:00
209.6,209,KASSALA,KA,2026-01-15 08:00:00
209.7,209,KHARTOUM,KH,2026-01-15 08:00:00
209.8,209,NORTH_DARFUR,DN,2026-01-15 08:00:00
209.9,209,NORTH_KORDOFAN,KN,2026-01-15 08:00:00
210.1,210,BROKOPONDO_DISTRICT,BR,2026-01-15 08:00:00
210.10,210,WANICA_DISTRICT,WA,2026-01-15 08:00:00
210.2,210,COMMEWIJNE_DISTRICT,CM,2026-01-15 08:00:00
210.3,210,CORONIE_DISTRICT,CR,2026-01-15 08:00:00
210.4,210,MAROWIJNE_DISTRICT,MA,2026-01-15 08:00:00
210.5,210,NICKERIE_DISTRICT,NI,2026-01-15 08:00:00
210.6,210,PARA_DISTRICT,PR,2026-01-15 08:00:00
210.7,210,PARAMARIBO_DISTRICT,PM,2026-01-15 08:00:00
210.8,210,SARAMACCA_DISTRICT,SA,2026-01-15 08:00:00
210.9,210,SIPALIWINI_DISTRICT,SI,2026-01-15 08:00:00
21.1,21,BREST_REGION,BR,2026-01-15 08:00:00
21.2,21,GOMEL_REGION,HO,2026-01-15 08:00:00
212.1,212,HHOHHO_DISTRICT,HH,2026-01-15 08:00:00
212.2,212,LUBOMBO_DISTRICT,LU,2026-01-15 08:00:00
212.3,212,MANZINI_DISTRICT,MA,2026-01-15 08:00:00
212.4,212,SHISELWENI_DISTRICT,SH,2026-01-15 08:00:00
21.3,21,GRODNO_REGION,HR,2026-01-15 08:00:00
213.1,213,BLEKINGE,K,2026-01-15 08:00:00
213.10,213,NORRBOTTEN_COUNTY,BD,2026-01-15 08:00:00
213.11,213,OREBRO_COUNTY,T,2026-01-15 08:00:00
213.12,213,OSTERGOTLAND_COUNTY,E,2026-01-15 08:00:00
213.13,213,SKANE_COUNTY,M,2026-01-15 08:00:00
213.14,213,SODERMANLAND_COUNTY,D,2026-01-15 08:00:00
213.15,213,STOCKHOLM_COUNTY,AB,2026-01-15 08:00:00
213.16,213,UPPSALA_COUNTY,C,2026-01-15 08:00:00
213.17,213,VARMLAND_COUNTY,S,2026-01-15 08:00:00
213.18,213,VASTERBOTTEN_COUNTY,AC,2026-01-15 08:00:00
213.19,213,VASTERNORRLAND_COUNTY,Y,2026-01-15 08:00:00
213.2,213,DALARNA_COUNTY,W,2026-01-15 08:00:00
213.20,213,VASTMANLAND_COUNTY,U,2026-01-15 08:00:00
213.21,213,VASTRA_GOTALAND_COUNTY,O,2026-01-15 08:00:00
213.3,213,GAVLEBORG_COUNTY,X,2026-01-15 08:00:00
213.4,213,GOTLAND_COUNTY,I,2026-01-15 08:00:00
213.5,213,HALLAND_COUNTY,N,2026-01-15 08:00:00
213.6,213,JAMTLAND_COUNTY,NULL,2026-01-15 08:00:00
213.7,213,JONKOPING_COUNTY,F,2026-01-15 08:00:00
213.8,213,KALMAR_COUNTY,H,2026-01-15 08:00:00
213.9,213,KRONOBERG_COUNTY,G,2026-01-15 08:00:00
21.4,21,MINSK,HM,2026-01-15 08:00:00
214.1,214,AARGAU,AG,2026-01-15 08:00:00
214.10,214,GRAUBUNDEN,GR,2026-01-15 08:00:00
214.11,214,JURA,JU,2026-01-15 08:00:00
214.12,214,LUCERNE,LU,2026-01-15 08:00:00
214.13,214,NEUCHATEL,NE,2026-01-15 08:00:00
214.14,214,NIDWALDEN,NW,2026-01-15 08:00:00
214.15,214,OBWALDEN,OW,2026-01-15 08:00:00
214.16,214,SCHAFFHAUSEN,SH,2026-01-15 08:00:00
214.17,214,SCHWYZ,SZ,2026-01-15 08:00:00
214.18,214,SOLOTHURN,SO,2026-01-15 08:00:00
214.19,214,ST._GALLEN,SG,2026-01-15 08:00:00
214.2,214,APPENZELL_AUSSERRHODEN,AR,2026-01-15 08:00:00
214.20,214,THURGAU,TG,2026-01-15 08:00:00
214.21,214,TICINO,TI,2026-01-15 08:00:00
214.22,214,URI,UR,2026-01-15 08:00:00
214.23,214,VALAIS,VS,2026-01-15 08:00:00
214.24,214,VAUD,VD,2026-01-15 08:00:00
214.25,214,ZUG,ZG,2026-01-15 08:00:00
214.26,214,ZURICH,ZH,2026-01-15 08:00:00
214.3,214,APPENZELL_INNERRHODEN,AI,2026-01-15 08:00:00
214.4,214,BASEL-LAND,BL,2026-01-15 08:00:00
214.5,214,BASEL-STADT,BS,2026-01-15 08:00:00
214.6,214,BERN,BE,2026-01-15 08:00:00
214.7,214,FRIBOURG,FR,2026-01-15 08:00:00
214.8,214,GENEVA,GE,2026-01-15 08:00:00
214.9,214,GLARUS,GL,2026-01-15 08:00:00
21.5,21,MINSK_REGION,MI,2026-01-15 08:00:00
215.1,215,AL-HASAKAH,HA,2026-01-15 08:00:00
215.10,215,IDLIB,ID,2026-01-15 08:00:00
215.11,215,LATAKIA,LA,2026-01-15 08:00:00
215.12,215,QUNEITRA,QU,2026-01-15 08:00:00
215.13,215,RIF_DIMASHQ,RD,2026-01-15 08:00:00
215.14,215,TARTUS,TA,2026-01-15 08:00:00
215.2,215,AL-RAQQAH,RA,2026-01-15 08:00:00
215.3,215,ALEPPO,HL,2026-01-15 08:00:00
215.4,215,AS-SUWAYDA,SU,2026-01-15 08:00:00
215.5,215,DAMASCUS,DI,2026-01-15 08:00:00
215.6,215,DARAA,DR,2026-01-15 08:00:00
215.7,215,DEIR_EZ-ZOR,DY,2026-01-15 08:00:00
215.8,215,HAMA,HM,2026-01-15 08:00:00
215.9,215,HOMS,HI,2026-01-15 08:00:00
21.6,21,MOGILEV_REGION,MA,2026-01-15 08:00:00
216.1,216,CHANGHUA,CHA,2026-01-15 08:00:00
216.10,216,LIENCHIANG,LIE,2026-01-15 08:00:00
216.11,216,MIAOLI,MIA,2026-01-15 08:00:00
216.12,216,NANTOU,NAN,2026-01-15 08:00:00
216.13,216,NEW_TAIPEI,NWT,2026-01-15 08:00:00
216.14,216,PENGHU,PEN,2026-01-15 08:00:00
216.15,216,PINGTUNG,PIF,2026-01-15 08:00:00
216.16,216,TAICHUNG,TXG,2026-01-15 08:00:00
216.17,216,TAINAN,TNN,2026-01-15 08:00:00
216.18,216,TAIPEI,TPE,2026-01-15 08:00:00
216.19,216,TAITUNG,TTT,2026-01-15 08:00:00
216.2,216,CHIAYI,CYI,2026-01-15 08:00:00
216.20,216,TAOYUAN,TAO,2026-01-15 08:00:00
216.21,216,YILAN,ILA,2026-01-15 08:00:00
216.22,216,YUNLIN,YUN,2026-01-15 08:00:00
216.3,216,CHIAYI,CYQ,2026-01-15 08:00:00
216.4,216,HSINCHU,HSQ,2026-01-15 08:00:00
216.5,216,HSINCHU,HSZ,2026-01-15 08:00:00
216.6,216,HUALIEN,HUA,2026-01-15 08:00:00
216.7,216,KAOHSIUNG,KHH,2026-01-15 08:00:00
216.8,216,KEELUNG,KEE,2026-01-15 08:00:00
216.9,216,KINMEN,KIN,2026-01-15 08:00:00
21.7,21,VITEBSK_REGION,VI,2026-01-15 08:00:00
217.1,217,DISTRICTS_OF_REPUBLICAN_SUBORDINATION,RA,2026-01-15 08:00:00
217.2,217,GORNO-BADAKHSHAN_AUTONOMOUS_PROVINCE,GB,2026-01-15 08:00:00
217.3,217,KHATLON_PROVINCE,KT,2026-01-15 08:00:00
217.4,217,SUGHD_PROVINCE,SU,2026-01-15 08:00:00
218.1,218,ARUSHA,NULL,2026-01-15 08:00:00
218.10,218,LINDI,NULL,2026-01-15 08:00:00
218.11,218,MANYARA,NULL,2026-01-15 08:00:00
218.12,218,MARA,NULL,2026-01-15 08:00:00
218.13,218,MBEYA,NULL,2026-01-15 08:00:00
218.14,218,MOROGORO,NULL,2026-01-15 08:00:00
218.15,218,MTWARA,NULL,2026-01-15 08:00:00
218.16,218,MWANZA,NULL,2026-01-15 08:00:00
218.17,218,NJOMBE,NULL,2026-01-15 08:00:00
218.18,218,PEMBA_NORTH,NULL,2026-01-15 08:00:00
218.19,218,PEMBA_SOUTH,NULL,2026-01-15 08:00:00
218.2,218,DAR_ES_SALAAM,NULL,2026-01-15 08:00:00
218.20,218,PWANI,NULL,2026-01-15 08:00:00
218.21,218,RUKWA,NULL,2026-01-15 08:00:00
218.22,218,RUVUMA,NULL,2026-01-15 08:00:00
218.23,218,SHINYANGA,NULL,2026-01-15 08:00:00
218.24,218,SIMIYU,NULL,2026-01-15 08:00:00
218.25,218,SINGIDA,NULL,2026-01-15 08:00:00
218.26,218,SONGWE,NULL,2026-01-15 08:00:00
218.27,218,TABORA,NULL,2026-01-15 08:00:00
218.28,218,TANGA,NULL,2026-01-15 08:00:00
218.29,218,ZANZIBAR_NORTH,NULL,2026-01-15 08:00:00
218.3,218,DODOMA,NULL,2026-01-15 08:00:00
218.30,218,ZANZIBAR_SOUTH,NULL,2026-01-15 08:00:00
218.31,218,ZANZIBAR_WEST,NULL,2026-01-15 08:00:00
218.4,218,GEITA,NULL,2026-01-15 08:00:00
218.5,218,IRINGA,NULL,2026-01-15 08:00:00
218.6,218,KAGERA,NULL,2026-01-15 08:00:00
218.7,218,KATAVI,NULL,2026-01-15 08:00:00
218.8,218,KIGOMA,NULL,2026-01-15 08:00:00
218.9,218,KILIMANJARO,NULL,2026-01-15 08:00:00
219.1,219,AMNAT_CHAROEN,NULL,2026-01-15 08:00:00
219.10,219,CHIANG_MAI,NULL,2026-01-15 08:00:00
219.11,219,CHIANG_RAI,NULL,2026-01-15 08:00:00
219.12,219,CHON_BURI,NULL,2026-01-15 08:00:00
219.13,219,CHUMPHON,NULL,2026-01-15 08:00:00
219.14,219,KALASIN,NULL,2026-01-15 08:00:00
219.15,219,KAMPHAENG_PHET,NULL,2026-01-15 08:00:00
219.16,219,KANCHANABURI,NULL,2026-01-15 08:00:00
219.17,219,KHON_KAEN,NULL,2026-01-15 08:00:00
219.18,219,KRABI,NULL,2026-01-15 08:00:00
219.19,219,LAMPANG,NULL,2026-01-15 08:00:00
219.2,219,ANG_THONG,NULL,2026-01-15 08:00:00
219.20,219,LAMPHUN,NULL,2026-01-15 08:00:00
219.21,219,LOEI,NULL,2026-01-15 08:00:00
219.22,219,LOP_BURI,NULL,2026-01-15 08:00:00
219.23,219,MAE_HONG_SON,NULL,2026-01-15 08:00:00
219.24,219,MAHA_SARAKHAM,NULL,2026-01-15 08:00:00
219.25,219,MUKDAHAN,NULL,2026-01-15 08:00:00
219.26,219,NAKHON_NAYOK,NULL,2026-01-15 08:00:00
219.27,219,NAKHON_PATHOM,NULL,2026-01-15 08:00:00
219.28,219,NAKHON_PHANOM,NULL,2026-01-15 08:00:00
219.29,219,NAKHON_RATCHASIMA,NULL,2026-01-15 08:00:00
219.3,219,BANGKOK,NULL,2026-01-15 08:00:00
219.30,219,NAKHON_SAWAN,NULL,2026-01-15 08:00:00
219.31,219,NAKHON_SI_THAMMARAT,NULL,2026-01-15 08:00:00
219.32,219,NAN,NULL,2026-01-15 08:00:00
219.33,219,NARATHIWAT,NULL,2026-01-15 08:00:00
219.34,219,NONG_BUA_LAM_PHU,NULL,2026-01-15 08:00:00
219.35,219,NONG_KHAI,NULL,2026-01-15 08:00:00
219.36,219,NONTHABURI,NULL,2026-01-15 08:00:00
219.37,219,PATHUM_THANI,NULL,2026-01-15 08:00:00
219.38,219,PATTANI,NULL,2026-01-15 08:00:00
219.39,219,PATTAYA,S,2026-01-15 08:00:00
219.4,219,BUENG_KAN,NULL,2026-01-15 08:00:00
219.40,219,PHANGNGA,NULL,2026-01-15 08:00:00
219.41,219,PHATTHALUNG,NULL,2026-01-15 08:00:00
219.42,219,PHAYAO,NULL,2026-01-15 08:00:00
219.43,219,PHETCHABUN,NULL,2026-01-15 08:00:00
219.44,219,PHETCHABURI,NULL,2026-01-15 08:00:00
219.45,219,PHICHIT,NULL,2026-01-15 08:00:00
219.46,219,PHITSANULOK,NULL,2026-01-15 08:00:00
219.47,219,PHRA_NAKHON_SI_AYUTTHAYA,NULL,2026-01-15 08:00:00
219.48,219,PHRAE,NULL,2026-01-15 08:00:00
219.49,219,PHUKET,NULL,2026-01-15 08:00:00
219.5,219,BURI_RAM,NULL,2026-01-15 08:00:00
219.50,219,PRACHIN_BURI,NULL,2026-01-15 08:00:00
219.51,219,PRACHUAP_KHIRI_KHAN,NULL,2026-01-15 08:00:00
219.52,219,RANONG,NULL,2026-01-15 08:00:00
219.53,219,RATCHABURI,NULL,2026-01-15 08:00:00
219.54,219,RAYONG,NULL,2026-01-15 08:00:00
219.55,219,ROI_ET,NULL,2026-01-15 08:00:00
219.56,219,SA_KAEO,NULL,2026-01-15 08:00:00
219.57,219,SAKON_NAKHON,NULL,2026-01-15 08:00:00
219.58,219,SAMUT_PRAKAN,NULL,2026-01-15 08:00:00
219.59,219,SAMUT_SAKHON,NULL,2026-01-15 08:00:00
219.6,219,CHACHOENGSAO,NULL,2026-01-15 08:00:00
219.60,219,SAMUT_SONGKHRAM,NULL,2026-01-15 08:00:00
219.61,219,SARABURI,NULL,2026-01-15 08:00:00
219.62,219,SATUN,NULL,2026-01-15 08:00:00
219.63,219,SI_SA_KET,NULL,2026-01-15 08:00:00
219.64,219,SING_BURI,NULL,2026-01-15 08:00:00
219.65,219,SONGKHLA,NULL,2026-01-15 08:00:00
219.66,219,SUKHOTHAI,NULL,2026-01-15 08:00:00
219.67,219,SUPHAN_BURI,NULL,2026-01-15 08:00:00
219.68,219,SURAT_THANI,NULL,2026-01-15 08:00:00
219.69,219,SURIN,NULL,2026-01-15 08:00:00
219.7,219,CHAI_NAT,NULL,2026-01-15 08:00:00
219.70,219,TAK,NULL,2026-01-15 08:00:00
219.71,219,TRANG,NULL,2026-01-15 08:00:00
219.72,219,TRAT,NULL,2026-01-15 08:00:00
219.73,219,UBON_RATCHATHANI,NULL,2026-01-15 08:00:00
219.74,219,UDON_THANI,NULL,2026-01-15 08:00:00
219.75,219,UTHAI_THANI,NULL,2026-01-15 08:00:00
219.76,219,UTTARADIT,NULL,2026-01-15 08:00:00
219.77,219,YALA,NULL,2026-01-15 08:00:00
219.78,219,YASOTHON,NULL,2026-01-15 08:00:00
219.8,219,CHAIYAPHUM,NULL,2026-01-15 08:00:00
219.9,219,CHANTHABURI,NULL,2026-01-15 08:00:00
220.1,220,CENTRALE_REGION,C,2026-01-15 08:00:00
220.2,220,KARA_REGION,K,2026-01-15 08:00:00
220.3,220,MARITIME,M,2026-01-15 08:00:00
220.4,220,PLATEAUX_REGION,P,2026-01-15 08:00:00
220.5,220,SAVANES_REGION,S,2026-01-15 08:00:00
22.1,22,ANTWERP,VAN,2026-01-15 08:00:00
22.10,22,NAMUR,WNA,2026-01-15 08:00:00
22.11,22,WALLONIA,WAL,2026-01-15 08:00:00
22.12,22,WALLOON_BRABANT,WBR,2026-01-15 08:00:00
22.13,22,WEST_FLANDERS,VWV,2026-01-15 08:00:00
22.2,22,BRUSSELS-CAPITAL_REGION,BRU,2026-01-15 08:00:00
222.1,222,HA`APAI,NULL,2026-01-15 08:00:00
222.2,222,`EUA,NULL,2026-01-15 08:00:00
222.3,222,NIUAS,NULL,2026-01-15 08:00:00
222.4,222,TONGATAPU,NULL,2026-01-15 08:00:00
222.5,222,VAVA`U,NULL,2026-01-15 08:00:00
22.3,22,EAST_FLANDERS,VOV,2026-01-15 08:00:00
223.1,223,ARIMA,ARI,2026-01-15 08:00:00
223.10,223,RIO_CLARO-MAYARO_REGIONAL_CORPORATION,MRC,2026-01-15 08:00:00
223.11,223,SAN_FERNANDO,SFO,2026-01-15 08:00:00
223.12,223,SAN_JUAN-LAVENTILLE_REGIONAL_CORPORATION,SJL,2026-01-15 08:00:00
223.13,223,SANGRE_GRANDE_REGIONAL_CORPORATION,SGE,2026-01-15 08:00:00
223.14,223,SIPARIA_REGIONAL_CORPORATION,SIP,2026-01-15 08:00:00
223.15,223,TUNAPUNA-PIARCO_REGIONAL_CORPORATION,TUP,2026-01-15 08:00:00
223.16,223,WESTERN_TOBAGO,WTO,2026-01-15 08:00:00
223.2,223,CHAGUANAS,CHA,2026-01-15 08:00:00
223.3,223,COUVA-TABAQUITE-TALPARO_REGIONAL_CORPORATION,CTT,2026-01-15 08:00:00
223.4,223,DIEGO_MARTIN_REGIONAL_CORPORATION,DMN,2026-01-15 08:00:00
223.5,223,EASTERN_TOBAGO,ETO,2026-01-15 08:00:00
223.6,223,PENAL-DEBE_REGIONAL_CORPORATION,PED,2026-01-15 08:00:00
223.7,223,POINT_FORTIN,PTF,2026-01-15 08:00:00
223.8,223,PORT_OF_SPAIN,POS,2026-01-15 08:00:00
223.9,223,PRINCES_TOWN_REGIONAL_CORPORATION,PRT,2026-01-15 08:00:00
22.4,22,FLANDERS,VLG,2026-01-15 08:00:00
224.1,224,ARIANA,NULL,2026-01-15 08:00:00
224.10,224,KEBILI,NULL,2026-01-15 08:00:00
224.11,224,KEF,NULL,2026-01-15 08:00:00
224.12,224,MAHDIA,NULL,2026-01-15 08:00:00
224.13,224,MANOUBA,NULL,2026-01-15 08:00:00
224.14,224,MEDENINE,NULL,2026-01-15 08:00:00
224.15,224,MONASTIR,NULL,2026-01-15 08:00:00
224.16,224,NABEUL,NULL,2026-01-15 08:00:00
224.17,224,SFAX,NULL,2026-01-15 08:00:00
224.18,224,SIDI_BOUZID,NULL,2026-01-15 08:00:00
224.19,224,SILIANA,NULL,2026-01-15 08:00:00
224.2,224,BEJA,NULL,2026-01-15 08:00:00
224.20,224,SOUSSE,NULL,2026-01-15 08:00:00
224.21,224,TATAOUINE,NULL,2026-01-15 08:00:00
224.22,224,TOZEUR,NULL,2026-01-15 08:00:00
224.23,224,TUNIS,NULL,2026-01-15 08:00:00
224.24,224,ZAGHOUAN,NULL,2026-01-15 08:00:00
224.3,224,BEN_AROUS,NULL,2026-01-15 08:00:00
224.4,224,BIZERTE,NULL,2026-01-15 08:00:00
224.5,224,GABES,NULL,2026-01-15 08:00:00
224.6,224,GAFSA,NULL,2026-01-15 08:00:00
224.7,224,JENDOUBA,NULL,2026-01-15 08:00:00
224.8,224,KAIROUAN,NULL,2026-01-15 08:00:00
224.9,224,KASSERINE,NULL,2026-01-15 08:00:00
22.5,22,FLEMISH_BRABANT,VBR,2026-01-15 08:00:00
225.1,225,ADANA,NULL,2026-01-15 08:00:00
225.10,225,ARTVIN,NULL,2026-01-15 08:00:00
225.11,225,AYDIN,NULL,2026-01-15 08:00:00
225.12,225,BALIKESIR,NULL,2026-01-15 08:00:00
225.13,225,BARTIN,NULL,2026-01-15 08:00:00
225.14,225,BATMAN,NULL,2026-01-15 08:00:00
225.15,225,BAYBURT,NULL,2026-01-15 08:00:00
225.16,225,BILECIK,NULL,2026-01-15 08:00:00
225.17,225,BINGOL,NULL,2026-01-15 08:00:00
225.18,225,BITLIS,NULL,2026-01-15 08:00:00
225.19,225,BOLU,NULL,2026-01-15 08:00:00
225.2,225,ADIYAMAN,NULL,2026-01-15 08:00:00
225.20,225,BURDUR,NULL,2026-01-15 08:00:00
225.21,225,BURSA,NULL,2026-01-15 08:00:00
225.22,225,CANAKKALE,NULL,2026-01-15 08:00:00
225.23,225,CANKIRI,NULL,2026-01-15 08:00:00
225.24,225,CORUM,NULL,2026-01-15 08:00:00
225.25,225,DENIZLI,NULL,2026-01-15 08:00:00
225.26,225,DIYARBAKIR,NULL,2026-01-15 08:00:00
225.27,225,DUZCE,NULL,2026-01-15 08:00:00
225.28,225,EDIRNE,NULL,2026-01-15 08:00:00
225.29,225,ELAZIG,NULL,2026-01-15 08:00:00
225.3,225,AFYONKARAHISAR,NULL,2026-01-15 08:00:00
225.30,225,ERZINCAN,NULL,2026-01-15 08:00:00
225.31,225,ERZURUM,NULL,2026-01-15 08:00:00
225.32,225,ESKISEHIR,NULL,2026-01-15 08:00:00
225.33,225,GAZIANTEP,NULL,2026-01-15 08:00:00
225.34,225,GIRESUN,NULL,2026-01-15 08:00:00
225.35,225,GUMUSHANE,NULL,2026-01-15 08:00:00
225.36,225,HAKKARI,NULL,2026-01-15 08:00:00
225.37,225,HATAY,NULL,2026-01-15 08:00:00
225.38,225,IGDIR,NULL,2026-01-15 08:00:00
225.39,225,ISPARTA,NULL,2026-01-15 08:00:00
225.4,225,AGRI,NULL,2026-01-15 08:00:00
225.40,225,ISTANBUL,NULL,2026-01-15 08:00:00
225.41,225,IZMIR,NULL,2026-01-15 08:00:00
225.42,225,KAHRAMANMARAS,NULL,2026-01-15 08:00:00
225.43,225,KARABUK,NULL,2026-01-15 08:00:00
225.44,225,KARAMAN,NULL,2026-01-15 08:00:00
225.45,225,KARS,NULL,2026-01-15 08:00:00
225.46,225,KASTAMONU,NULL,2026-01-15 08:00:00
225.47,225,KAYSERI,NULL,2026-01-15 08:00:00
225.48,225,KILIS,NULL,2026-01-15 08:00:00
225.49,225,KIRIKKALE,NULL,2026-01-15 08:00:00
225.5,225,AKSARAY,NULL,2026-01-15 08:00:00
225.50,225,KIRKLARELI,NULL,2026-01-15 08:00:00
225.51,225,KIRSEHIR,NULL,2026-01-15 08:00:00
225.52,225,KOCAELI,NULL,2026-01-15 08:00:00
225.53,225,KONYA,NULL,2026-01-15 08:00:00
225.54,225,KUTAHYA,NULL,2026-01-15 08:00:00
225.55,225,MALATYA,NULL,2026-01-15 08:00:00
225.56,225,MANISA,NULL,2026-01-15 08:00:00
225.57,225,MARDIN,NULL,2026-01-15 08:00:00
225.58,225,MERSIN,NULL,2026-01-15 08:00:00
225.59,225,MUGLA,NULL,2026-01-15 08:00:00
225.6,225,AMASYA,NULL,2026-01-15 08:00:00
225.60,225,MUS,NULL,2026-01-15 08:00:00
225.61,225,NEVSEHIR,NULL,2026-01-15 08:00:00
225.62,225,NIGDE,NULL,2026-01-15 08:00:00
225.63,225,ORDU,NULL,2026-01-15 08:00:00
225.64,225,OSMANIYE,NULL,2026-01-15 08:00:00
225.65,225,RIZE,NULL,2026-01-15 08:00:00
225.66,225,SAKARYA,NULL,2026-01-15 08:00:00
225.67,225,SAMSUN,NULL,2026-01-15 08:00:00
225.68,225,SANLIURFA,NULL,2026-01-15 08:00:00
225.69,225,SIIRT,NULL,2026-01-15 08:00:00
225.7,225,ANKARA,NULL,2026-01-15 08:00:00
225.70,225,SINOP,NULL,2026-01-15 08:00:00
225.71,225,SIVAS,NULL,2026-01-15 08:00:00
225.72,225,SIRNAK,NULL,2026-01-15 08:00:00
225.73,225,TEKIRDAG,NULL,2026-01-15 08:00:00
225.74,225,TOKAT,NULL,2026-01-15 08:00:00
225.75,225,TRABZON,NULL,2026-01-15 08:00:00
225.76,225,TUNCELI,NULL,2026-01-15 08:00:00
225.77,225,USAK,NULL,2026-01-15 08:00:00
225.78,225,VAN,NULL,2026-01-15 08:00:00
225.79,225,YALOVA,NULL,2026-01-15 08:00:00
225.8,225,ANTALYA,NULL,2026-01-15 08:00:00
225.80,225,YOZGAT,NULL,2026-01-15 08:00:00
225.81,225,ZONGULDAK,NULL,2026-01-15 08:00:00
225.9,225,ARDAHAN,NULL,2026-01-15 08:00:00
22.6,22,HAINAUT,WHT,2026-01-15 08:00:00
226.1,226,AHAL_REGION,A,2026-01-15 08:00:00
226.2,226,ASHGABAT,S,2026-01-15 08:00:00
226.3,226,BALKAN_REGION,B,2026-01-15 08:00:00
226.4,226,DASOGUZ_REGION,D,2026-01-15 08:00:00
226.5,226,LEBAP_REGION,L,2026-01-15 08:00:00
226.6,226,MARY_REGION,M,2026-01-15 08:00:00
22.7,22,LIEGE,WLG,2026-01-15 08:00:00
22.8,22,LIMBURG,VLI,2026-01-15 08:00:00
228.1,228,FUNAFUTI,FUN,2026-01-15 08:00:00
228.2,228,NANUMANGA,NMG,2026-01-15 08:00:00
228.3,228,NANUMEA,NMA,2026-01-15 08:00:00
228.4,228,NIUTAO_ISLAND_COUNCIL,NIT,2026-01-15 08:00:00
228.5,228,NUI,NUI,2026-01-15 08:00:00
228.6,228,NUKUFETAU,NKF,2026-01-15 08:00:00
228.7,228,NUKULAELAE,NKL,2026-01-15 08:00:00
228.8,228,VAITUPU,VAI,2026-01-15 08:00:00
22.9,22,LUXEMBOURG,WLX,2026-01-15 08:00:00
229.1,229,ABIM_DISTRICT,NULL,2026-01-15 08:00:00
229.10,229,ARUA_DISTRICT,NULL,2026-01-15 08:00:00
229.100,229,NGORA_DISTRICT,NULL,2026-01-15 08:00:00
229.101,229,NORTHERN_REGION,N,2026-01-15 08:00:00
229.102,229,NTOROKO_DISTRICT,NULL,2026-01-15 08:00:00
229.103,229,NTUNGAMO_DISTRICT,NULL,2026-01-15 08:00:00
229.104,229,NWOYA_DISTRICT,NULL,2026-01-15 08:00:00
229.105,229,OMORO_DISTRICT,NULL,2026-01-15 08:00:00
229.106,229,OTUKE_DISTRICT,NULL,2026-01-15 08:00:00
229.107,229,OYAM_DISTRICT,NULL,2026-01-15 08:00:00
229.108,229,PADER_DISTRICT,NULL,2026-01-15 08:00:00
229.109,229,PAKWACH_DISTRICT,NULL,2026-01-15 08:00:00
229.11,229,BUDAKA_DISTRICT,NULL,2026-01-15 08:00:00
229.110,229,PALLISA_DISTRICT,NULL,2026-01-15 08:00:00
229.111,229,RAKAI_DISTRICT,NULL,2026-01-15 08:00:00
229.112,229,RUBANDA_DISTRICT,NULL,2026-01-15 08:00:00
229.113,229,RUBIRIZI_DISTRICT,NULL,2026-01-15 08:00:00
229.114,229,RUKIGA_DISTRICT,NULL,2026-01-15 08:00:00
229.115,229,RUKUNGIRI_DISTRICT,NULL,2026-01-15 08:00:00
229.116,229,SEMBABULE_DISTRICT,NULL,2026-01-15 08:00:00
229.117,229,SERERE_DISTRICT,NULL,2026-01-15 08:00:00
229.118,229,SHEEMA_DISTRICT,NULL,2026-01-15 08:00:00
229.119,229,SIRONKO_DISTRICT,NULL,2026-01-15 08:00:00
229.12,229,BUDUDA_DISTRICT,NULL,2026-01-15 08:00:00
229.120,229,SOROTI_DISTRICT,NULL,2026-01-15 08:00:00
229.121,229,TORORO_DISTRICT,NULL,2026-01-15 08:00:00
229.122,229,WAKISO_DISTRICT,NULL,2026-01-15 08:00:00
229.123,229,WESTERN_REGION,W,2026-01-15 08:00:00
229.124,229,YUMBE_DISTRICT,NULL,2026-01-15 08:00:00
229.125,229,ZOMBO_DISTRICT,NULL,2026-01-15 08:00:00
229.13,229,BUGIRI_DISTRICT,NULL,2026-01-15 08:00:00
229.14,229,BUHWEJU_DISTRICT,NULL,2026-01-15 08:00:00
229.15,229,BUIKWE_DISTRICT,NULL,2026-01-15 08:00:00
229.16,229,BUKEDEA_DISTRICT,NULL,2026-01-15 08:00:00
229.17,229,BUKOMANSIMBI_DISTRICT,NULL,2026-01-15 08:00:00
229.18,229,BUKWO_DISTRICT,NULL,2026-01-15 08:00:00
229.19,229,BULAMBULI_DISTRICT,NULL,2026-01-15 08:00:00
229.2,229,ADJUMANI_DISTRICT,NULL,2026-01-15 08:00:00
229.20,229,BULIISA_DISTRICT,NULL,2026-01-15 08:00:00
229.21,229,BUNDIBUGYO_DISTRICT,NULL,2026-01-15 08:00:00
229.22,229,BUNYANGABU_DISTRICT,NULL,2026-01-15 08:00:00
229.23,229,BUSHENYI_DISTRICT,NULL,2026-01-15 08:00:00
229.24,229,BUSIA_DISTRICT,NULL,2026-01-15 08:00:00
229.25,229,BUTALEJA_DISTRICT,NULL,2026-01-15 08:00:00
229.26,229,BUTAMBALA_DISTRICT,NULL,2026-01-15 08:00:00
229.27,229,BUTEBO_DISTRICT,NULL,2026-01-15 08:00:00
229.28,229,BUVUMA_DISTRICT,NULL,2026-01-15 08:00:00
229.29,229,BUYENDE_DISTRICT,NULL,2026-01-15 08:00:00
229.3,229,AGAGO_DISTRICT,NULL,2026-01-15 08:00:00
229.30,229,CENTRAL_REGION,C,2026-01-15 08:00:00
229.31,229,DOKOLO_DISTRICT,NULL,2026-01-15 08:00:00
229.32,229,EASTERN_REGION,E,2026-01-15 08:00:00
229.33,229,GOMBA_DISTRICT,NULL,2026-01-15 08:00:00
229.34,229,GULU_DISTRICT,NULL,2026-01-15 08:00:00
229.35,229,IBANDA_DISTRICT,NULL,2026-01-15 08:00:00
229.36,229,IGANGA_DISTRICT,NULL,2026-01-15 08:00:00
229.37,229,ISINGIRO_DISTRICT,NULL,2026-01-15 08:00:00
229.38,229,JINJA_DISTRICT,NULL,2026-01-15 08:00:00
229.39,229,KAABONG_DISTRICT,NULL,2026-01-15 08:00:00
229.4,229,ALEBTONG_DISTRICT,NULL,2026-01-15 08:00:00
229.40,229,KABALE_DISTRICT,NULL,2026-01-15 08:00:00
229.41,229,KABAROLE_DISTRICT,NULL,2026-01-15 08:00:00
229.42,229,KABERAMAIDO_DISTRICT,NULL,2026-01-15 08:00:00
229.43,229,KAGADI_DISTRICT,NULL,2026-01-15 08:00:00
229.44,229,KAKUMIRO_DISTRICT,NULL,2026-01-15 08:00:00
229.45,229,KALANGALA_DISTRICT,NULL,2026-01-15 08:00:00
229.46,229,KALIRO_DISTRICT,NULL,2026-01-15 08:00:00
229.47,229,KALUNGU_DISTRICT,NULL,2026-01-15 08:00:00
229.48,229,KAMPALA_DISTRICT,NULL,2026-01-15 08:00:00
229.49,229,KAMULI_DISTRICT,NULL,2026-01-15 08:00:00
229.5,229,AMOLATAR_DISTRICT,NULL,2026-01-15 08:00:00
229.50,229,KAMWENGE_DISTRICT,NULL,2026-01-15 08:00:00
229.51,229,KANUNGU_DISTRICT,NULL,2026-01-15 08:00:00
229.52,229,KAPCHORWA_DISTRICT,NULL,2026-01-15 08:00:00
229.53,229,KASESE_DISTRICT,NULL,2026-01-15 08:00:00
229.54,229,KATAKWI_DISTRICT,NULL,2026-01-15 08:00:00
229.55,229,KAYUNGA_DISTRICT,NULL,2026-01-15 08:00:00
229.56,229,KIBAALE_DISTRICT,NULL,2026-01-15 08:00:00
229.57,229,KIBOGA_DISTRICT,NULL,2026-01-15 08:00:00
229.58,229,KIBUKU_DISTRICT,NULL,2026-01-15 08:00:00
229.59,229,KIRUHURA_DISTRICT,NULL,2026-01-15 08:00:00
229.6,229,AMUDAT_DISTRICT,NULL,2026-01-15 08:00:00
229.60,229,KIRYANDONGO_DISTRICT,NULL,2026-01-15 08:00:00
229.61,229,KISORO_DISTRICT,NULL,2026-01-15 08:00:00
229.62,229,KITGUM_DISTRICT,NULL,2026-01-15 08:00:00
229.63,229,KOBOKO_DISTRICT,NULL,2026-01-15 08:00:00
229.64,229,KOLE_DISTRICT,NULL,2026-01-15 08:00:00
229.65,229,KOTIDO_DISTRICT,NULL,2026-01-15 08:00:00
229.66,229,KUMI_DISTRICT,NULL,2026-01-15 08:00:00
229.67,229,KWEEN_DISTRICT,NULL,2026-01-15 08:00:00
229.68,229,KYANKWANZI_DISTRICT,NULL,2026-01-15 08:00:00
229.69,229,KYEGEGWA_DISTRICT,NULL,2026-01-15 08:00:00
229.7,229,AMURIA_DISTRICT,NULL,2026-01-15 08:00:00
229.70,229,KYENJOJO_DISTRICT,NULL,2026-01-15 08:00:00
229.71,229,KYOTERA_DISTRICT,NULL,2026-01-15 08:00:00
229.72,229,LAMWO_DISTRICT,NULL,2026-01-15 08:00:00
229.73,229,LIRA_DISTRICT,NULL,2026-01-15 08:00:00
229.74,229,LUUKA_DISTRICT,NULL,2026-01-15 08:00:00
229.75,229,LUWERO_DISTRICT,NULL,2026-01-15 08:00:00
229.76,229,LWENGO_DISTRICT,NULL,2026-01-15 08:00:00
229.77,229,LYANTONDE_DISTRICT,NULL,2026-01-15 08:00:00
229.78,229,MANAFWA_DISTRICT,NULL,2026-01-15 08:00:00
229.79,229,MARACHA_DISTRICT,NULL,2026-01-15 08:00:00
229.8,229,AMURU_DISTRICT,NULL,2026-01-15 08:00:00
229.80,229,MASAKA_DISTRICT,NULL,2026-01-15 08:00:00
229.81,229,MASINDI_DISTRICT,NULL,2026-01-15 08:00:00
229.82,229,MAYUGE_DISTRICT,NULL,2026-01-15 08:00:00
229.83,229,MBALE_DISTRICT,NULL,2026-01-15 08:00:00
229.84,229,MBARARA_DISTRICT,NULL,2026-01-15 08:00:00
229.85,229,MITOOMA_DISTRICT,NULL,2026-01-15 08:00:00
229.86,229,MITYANA_DISTRICT,NULL,2026-01-15 08:00:00
229.87,229,MOROTO_DISTRICT,NULL,2026-01-15 08:00:00
229.88,229,MOYO_DISTRICT,NULL,2026-01-15 08:00:00
229.89,229,MPIGI_DISTRICT,NULL,2026-01-15 08:00:00
229.9,229,APAC_DISTRICT,NULL,2026-01-15 08:00:00
229.90,229,MUBENDE_DISTRICT,NULL,2026-01-15 08:00:00
229.91,229,MUKONO_DISTRICT,NULL,2026-01-15 08:00:00
229.92,229,NAKAPIRIPIRIT_DISTRICT,NULL,2026-01-15 08:00:00
229.93,229,NAKASEKE_DISTRICT,NULL,2026-01-15 08:00:00
229.94,229,NAKASONGOLA_DISTRICT,NULL,2026-01-15 08:00:00
229.95,229,NAMAYINGO_DISTRICT,NULL,2026-01-15 08:00:00
229.96,229,NAMISINDWA_DISTRICT,NULL,2026-01-15 08:00:00
229.97,229,NAMUTUMBA_DISTRICT,NULL,2026-01-15 08:00:00
229.98,229,NAPAK_DISTRICT,NULL,2026-01-15 08:00:00
229.99,229,NEBBI_DISTRICT,NULL,2026-01-15 08:00:00
230.1,230,AUTONOMOUS_REPUBLIC_OF_CRIMEA,NULL,2026-01-15 08:00:00
230.10,230,KHMELNYTSKA_OBLAST,NULL,2026-01-15 08:00:00
230.11,230,KIROVOHRADSKA_OBLAST,NULL,2026-01-15 08:00:00
230.12,230,KYIV,NULL,2026-01-15 08:00:00
230.13,230,KYIVSKA_OBLAST,NULL,2026-01-15 08:00:00
230.14,230,LUHANSKA_OBLAST,NULL,2026-01-15 08:00:00
230.15,230,LVIVSKA_OBLAST,NULL,2026-01-15 08:00:00
230.16,230,MYKOLAIVSKA_OBLAST,NULL,2026-01-15 08:00:00
230.17,230,ODESKA_OBLAST,NULL,2026-01-15 08:00:00
230.18,230,POLTAVSKA_OBLAST,NULL,2026-01-15 08:00:00
230.19,230,RIVNENSKA_OBLAST,NULL,2026-01-15 08:00:00
230.2,230,CHERKASKA_OBLAST,NULL,2026-01-15 08:00:00
230.20,230,SUMSKA_OBLAST,NULL,2026-01-15 08:00:00
230.21,230,TERNOPILSKA_OBLAST,NULL,2026-01-15 08:00:00
230.22,230,VINNYTSKA_OBLAST,NULL,2026-01-15 08:00:00
230.23,230,VOLYNSKA_OBLAST,NULL,2026-01-15 08:00:00
230.24,230,ZAKARPATSKA_OBLAST,NULL,2026-01-15 08:00:00
230.25,230,ZAPORIZKA_OBLAST,NULL,2026-01-15 08:00:00
230.26,230,ZHYTOMYRSKA_OBLAST,NULL,2026-01-15 08:00:00
230.3,230,CHERNIHIVSKA_OBLAST,NULL,2026-01-15 08:00:00
230.4,230,CHERNIVETSKA_OBLAST,NULL,2026-01-15 08:00:00
230.5,230,DNIPROPETROVSKA_OBLAST,NULL,2026-01-15 08:00:00
230.6,230,DONETSKA_OBLAST,NULL,2026-01-15 08:00:00
230.7,230,IVANO-FRANKIVSKA_OBLAST,NULL,2026-01-15 08:00:00
230.8,230,KHARKIVSKA_OBLAST,NULL,2026-01-15 08:00:00
230.9,230,KHERSONSKA_OBLAST,NULL,2026-01-15 08:00:00
23.1,23,BELIZE_DISTRICT,BZ,2026-01-15 08:00:00
231.1,231,ABU_DHABI_EMIRATE,AZ,2026-01-15 08:00:00
231.2,231,AJMAN_EMIRATE,AJ,2026-01-15 08:00:00
231.3,231,DUBAI,DU,2026-01-15 08:00:00
231.4,231,FUJAIRAH,FU,2026-01-15 08:00:00
231.5,231,RAS_AL-KHAIMAH,RK,2026-01-15 08:00:00
231.6,231,SHARJAH_EMIRATE,SH,2026-01-15 08:00:00
231.7,231,UMM_AL-QUWAIN,UQ,2026-01-15 08:00:00
23.2,23,CAYO_DISTRICT,CY,2026-01-15 08:00:00
232.1,232,ABERDEEN,ABE,2026-01-15 08:00:00
232.10,232,"ARMAGH,_BANBRIDGE_AND_CRAIGAVON",ABC,2026-01-15 08:00:00
232.100,232,HAMPSHIRE,HAM,2026-01-15 08:00:00
232.101,232,HARTLEPOOL,HPL,2026-01-15 08:00:00
232.102,232,HEREFORDSHIRE,HEF,2026-01-15 08:00:00
232.103,232,HERTFORDSHIRE,HRT,2026-01-15 08:00:00
232.104,232,HIGHLAND,HLD,2026-01-15 08:00:00
232.105,232,INVERCLYDE,IVC,2026-01-15 08:00:00
232.106,232,ISLE_OF_WIGHT,IOW,2026-01-15 08:00:00
232.107,232,ISLES_OF_SCILLY,IOS,2026-01-15 08:00:00
232.108,232,KENT,KEN,2026-01-15 08:00:00
232.109,232,KIRKLEES,KIR,2026-01-15 08:00:00
232.11,232,ASCENSION_ISLAND,SH-AC,2026-01-15 08:00:00
232.110,232,KNOWSLEY,KWL,2026-01-15 08:00:00
232.111,232,LANCASHIRE,LAN,2026-01-15 08:00:00
232.112,232,LARNE_BOROUGH_COUNCIL,LRN,2026-01-15 08:00:00
232.113,232,LEEDS,LDS,2026-01-15 08:00:00
232.114,232,LEICESTERSHIRE,LEC,2026-01-15 08:00:00
232.115,232,LIMAVADY_BOROUGH_COUNCIL,LMV,2026-01-15 08:00:00
232.116,232,LINCOLNSHIRE,LIN,2026-01-15 08:00:00
232.117,232,LISBURN_AND_CASTLEREAGH,LBC,2026-01-15 08:00:00
232.118,232,LISBURN_CITY_COUNCIL,LSB,2026-01-15 08:00:00
232.119,232,LIVERPOOL,LIV,2026-01-15 08:00:00
232.12,232,BALLYMENA_BOROUGH,BLA,2026-01-15 08:00:00
232.120,232,LONDON_BOROUGH_OF_BARKING_AND_DAGENHAM,BDG,2026-01-15 08:00:00
232.121,232,LONDON_BOROUGH_OF_BARNET,BNE,2026-01-15 08:00:00
232.122,232,LONDON_BOROUGH_OF_BEXLEY,BEX,2026-01-15 08:00:00
232.123,232,LONDON_BOROUGH_OF_BRENT,BEN,2026-01-15 08:00:00
232.124,232,LONDON_BOROUGH_OF_BROMLEY,BRY,2026-01-15 08:00:00
232.125,232,LONDON_BOROUGH_OF_CAMDEN,CMD,2026-01-15 08:00:00
232.126,232,LONDON_BOROUGH_OF_CROYDON,CRY,2026-01-15 08:00:00
232.127,232,LONDON_BOROUGH_OF_EALING,EAL,2026-01-15 08:00:00
232.128,232,LONDON_BOROUGH_OF_ENFIELD,ENF,2026-01-15 08:00:00
232.129,232,LONDON_BOROUGH_OF_HACKNEY,HCK,2026-01-15 08:00:00
232.13,232,BALLYMONEY,BLY,2026-01-15 08:00:00
232.130,232,LONDON_BOROUGH_OF_HAMMERSMITH_AND_FULHAM,HMF,2026-01-15 08:00:00
232.131,232,LONDON_BOROUGH_OF_HARINGEY,HRY,2026-01-15 08:00:00
232.132,232,LONDON_BOROUGH_OF_HARROW,HRW,2026-01-15 08:00:00
232.133,232,LONDON_BOROUGH_OF_HAVERING,HAV,2026-01-15 08:00:00
232.134,232,LONDON_BOROUGH_OF_HILLINGDON,HIL,2026-01-15 08:00:00
232.135,232,LONDON_BOROUGH_OF_HOUNSLOW,HNS,2026-01-15 08:00:00
232.136,232,LONDON_BOROUGH_OF_ISLINGTON,ISL,2026-01-15 08:00:00
232.137,232,LONDON_BOROUGH_OF_LAMBETH,LBH,2026-01-15 08:00:00
232.138,232,LONDON_BOROUGH_OF_LEWISHAM,LEW,2026-01-15 08:00:00
232.139,232,LONDON_BOROUGH_OF_MERTON,MRT,2026-01-15 08:00:00
232.14,232,BANBRIDGE,BNB,2026-01-15 08:00:00
232.140,232,LONDON_BOROUGH_OF_NEWHAM,NWM,2026-01-15 08:00:00
232.141,232,LONDON_BOROUGH_OF_REDBRIDGE,RDB,2026-01-15 08:00:00
232.142,232,LONDON_BOROUGH_OF_RICHMOND_UPON_THAMES,RIC,2026-01-15 08:00:00
232.143,232,LONDON_BOROUGH_OF_SOUTHWARK,SWK,2026-01-15 08:00:00
232.144,232,LONDON_BOROUGH_OF_SUTTON,STN,2026-01-15 08:00:00
232.145,232,LONDON_BOROUGH_OF_TOWER_HAMLETS,TWH,2026-01-15 08:00:00
232.146,232,LONDON_BOROUGH_OF_WALTHAM_FOREST,WFT,2026-01-15 08:00:00
232.147,232,LONDON_BOROUGH_OF_WANDSWORTH,WND,2026-01-15 08:00:00
232.148,232,MAGHERAFELT_DISTRICT_COUNCIL,MFT,2026-01-15 08:00:00
232.149,232,MANCHESTER,MAN,2026-01-15 08:00:00
232.15,232,BARNSLEY,BNS,2026-01-15 08:00:00
232.150,232,MEDWAY,MDW,2026-01-15 08:00:00
232.151,232,MERTHYR_TYDFIL_COUNTY_BOROUGH,MTY,2026-01-15 08:00:00
232.152,232,METROPOLITAN_BOROUGH_OF_WIGAN,WGN,2026-01-15 08:00:00
232.153,232,MID_AND_EAST_ANTRIM,MEA,2026-01-15 08:00:00
232.154,232,MID_ULSTER,MUL,2026-01-15 08:00:00
232.155,232,MIDDLESBROUGH,MDB,2026-01-15 08:00:00
232.156,232,MIDLOTHIAN,MLN,2026-01-15 08:00:00
232.157,232,MILTON_KEYNES,MIK,2026-01-15 08:00:00
232.158,232,MONMOUTHSHIRE,MON,2026-01-15 08:00:00
232.159,232,MORAY,MRY,2026-01-15 08:00:00
232.16,232,BATH_AND_NORTH_EAST_SOMERSET,BAS,2026-01-15 08:00:00
232.160,232,MOYLE_DISTRICT_COUNCIL,MYL,2026-01-15 08:00:00
232.161,232,NEATH_PORT_TALBOT_COUNTY_BOROUGH,NTL,2026-01-15 08:00:00
232.162,232,NEWCASTLE_UPON_TYNE,NET,2026-01-15 08:00:00
232.163,232,NEWPORT,NWP,2026-01-15 08:00:00
232.164,232,NEWRY_AND_MOURNE_DISTRICT_COUNCIL,NYM,2026-01-15 08:00:00
232.165,232,"NEWRY,_MOURNE_AND_DOWN",NMD,2026-01-15 08:00:00
232.166,232,NEWTOWNABBEY_BOROUGH_COUNCIL,NTA,2026-01-15 08:00:00
232.167,232,NORFOLK,NFK,2026-01-15 08:00:00
232.168,232,NORTH_AYRSHIRE,NAY,2026-01-15 08:00:00
232.169,232,NORTH_DOWN_BOROUGH_COUNCIL,NDN,2026-01-15 08:00:00
232.17,232,BEDFORD,BDF,2026-01-15 08:00:00
232.170,232,NORTH_EAST_LINCOLNSHIRE,NEL,2026-01-15 08:00:00
232.171,232,NORTH_LANARKSHIRE,NLK,2026-01-15 08:00:00
232.172,232,NORTH_LINCOLNSHIRE,NLN,2026-01-15 08:00:00
232.173,232,NORTH_SOMERSET,NSM,2026-01-15 08:00:00
232.174,232,NORTH_TYNESIDE,NTY,2026-01-15 08:00:00
232.175,232,NORTH_YORKSHIRE,NYK,2026-01-15 08:00:00
232.176,232,NORTHAMPTONSHIRE,NTH,2026-01-15 08:00:00
232.177,232,NORTHERN_IRELAND,NIR,2026-01-15 08:00:00
232.178,232,NORTHUMBERLAND,NBL,2026-01-15 08:00:00
232.179,232,NOTTINGHAMSHIRE,NTT,2026-01-15 08:00:00
232.18,232,BELFAST_DISTRICT,BFS,2026-01-15 08:00:00
232.180,232,OLDHAM,OLD,2026-01-15 08:00:00
232.181,232,OMAGH_DISTRICT_COUNCIL,OMH,2026-01-15 08:00:00
232.182,232,ORKNEY_ISLANDS,ORK,2026-01-15 08:00:00
232.183,232,OUTER_HEBRIDES,ELS,2026-01-15 08:00:00
232.184,232,OXFORDSHIRE,OXF,2026-01-15 08:00:00
232.185,232,PEMBROKESHIRE,PEM,2026-01-15 08:00:00
232.186,232,PERTH_AND_KINROSS,PKN,2026-01-15 08:00:00
232.187,232,POOLE,POL,2026-01-15 08:00:00
232.188,232,POWYS,POW,2026-01-15 08:00:00
232.189,232,READING,RDG,2026-01-15 08:00:00
232.19,232,BIRMINGHAM,BIR,2026-01-15 08:00:00
232.190,232,REDCAR_AND_CLEVELAND,RCC,2026-01-15 08:00:00
232.191,232,RENFREWSHIRE,RFW,2026-01-15 08:00:00
232.192,232,RHONDDA_CYNON_TAF,RCT,2026-01-15 08:00:00
232.193,232,ROCHDALE,RCH,2026-01-15 08:00:00
232.194,232,ROTHERHAM,ROT,2026-01-15 08:00:00
232.195,232,ROYAL_BOROUGH_OF_GREENWICH,GRE,2026-01-15 08:00:00
232.196,232,ROYAL_BOROUGH_OF_KENSINGTON_AND_CHELSEA,KEC,2026-01-15 08:00:00
232.197,232,ROYAL_BOROUGH_OF_KINGSTON_UPON_THAMES,KTT,2026-01-15 08:00:00
232.198,232,RUTLAND,RUT,2026-01-15 08:00:00
232.199,232,SAINT_HELENA,SH-HL,2026-01-15 08:00:00
232.2,232,ABERDEENSHIRE,ABD,2026-01-15 08:00:00
232.20,232,BLACKBURN_WITH_DARWEN,BBD,2026-01-15 08:00:00
232.200,232,SALFORD,SLF,2026-01-15 08:00:00
232.201,232,SANDWELL,SAW,2026-01-15 08:00:00
232.202,232,SCOTLAND,SCT,2026-01-15 08:00:00
232.203,232,SCOTTISH_BORDERS,SCB,2026-01-15 08:00:00
232.204,232,SEFTON,SFT,2026-01-15 08:00:00
232.205,232,SHEFFIELD,SHF,2026-01-15 08:00:00
232.206,232,SHETLAND_ISLANDS,ZET,2026-01-15 08:00:00
232.207,232,SHROPSHIRE,SHR,2026-01-15 08:00:00
232.208,232,SLOUGH,SLG,2026-01-15 08:00:00
232.209,232,SOLIHULL,SOL,2026-01-15 08:00:00
232.21,232,BLACKPOOL,BPL,2026-01-15 08:00:00
232.210,232,SOMERSET,SOM,2026-01-15 08:00:00
232.211,232,SOUTH_AYRSHIRE,SAY,2026-01-15 08:00:00
232.212,232,SOUTH_GLOUCESTERSHIRE,SGC,2026-01-15 08:00:00
232.213,232,SOUTH_LANARKSHIRE,SLK,2026-01-15 08:00:00
232.214,232,SOUTH_TYNESIDE,STY,2026-01-15 08:00:00
232.215,232,SOUTHEND-ON-SEA,SOS,2026-01-15 08:00:00
232.216,232,ST_HELENS,SHN,2026-01-15 08:00:00
232.217,232,STAFFORDSHIRE,STS,2026-01-15 08:00:00
232.218,232,STIRLING,STG,2026-01-15 08:00:00
232.219,232,STOCKPORT,SKP,2026-01-15 08:00:00
232.22,232,BLAENAU_GWENT_COUNTY_BOROUGH,BGW,2026-01-15 08:00:00
232.220,232,STOCKTON-ON-TEES,STT,2026-01-15 08:00:00
232.221,232,STRABANE_DISTRICT_COUNCIL,STB,2026-01-15 08:00:00
232.222,232,SUFFOLK,SFK,2026-01-15 08:00:00
232.223,232,SURREY,SRY,2026-01-15 08:00:00
232.224,232,SWINDON,SWD,2026-01-15 08:00:00
232.225,232,TAMESIDE,TAM,2026-01-15 08:00:00
232.226,232,TELFORD_AND_WREKIN,TFW,2026-01-15 08:00:00
232.227,232,THURROCK,THR,2026-01-15 08:00:00
232.228,232,TORBAY,TOB,2026-01-15 08:00:00
232.229,232,TORFAEN,TOF,2026-01-15 08:00:00
232.23,232,BOLTON,BOL,2026-01-15 08:00:00
232.230,232,TRAFFORD,TRF,2026-01-15 08:00:00
232.231,232,UNITED_KINGDOM,UKM,2026-01-15 08:00:00
232.232,232,VALE_OF_GLAMORGAN,VGL,2026-01-15 08:00:00
232.233,232,WAKEFIELD,WKF,2026-01-15 08:00:00
232.234,232,WALES,WLS,2026-01-15 08:00:00
232.235,232,WALSALL,WLL,2026-01-15 08:00:00
232.236,232,WARRINGTON,WRT,2026-01-15 08:00:00
232.237,232,WARWICKSHIRE,WAR,2026-01-15 08:00:00
232.238,232,WEST_BERKSHIRE,WBK,2026-01-15 08:00:00
232.239,232,WEST_DUNBARTONSHIRE,WDU,2026-01-15 08:00:00
232.24,232,BOURNEMOUTH,BMH,2026-01-15 08:00:00
232.240,232,WEST_LOTHIAN,WLN,2026-01-15 08:00:00
232.241,232,WEST_SUSSEX,WSX,2026-01-15 08:00:00
232.242,232,WILTSHIRE,WIL,2026-01-15 08:00:00
232.243,232,WINDSOR_AND_MAIDENHEAD,WNM,2026-01-15 08:00:00
232.244,232,WIRRAL,WRL,2026-01-15 08:00:00
232.245,232,WOKINGHAM,WOK,2026-01-15 08:00:00
232.246,232,WORCESTERSHIRE,WOR,2026-01-15 08:00:00
232.247,232,WREXHAM_COUNTY_BOROUGH,WRX,2026-01-15 08:00:00
232.25,232,BRACKNELL_FOREST,BRC,2026-01-15 08:00:00
232.26,232,BRADFORD,BRD,2026-01-15 08:00:00
232.27,232,BRIDGEND_COUNTY_BOROUGH,BGE,2026-01-15 08:00:00
232.28,232,BRIGHTON_AND_HOVE,BNH,2026-01-15 08:00:00
232.29,232,BUCKINGHAMSHIRE,BKM,2026-01-15 08:00:00
232.3,232,ANGUS,ANS,2026-01-15 08:00:00
232.30,232,BURY,BUR,2026-01-15 08:00:00
232.31,232,CAERPHILLY_COUNTY_BOROUGH,CAY,2026-01-15 08:00:00
232.32,232,CALDERDALE,CLD,2026-01-15 08:00:00
232.33,232,CAMBRIDGESHIRE,CAM,2026-01-15 08:00:00
232.34,232,CARMARTHENSHIRE,CMN,2026-01-15 08:00:00
232.35,232,CARRICKFERGUS_BOROUGH_COUNCIL,CKF,2026-01-15 08:00:00
232.36,232,CASTLEREAGH,CSR,2026-01-15 08:00:00
232.37,232,CAUSEWAY_COAST_AND_GLENS,CCG,2026-01-15 08:00:00
232.38,232,CENTRAL_BEDFORDSHIRE,CBF,2026-01-15 08:00:00
232.39,232,CEREDIGION,CGN,2026-01-15 08:00:00
232.4,232,ANTRIM,ANT,2026-01-15 08:00:00
232.40,232,CHESHIRE_EAST,CHE,2026-01-15 08:00:00
232.41,232,CHESHIRE_WEST_AND_CHESTER,CHW,2026-01-15 08:00:00
232.42,232,CITY_AND_COUNTY_OF_CARDIFF,CRF,2026-01-15 08:00:00
232.43,232,CITY_AND_COUNTY_OF_SWANSEA,SWA,2026-01-15 08:00:00
232.44,232,CITY_OF_BRISTOL,BST,2026-01-15 08:00:00
232.45,232,CITY_OF_DERBY,DER,2026-01-15 08:00:00
232.46,232,CITY_OF_KINGSTON_UPON_HULL,KHL,2026-01-15 08:00:00
232.47,232,CITY_OF_LEICESTER,LCE,2026-01-15 08:00:00
232.48,232,CITY_OF_LONDON,LND,2026-01-15 08:00:00
232.49,232,CITY_OF_NOTTINGHAM,NGM,2026-01-15 08:00:00
232.5,232,ANTRIM_AND_NEWTOWNABBEY,ANN,2026-01-15 08:00:00
232.50,232,CITY_OF_PETERBOROUGH,PTE,2026-01-15 08:00:00
232.51,232,CITY_OF_PLYMOUTH,PLY,2026-01-15 08:00:00
232.52,232,CITY_OF_PORTSMOUTH,POR,2026-01-15 08:00:00
232.53,232,CITY_OF_SOUTHAMPTON,STH,2026-01-15 08:00:00
232.54,232,CITY_OF_STOKE-ON-TRENT,STE,2026-01-15 08:00:00
232.55,232,CITY_OF_SUNDERLAND,SND,2026-01-15 08:00:00
232.56,232,CITY_OF_WESTMINSTER,WSM,2026-01-15 08:00:00
232.57,232,CITY_OF_WOLVERHAMPTON,WLV,2026-01-15 08:00:00
232.58,232,CITY_OF_YORK,YOR,2026-01-15 08:00:00
232.59,232,CLACKMANNANSHIRE,CLK,2026-01-15 08:00:00
232.6,232,ARDS,ARD,2026-01-15 08:00:00
232.60,232,COLERAINE_BOROUGH_COUNCIL,CLR,2026-01-15 08:00:00
232.61,232,CONWY_COUNTY_BOROUGH,CWY,2026-01-15 08:00:00
232.62,232,COOKSTOWN_DISTRICT_COUNCIL,CKT,2026-01-15 08:00:00
232.63,232,CORNWALL,CON,2026-01-15 08:00:00
232.64,232,COUNTY_DURHAM,DUR,2026-01-15 08:00:00
232.65,232,COVENTRY,COV,2026-01-15 08:00:00
232.66,232,CRAIGAVON_BOROUGH_COUNCIL,CGV,2026-01-15 08:00:00
232.67,232,CUMBRIA,CMA,2026-01-15 08:00:00
232.68,232,DARLINGTON,DAL,2026-01-15 08:00:00
232.69,232,DENBIGHSHIRE,DEN,2026-01-15 08:00:00
232.7,232,ARDS_AND_NORTH_DOWN,AND,2026-01-15 08:00:00
232.70,232,DERBYSHIRE,DBY,2026-01-15 08:00:00
232.71,232,DERRY_CITY_AND_STRABANE,DRS,2026-01-15 08:00:00
232.72,232,DERRY_CITY_COUNCIL,DRY,2026-01-15 08:00:00
232.73,232,DEVON,DEV,2026-01-15 08:00:00
232.74,232,DONCASTER,DNC,2026-01-15 08:00:00
232.75,232,DORSET,DOR,2026-01-15 08:00:00
232.76,232,DOWN_DISTRICT_COUNCIL,DOW,2026-01-15 08:00:00
232.77,232,DUDLEY,DUD,2026-01-15 08:00:00
232.78,232,DUMFRIES_AND_GALLOWAY,DGY,2026-01-15 08:00:00
232.79,232,DUNDEE,DND,2026-01-15 08:00:00
232.8,232,ARGYLL_AND_BUTE,AGB,2026-01-15 08:00:00
232.80,232,DUNGANNON_AND_SOUTH_TYRONE_BOROUGH_COUNCIL,DGN,2026-01-15 08:00:00
232.81,232,EAST_AYRSHIRE,EAY,2026-01-15 08:00:00
232.82,232,EAST_DUNBARTONSHIRE,EDU,2026-01-15 08:00:00
232.83,232,EAST_LOTHIAN,ELN,2026-01-15 08:00:00
232.84,232,EAST_RENFREWSHIRE,ERW,2026-01-15 08:00:00
232.85,232,EAST_RIDING_OF_YORKSHIRE,ERY,2026-01-15 08:00:00
232.86,232,EAST_SUSSEX,ESX,2026-01-15 08:00:00
232.87,232,EDINBURGH,EDH,2026-01-15 08:00:00
232.88,232,ENGLAND,ENG,2026-01-15 08:00:00
232.89,232,ESSEX,ESS,2026-01-15 08:00:00
232.9,232,ARMAGH_CITY_AND_DISTRICT_COUNCIL,ARM,2026-01-15 08:00:00
232.90,232,FALKIRK,FAL,2026-01-15 08:00:00
232.91,232,FERMANAGH_AND_OMAGH,FMO,2026-01-15 08:00:00
232.92,232,FERMANAGH_DISTRICT_COUNCIL,FER,2026-01-15 08:00:00
232.93,232,FIFE,FIF,2026-01-15 08:00:00
232.94,232,FLINTSHIRE,FLN,2026-01-15 08:00:00
232.95,232,GATESHEAD,GAT,2026-01-15 08:00:00
232.96,232,GLASGOW,GLG,2026-01-15 08:00:00
232.97,232,GLOUCESTERSHIRE,GLS,2026-01-15 08:00:00
232.98,232,GWYNEDD,GWN,2026-01-15 08:00:00
232.99,232,HALTON,HAL,2026-01-15 08:00:00
23.3,23,COROZAL_DISTRICT,CZL,2026-01-15 08:00:00
233.1,233,ALABAMA,AL,2026-01-15 08:00:00
233.10,233,DELAWARE,DE,2026-01-15 08:00:00
233.11,233,DISTRICT_OF_COLUMBIA,DC,2026-01-15 08:00:00
233.12,233,FLORIDA,FL,2026-01-15 08:00:00
233.13,233,GEORGIA,GA,2026-01-15 08:00:00
233.14,233,GUAM,GU,2026-01-15 08:00:00
233.15,233,HAWAII,HI,2026-01-15 08:00:00
233.16,233,HOWLAND_ISLAND,UM-84,2026-01-15 08:00:00
233.17,233,IDAHO,ID,2026-01-15 08:00:00
233.18,233,ILLINOIS,IL,2026-01-15 08:00:00
233.19,233,INDIANA,IN,2026-01-15 08:00:00
233.2,233,ALASKA,AK,2026-01-15 08:00:00
233.20,233,IOWA,IA,2026-01-15 08:00:00
233.21,233,JARVIS_ISLAND,UM-86,2026-01-15 08:00:00
233.22,233,JOHNSTON_ATOLL,UM-67,2026-01-15 08:00:00
233.23,233,KANSAS,KS,2026-01-15 08:00:00
233.24,233,KENTUCKY,KY,2026-01-15 08:00:00
233.25,233,KINGMAN_REEF,UM-89,2026-01-15 08:00:00
233.26,233,LOUISIANA,LA,2026-01-15 08:00:00
233.27,233,MAINE,ME,2026-01-15 08:00:00
233.28,233,MARYLAND,MD,2026-01-15 08:00:00
233.29,233,MASSACHUSETTS,MA,2026-01-15 08:00:00
233.3,233,AMERICAN_SAMOA,AS,2026-01-15 08:00:00
233.30,233,MICHIGAN,MI,2026-01-15 08:00:00
233.31,233,MIDWAY_ATOLL,UM-71,2026-01-15 08:00:00
233.32,233,MINNESOTA,MN,2026-01-15 08:00:00
233.33,233,MISSISSIPPI,MS,2026-01-15 08:00:00
233.34,233,MISSOURI,MO,2026-01-15 08:00:00
233.35,233,MONTANA,MT,2026-01-15 08:00:00
233.36,233,NAVASSA_ISLAND,UM-76,2026-01-15 08:00:00
233.37,233,NEBRASKA,NE,2026-01-15 08:00:00
233.38,233,NEVADA,NV,2026-01-15 08:00:00
233.39,233,NEW_HAMPSHIRE,NH,2026-01-15 08:00:00
233.4,233,ARIZONA,AZ,2026-01-15 08:00:00
233.40,233,NEW_JERSEY,NJ,2026-01-15 08:00:00
233.41,233,NEW_MEXICO,NM,2026-01-15 08:00:00
233.42,233,NEW_YORK,NY,2026-01-15 08:00:00
233.43,233,NORTH_CAROLINA,NC,2026-01-15 08:00:00
233.44,233,NORTH_DAKOTA,ND,2026-01-15 08:00:00
233.45,233,NORTHERN_MARIANA_ISLANDS,MP,2026-01-15 08:00:00
233.46,233,OHIO,OH,2026-01-15 08:00:00
233.47,233,OKLAHOMA,OK,2026-01-15 08:00:00
233.48,233,OREGON,OR,2026-01-15 08:00:00
233.49,233,PALMYRA_ATOLL,UM-95,2026-01-15 08:00:00
233.5,233,ARKANSAS,AR,2026-01-15 08:00:00
233.50,233,PENNSYLVANIA,PA,2026-01-15 08:00:00
233.51,233,PUERTO_RICO,PR,2026-01-15 08:00:00
233.52,233,RHODE_ISLAND,RI,2026-01-15 08:00:00
233.53,233,SOUTH_CAROLINA,SC,2026-01-15 08:00:00
233.54,233,SOUTH_DAKOTA,SD,2026-01-15 08:00:00
233.55,233,TENNESSEE,TN,2026-01-15 08:00:00
233.56,233,TEXAS,TX,2026-01-15 08:00:00
233.57,233,UNITED_STATES_MINOR_OUTLYING_ISLANDS,UM,2026-01-15 08:00:00
233.58,233,UNITED_STATES_VIRGIN_ISLANDS,VI,2026-01-15 08:00:00
233.59,233,UTAH,UT,2026-01-15 08:00:00
233.6,233,BAKER_ISLAND,UM-81,2026-01-15 08:00:00
233.60,233,VERMONT,VT,2026-01-15 08:00:00
233.61,233,VIRGINIA,VA,2026-01-15 08:00:00
233.62,233,WAKE_ISLAND,UM-79,2026-01-15 08:00:00
233.63,233,WASHINGTON,WA,2026-01-15 08:00:00
233.64,233,WEST_VIRGINIA,WV,2026-01-15 08:00:00
233.65,233,WISCONSIN,WI,2026-01-15 08:00:00
233.66,233,WYOMING,WY,2026-01-15 08:00:00
233.7,233,CALIFORNIA,CA,2026-01-15 08:00:00
233.8,233,COLORADO,CO,2026-01-15 08:00:00
233.9,233,CONNECTICUT,CT,2026-01-15 08:00:00
23.4,23,ORANGE_WALK_DISTRICT,OW,2026-01-15 08:00:00
234.1,234,BAKER_ISLAND,NULL,2026-01-15 08:00:00
234.2,234,HOWLAND_ISLAND,NULL,2026-01-15 08:00:00
234.3,234,JARVIS_ISLAND,NULL,2026-01-15 08:00:00
234.4,234,JOHNSTON_ATOLL,NULL,2026-01-15 08:00:00
234.5,234,KINGMAN_REEF,NULL,2026-01-15 08:00:00
234.6,234,MIDWAY_ISLANDS,NULL,2026-01-15 08:00:00
234.7,234,NAVASSA_ISLAND,NULL,2026-01-15 08:00:00
234.8,234,PALMYRA_ATOLL,NULL,2026-01-15 08:00:00
234.9,234,WAKE_ISLAND,NULL,2026-01-15 08:00:00
23.5,23,STANN_CREEK_DISTRICT,SC,2026-01-15 08:00:00
235.1,235,ARTIGAS_DEPARTMENT,AR,2026-01-15 08:00:00
235.10,235,MONTEVIDEO_DEPARTMENT,MO,2026-01-15 08:00:00
235.11,235,PAYSANDU_DEPARTMENT,PA,2026-01-15 08:00:00
235.12,235,RIO_NEGRO_DEPARTMENT,RN,2026-01-15 08:00:00
235.13,235,RIVERA_DEPARTMENT,RV,2026-01-15 08:00:00
235.14,235,ROCHA_DEPARTMENT,RO,2026-01-15 08:00:00
235.15,235,SALTO_DEPARTMENT,SA,2026-01-15 08:00:00
235.16,235,SAN_JOSE_DEPARTMENT,SJ,2026-01-15 08:00:00
235.17,235,SORIANO_DEPARTMENT,SO,2026-01-15 08:00:00
235.18,235,TACUAREMBO_DEPARTMENT,TA,2026-01-15 08:00:00
235.19,235,TREINTA_Y_TRES_DEPARTMENT,TT,2026-01-15 08:00:00
235.2,235,CANELONES_DEPARTMENT,CA,2026-01-15 08:00:00
235.3,235,CERRO_LARGO_DEPARTMENT,CL,2026-01-15 08:00:00
235.4,235,COLONIA_DEPARTMENT,CO,2026-01-15 08:00:00
235.5,235,DURAZNO_DEPARTMENT,DU,2026-01-15 08:00:00
235.6,235,FLORES_DEPARTMENT,FS,2026-01-15 08:00:00
235.7,235,FLORIDA_DEPARTMENT,FD,2026-01-15 08:00:00
235.8,235,LAVALLEJA_DEPARTMENT,LA,2026-01-15 08:00:00
235.9,235,MALDONADO_DEPARTMENT,MA,2026-01-15 08:00:00
23.6,23,TOLEDO_DISTRICT,TOL,2026-01-15 08:00:00
236.1,236,ANDIJAN_REGION,AN,2026-01-15 08:00:00
236.10,236,SIRDARYO_REGION,SI,2026-01-15 08:00:00
236.11,236,SURXONDARYO_REGION,SU,2026-01-15 08:00:00
236.12,236,TASHKENT,TK,2026-01-15 08:00:00
236.13,236,TASHKENT_REGION,TO,2026-01-15 08:00:00
236.14,236,XORAZM_REGION,XO,2026-01-15 08:00:00
236.2,236,BUKHARA_REGION,BU,2026-01-15 08:00:00
236.3,236,FERGANA_REGION,FA,2026-01-15 08:00:00
236.4,236,JIZZAKH_REGION,JI,2026-01-15 08:00:00
236.5,236,KARAKALPAKSTAN,QR,2026-01-15 08:00:00
236.6,236,NAMANGAN_REGION,NG,2026-01-15 08:00:00
236.7,236,NAVOIY_REGION,NW,2026-01-15 08:00:00
236.8,236,QASHQADARYO_REGION,QA,2026-01-15 08:00:00
236.9,236,SAMARQAND_REGION,SA,2026-01-15 08:00:00
237.1,237,MALAMPA,MAP,2026-01-15 08:00:00
237.2,237,PENAMA,PAM,2026-01-15 08:00:00
237.3,237,SANMA,SAM,2026-01-15 08:00:00
237.4,237,SHEFA,SEE,2026-01-15 08:00:00
237.5,237,TAFEA,TAE,2026-01-15 08:00:00
237.6,237,TORBA,TOB,2026-01-15 08:00:00
240.1,240,AN_GIANG,NULL,2026-01-15 08:00:00
240.10,240,BINH_PHUOC,NULL,2026-01-15 08:00:00
240.11,240,BINH_THUAN,NULL,2026-01-15 08:00:00
240.12,240,CA_MAU,NULL,2026-01-15 08:00:00
240.13,240,CAN_THO,CT,2026-01-15 08:00:00
240.14,240,CAO_BANG,NULL,2026-01-15 08:00:00
240.15,240,DA_NANG,DN,2026-01-15 08:00:00
240.16,240,DAK_LAK,NULL,2026-01-15 08:00:00
240.17,240,DAK_NONG,NULL,2026-01-15 08:00:00
240.18,240,DIEN_BIEN,NULL,2026-01-15 08:00:00
240.19,240,DONG_NAI,NULL,2026-01-15 08:00:00
240.2,240,BA_RIA-VUNG_TAU,NULL,2026-01-15 08:00:00
240.20,240,DONG_THAP,NULL,2026-01-15 08:00:00
240.21,240,GIA_LAI,NULL,2026-01-15 08:00:00
240.22,240,HA_GIANG,NULL,2026-01-15 08:00:00
240.23,240,HA_NAM,NULL,2026-01-15 08:00:00
240.24,240,HA_NOI,HN,2026-01-15 08:00:00
240.25,240,HA_TINH,NULL,2026-01-15 08:00:00
240.26,240,HAI_DUONG,NULL,2026-01-15 08:00:00
240.27,240,HAI_PHONG,HP,2026-01-15 08:00:00
240.28,240,HAU_GIANG,NULL,2026-01-15 08:00:00
240.29,240,HO_CHI_MINH,SG,2026-01-15 08:00:00
240.3,240,BAC_GIANG,NULL,2026-01-15 08:00:00
240.30,240,HOA_BINH,NULL,2026-01-15 08:00:00
240.31,240,HUNG_YEN,NULL,2026-01-15 08:00:00
240.32,240,KHANH_HOA,NULL,2026-01-15 08:00:00
240.33,240,KIEN_GIANG,NULL,2026-01-15 08:00:00
240.34,240,KON_TUM,NULL,2026-01-15 08:00:00
240.35,240,LAI_CHAU,NULL,2026-01-15 08:00:00
240.36,240,LAM_DONG,NULL,2026-01-15 08:00:00
240.37,240,LANG_SON,NULL,2026-01-15 08:00:00
240.38,240,LAO_CAI,NULL,2026-01-15 08:00:00
240.39,240,LONG_AN,NULL,2026-01-15 08:00:00
240.4,240,BAC_KAN,NULL,2026-01-15 08:00:00
240.40,240,NAM_DINH,NULL,2026-01-15 08:00:00
240.41,240,NGHE_AN,NULL,2026-01-15 08:00:00
240.42,240,NINH_BINH,NULL,2026-01-15 08:00:00
240.43,240,NINH_THUAN,NULL,2026-01-15 08:00:00
240.44,240,PHU_THO,NULL,2026-01-15 08:00:00
240.45,240,PHU_YEN,NULL,2026-01-15 08:00:00
240.46,240,QUANG_BINH,NULL,2026-01-15 08:00:00
240.47,240,QUANG_NAM,NULL,2026-01-15 08:00:00
240.48,240,QUANG_NGAI,NULL,2026-01-15 08:00:00
240.49,240,QUANG_NINH,NULL,2026-01-15 08:00:00
240.5,240,BAC_LIEU,NULL,2026-01-15 08:00:00
240.50,240,QUANG_TRI,NULL,2026-01-15 08:00:00
240.51,240,SOC_TRANG,NULL,2026-01-15 08:00:00
240.52,240,SON_LA,NULL,2026-01-15 08:00:00
240.53,240,TAY_NINH,NULL,2026-01-15 08:00:00
240.54,240,THAI_BINH,NULL,2026-01-15 08:00:00
240.55,240,THAI_NGUYEN,NULL,2026-01-15 08:00:00
240.56,240,THANH_HOA,NULL,2026-01-15 08:00:00
240.57,240,THUA_THIEN-HUE,NULL,2026-01-15 08:00:00
240.58,240,TIEN_GIANG,NULL,2026-01-15 08:00:00
240.59,240,TRA_VINH,NULL,2026-01-15 08:00:00
240.6,240,BAC_NINH,NULL,2026-01-15 08:00:00
240.60,240,TUYEN_QUANG,NULL,2026-01-15 08:00:00
240.61,240,VINH_LONG,NULL,2026-01-15 08:00:00
240.62,240,VINH_PHUC,NULL,2026-01-15 08:00:00
240.63,240,YEN_BAI,NULL,2026-01-15 08:00:00
240.7,240,BEN_TRE,NULL,2026-01-15 08:00:00
240.8,240,BINH_DUONG,NULL,2026-01-15 08:00:00
240.9,240,BINH_DINH,NULL,2026-01-15 08:00:00
24.1,24,ALIBORI_DEPARTMENT,AL,2026-01-15 08:00:00
24.10,24,OUEME_DEPARTMENT,OU,2026-01-15 08:00:00
24.11,24,PLATEAU_DEPARTMENT,PL,2026-01-15 08:00:00
24.12,24,ZOU_DEPARTMENT,ZO,2026-01-15 08:00:00
24.2,24,ATAKORA_DEPARTMENT,AK,2026-01-15 08:00:00
242.1,242,SAINT_CROIX,SC,2026-01-15 08:00:00
242.2,242,SAINT_JOHN,SJ,2026-01-15 08:00:00
242.3,242,SAINT_THOMAS,ST,2026-01-15 08:00:00
24.3,24,ATLANTIQUE_DEPARTMENT,AQ,2026-01-15 08:00:00
24.4,24,BORGOU_DEPARTMENT,BO,2026-01-15 08:00:00
24.5,24,COLLINES_DEPARTMENT,CO,2026-01-15 08:00:00
245.1,245,'ADAN,AD,2026-01-15 08:00:00
245.10,245,DHAMAR,DH,2026-01-15 08:00:00
245.11,245,HADHRAMAUT,HD,2026-01-15 08:00:00
245.12,245,HAJJAH,HJ,2026-01-15 08:00:00
245.13,245,IBB,IB,2026-01-15 08:00:00
245.14,245,LAHIJ,LA,2026-01-15 08:00:00
245.15,245,MA'RIB,MA,2026-01-15 08:00:00
245.16,245,RAYMAH,RA,2026-01-15 08:00:00
245.17,245,SAADA,SD,2026-01-15 08:00:00
245.18,245,SANA'A,SN,2026-01-15 08:00:00
245.19,245,SHABWAH,SH,2026-01-15 08:00:00
245.2,245,'AMRAN,AM,2026-01-15 08:00:00
245.20,245,SOCOTRA,SU,2026-01-15 08:00:00
245.21,245,TA'IZZ,TA,2026-01-15 08:00:00
245.3,245,ABYAN,AB,2026-01-15 08:00:00
245.4,245,AL_BAYDA',BA,2026-01-15 08:00:00
245.5,245,AL_HUDAYDAH,HU,2026-01-15 08:00:00
245.6,245,AL_JAWF,JA,2026-01-15 08:00:00
245.7,245,AL_MAHRAH,MR,2026-01-15 08:00:00
245.8,245,AL_MAHWIT,MW,2026-01-15 08:00:00
245.9,245,AMANAT_AL_ASIMAH,SA,2026-01-15 08:00:00
24.6,24,DONGA_DEPARTMENT,DO,2026-01-15 08:00:00
246.1,246,CENTRAL_PROVINCE,NULL,2026-01-15 08:00:00
246.10,246,WESTERN_PROVINCE,NULL,2026-01-15 08:00:00
246.2,246,COPPERBELT_PROVINCE,NULL,2026-01-15 08:00:00
246.3,246,EASTERN_PROVINCE,NULL,2026-01-15 08:00:00
246.4,246,LUAPULA_PROVINCE,NULL,2026-01-15 08:00:00
246.5,246,LUSAKA_PROVINCE,NULL,2026-01-15 08:00:00
246.6,246,MUCHINGA_PROVINCE,NULL,2026-01-15 08:00:00
246.7,246,NORTHERN_PROVINCE,NULL,2026-01-15 08:00:00
246.8,246,NORTHWESTERN_PROVINCE,NULL,2026-01-15 08:00:00
246.9,246,SOUTHERN_PROVINCE,NULL,2026-01-15 08:00:00
24.7,24,KOUFFO_DEPARTMENT,KO,2026-01-15 08:00:00
247.1,247,BULAWAYO_PROVINCE,BU,2026-01-15 08:00:00
247.10,247,MIDLANDS_PROVINCE,MI,2026-01-15 08:00:00
247.2,247,HARARE_PROVINCE,HA,2026-01-15 08:00:00
247.3,247,MANICALAND,MA,2026-01-15 08:00:00
247.4,247,MASHONALAND_CENTRAL_PROVINCE,MC,2026-01-15 08:00:00
247.5,247,MASHONALAND_EAST_PROVINCE,ME,2026-01-15 08:00:00
247.6,247,MASHONALAND_WEST_PROVINCE,MW,2026-01-15 08:00:00
247.7,247,MASVINGO_PROVINCE,MV,2026-01-15 08:00:00
247.8,247,MATABELELAND_NORTH_PROVINCE,MN,2026-01-15 08:00:00
247.9,247,MATABELELAND_SOUTH_PROVINCE,MS,2026-01-15 08:00:00
24.8,24,LITTORAL_DEPARTMENT,LI,2026-01-15 08:00:00
24.9,24,MONO_DEPARTMENT,MO,2026-01-15 08:00:00
25.1,25,DEVONSHIRE,DEV,2026-01-15 08:00:00
25.2,25,HAMILTON,HA,2026-01-15 08:00:00
25.3,25,PAGET,PAG,2026-01-15 08:00:00
25.4,25,PEMBROKE,PEM,2026-01-15 08:00:00
25.5,25,SAINT_GEORGE'S,SGE,2026-01-15 08:00:00
25.6,25,SANDYS,SAN,2026-01-15 08:00:00
25.7,25,SMITH'S,SMI,2026-01-15 08:00:00
25.8,25,SOUTHAMPTON,SOU,2026-01-15 08:00:00
25.9,25,WARWICK,WAR,2026-01-15 08:00:00
26.1,26,BUMTHANG_DISTRICT,NULL,2026-01-15 08:00:00
26.10,26,PUNAKHA_DISTRICT,NULL,2026-01-15 08:00:00
26.11,26,SAMDRUP_JONGKHAR_DISTRICT,NULL,2026-01-15 08:00:00
26.12,26,SAMTSE_DISTRICT,NULL,2026-01-15 08:00:00
26.13,26,SARPANG_DISTRICT,NULL,2026-01-15 08:00:00
26.14,26,THIMPHU_DISTRICT,NULL,2026-01-15 08:00:00
26.15,26,TRASHIGANG_DISTRICT,NULL,2026-01-15 08:00:00
26.16,26,TRONGSA_DISTRICT,NULL,2026-01-15 08:00:00
26.17,26,TSIRANG_DISTRICT,NULL,2026-01-15 08:00:00
26.18,26,WANGDUE_PHODRANG_DISTRICT,NULL,2026-01-15 08:00:00
26.19,26,ZHEMGANG_DISTRICT,NULL,2026-01-15 08:00:00
26.2,26,CHUKHA_DISTRICT,NULL,2026-01-15 08:00:00
26.3,26,DAGANA_DISTRICT,NULL,2026-01-15 08:00:00
26.4,26,GASA_DISTRICT,GA,2026-01-15 08:00:00
26.5,26,HAA_DISTRICT,NULL,2026-01-15 08:00:00
26.6,26,LHUNTSE_DISTRICT,NULL,2026-01-15 08:00:00
26.7,26,MONGAR_DISTRICT,NULL,2026-01-15 08:00:00
26.8,26,PARO_DISTRICT,NULL,2026-01-15 08:00:00
26.9,26,PEMAGATSHEL_DISTRICT,NULL,2026-01-15 08:00:00
27.1,27,BENI_DEPARTMENT,B,2026-01-15 08:00:00
27.2,27,CHUQUISACA_DEPARTMENT,H,2026-01-15 08:00:00
27.3,27,COCHABAMBA_DEPARTMENT,C,2026-01-15 08:00:00
27.4,27,LA_PAZ_DEPARTMENT,L,2026-01-15 08:00:00
27.5,27,ORURO_DEPARTMENT,O,2026-01-15 08:00:00
27.6,27,PANDO_DEPARTMENT,N,2026-01-15 08:00:00
27.7,27,POTOSI_DEPARTMENT,P,2026-01-15 08:00:00
27.8,27,SANTA_CRUZ_DEPARTMENT,S,2026-01-15 08:00:00
27.9,27,TARIJA_DEPARTMENT,T,2026-01-15 08:00:00
28.1,28,BOSNIAN_PODRINJE_CANTON,NULL,2026-01-15 08:00:00
28.10,28,TUZLA_CANTON,NULL,2026-01-15 08:00:00
28.11,28,UNA-SANA_CANTON,NULL,2026-01-15 08:00:00
28.12,28,WEST_HERZEGOVINA_CANTON,NULL,2026-01-15 08:00:00
28.13,28,ZENICA-DOBOJ_CANTON,NULL,2026-01-15 08:00:00
28.2,28,BRCKO_DISTRICT,BRC,2026-01-15 08:00:00
28.3,28,CANTON_10,NULL,2026-01-15 08:00:00
28.4,28,CENTRAL_BOSNIA_CANTON,NULL,2026-01-15 08:00:00
28.5,28,FEDERATION_OF_BOSNIA_AND_HERZEGOVINA,BIH,2026-01-15 08:00:00
28.6,28,HERZEGOVINA-NERETVA_CANTON,NULL,2026-01-15 08:00:00
28.7,28,POSAVINA_CANTON,NULL,2026-01-15 08:00:00
28.8,28,REPUBLIKA_SRPSKA,SRP,2026-01-15 08:00:00
28.9,28,SARAJEVO_CANTON,NULL,2026-01-15 08:00:00
29.1,29,CENTRAL_DISTRICT,CE,2026-01-15 08:00:00
29.10,29,SOUTHERN_DISTRICT,SO,2026-01-15 08:00:00
29.2,29,GHANZI_DISTRICT,GH,2026-01-15 08:00:00
29.3,29,KGALAGADI_DISTRICT,KG,2026-01-15 08:00:00
29.4,29,KGATLENG_DISTRICT,KL,2026-01-15 08:00:00
29.5,29,KWENENG_DISTRICT,KW,2026-01-15 08:00:00
29.6,29,NGAMILAND,NG,2026-01-15 08:00:00
29.7,29,NORTH-EAST_DISTRICT,NE,2026-01-15 08:00:00
29.8,29,NORTH-WEST_DISTRICT,NW,2026-01-15 08:00:00
29.9,29,SOUTH-EAST_DISTRICT,SE,2026-01-15 08:00:00
3.1,3,BERAT_COUNTY,NULL,2026-01-15 08:00:00
3.10,3,ELBASAN_COUNTY,NULL,2026-01-15 08:00:00
3.11,3,FIER_COUNTY,NULL,2026-01-15 08:00:00
31.1,31,ACRE,AC,2026-01-15 08:00:00
31.10,31,MARANHAO,MA,2026-01-15 08:00:00
31.11,31,MATO_GROSSO,MT,2026-01-15 08:00:00
31.12,31,MATO_GROSSO_DO_SUL,MS,2026-01-15 08:00:00
31.13,31,MINAS_GERAIS,MG,2026-01-15 08:00:00
31.14,31,PARA,PA,2026-01-15 08:00:00
31.15,31,PARAIBA,PB,2026-01-15 08:00:00
31.16,31,PARANA,PR,2026-01-15 08:00:00
31.17,31,PERNAMBUCO,PE,2026-01-15 08:00:00
31.18,31,PIAUI,PI,2026-01-15 08:00:00
31.19,31,RIO_DE_JANEIRO,RJ,2026-01-15 08:00:00
3.12,3,FIER_DISTRICT,FR,2026-01-15 08:00:00
31.2,31,ALAGOAS,AL,2026-01-15 08:00:00
31.20,31,RIO_GRANDE_DO_NORTE,RN,2026-01-15 08:00:00
31.21,31,RIO_GRANDE_DO_SUL,RS,2026-01-15 08:00:00
31.22,31,RONDONIA,RO,2026-01-15 08:00:00
31.23,31,RORAIMA,RR,2026-01-15 08:00:00
31.24,31,SANTA_CATARINA,SC,2026-01-15 08:00:00
31.25,31,SAO_PAULO,SP,2026-01-15 08:00:00
31.26,31,SERGIPE,SE,2026-01-15 08:00:00
31.27,31,TOCANTINS,TO,2026-01-15 08:00:00
3.13,3,GJIROKASTER_COUNTY,NULL,2026-01-15 08:00:00
31.3,31,AMAPA,AP,2026-01-15 08:00:00
3.14,3,GJIROKASTER_DISTRICT,GJ,2026-01-15 08:00:00
31.4,31,AMAZONAS,AM,2026-01-15 08:00:00
3.15,3,GRAMSH_DISTRICT,GR,2026-01-15 08:00:00
31.5,31,BAHIA,BA,2026-01-15 08:00:00
3.16,3,HAS_DISTRICT,HA,2026-01-15 08:00:00
31.6,31,CEARA,CE,2026-01-15 08:00:00
3.17,3,KAVAJE_DISTRICT,KA,2026-01-15 08:00:00
31.7,31,DISTRITO_FEDERAL,DF,2026-01-15 08:00:00
3.18,3,KOLONJE_DISTRICT,ER,2026-01-15 08:00:00
31.8,31,ESPIRITO_SANTO,ES,2026-01-15 08:00:00
3.19,3,KORCE_COUNTY,NULL,2026-01-15 08:00:00
31.9,31,GOIAS,GO,2026-01-15 08:00:00
3.2,3,BERAT_DISTRICT,BR,2026-01-15 08:00:00
3.20,3,KORCE_DISTRICT,KO,2026-01-15 08:00:00
3.21,3,KRUJE_DISTRICT,KR,2026-01-15 08:00:00
3.22,3,KUCOVE_DISTRICT,KC,2026-01-15 08:00:00
3.23,3,KUKES_COUNTY,NULL,2026-01-15 08:00:00
3.24,3,KUKES_DISTRICT,KU,2026-01-15 08:00:00
3.25,3,KURBIN_DISTRICT,KB,2026-01-15 08:00:00
3.26,3,LEZHE_COUNTY,NULL,2026-01-15 08:00:00
3.27,3,LEZHE_DISTRICT,LE,2026-01-15 08:00:00
3.28,3,LIBRAZHD_DISTRICT,LB,2026-01-15 08:00:00
3.29,3,LUSHNJE_DISTRICT,LU,2026-01-15 08:00:00
3.3,3,BULQIZE_DISTRICT,BU,2026-01-15 08:00:00
3.30,3,MALESI_E_MADHE_DISTRICT,MM,2026-01-15 08:00:00
3.31,3,MALLAKASTER_DISTRICT,MK,2026-01-15 08:00:00
33.1,33,BELAIT_DISTRICT,BE,2026-01-15 08:00:00
3.32,3,MAT_DISTRICT,MT,2026-01-15 08:00:00
33.2,33,BRUNEI-MUARA_DISTRICT,BM,2026-01-15 08:00:00
3.33,3,MIRDITE_DISTRICT,MR,2026-01-15 08:00:00
33.3,33,TEMBURONG_DISTRICT,TE,2026-01-15 08:00:00
3.34,3,PEQIN_DISTRICT,PQ,2026-01-15 08:00:00
33.4,33,TUTONG_DISTRICT,TU,2026-01-15 08:00:00
3.35,3,PERMET_DISTRICT,PR,2026-01-15 08:00:00
3.36,3,POGRADEC_DISTRICT,PG,2026-01-15 08:00:00
3.37,3,PUKE_DISTRICT,PU,2026-01-15 08:00:00
3.38,3,SARANDE_DISTRICT,SR,2026-01-15 08:00:00
3.39,3,SHKODER_COUNTY,NULL,2026-01-15 08:00:00
3.4,3,DELVINE_DISTRICT,DL,2026-01-15 08:00:00
3.40,3,SHKODER_DISTRICT,SH,2026-01-15 08:00:00
3.41,3,SKRAPAR_DISTRICT,SK,2026-01-15 08:00:00
34.1,34,BLAGOEVGRAD_PROVINCE,NULL,2026-01-15 08:00:00
34.10,34,PAZARDZHIK_PROVINCE,NULL,2026-01-15 08:00:00
34.11,34,PERNIK_PROVINCE,NULL,2026-01-15 08:00:00
34.12,34,PLEVEN_PROVINCE,NULL,2026-01-15 08:00:00
34.13,34,PLOVDIV_PROVINCE,NULL,2026-01-15 08:00:00
34.14,34,RAZGRAD_PROVINCE,NULL,2026-01-15 08:00:00
34.15,34,RUSE_PROVINCE,NULL,2026-01-15 08:00:00
34.16,34,SHUMEN,NULL,2026-01-15 08:00:00
34.17,34,SILISTRA_PROVINCE,NULL,2026-01-15 08:00:00
34.18,34,SLIVEN_PROVINCE,NULL,2026-01-15 08:00:00
34.19,34,SMOLYAN_PROVINCE,NULL,2026-01-15 08:00:00
3.42,3,TEPELENE_DISTRICT,TE,2026-01-15 08:00:00
34.2,34,BURGAS_PROVINCE,NULL,2026-01-15 08:00:00
34.20,34,SOFIA_CITY_PROVINCE,NULL,2026-01-15 08:00:00
34.21,34,SOFIA_PROVINCE,NULL,2026-01-15 08:00:00
34.22,34,STARA_ZAGORA_PROVINCE,NULL,2026-01-15 08:00:00
34.23,34,TARGOVISHTE_PROVINCE,NULL,2026-01-15 08:00:00
34.24,34,VARNA_PROVINCE,NULL,2026-01-15 08:00:00
34.25,34,VELIKO_TARNOVO_PROVINCE,NULL,2026-01-15 08:00:00
34.26,34,VIDIN_PROVINCE,NULL,2026-01-15 08:00:00
34.27,34,VRATSA_PROVINCE,NULL,2026-01-15 08:00:00
34.28,34,YAMBOL_PROVINCE,NULL,2026-01-15 08:00:00
3.43,3,TIRANA_COUNTY,NULL,2026-01-15 08:00:00
34.3,34,DOBRICH_PROVINCE,NULL,2026-01-15 08:00:00
3.44,3,TIRANA_DISTRICT,TR,2026-01-15 08:00:00
34.4,34,GABROVO_PROVINCE,NULL,2026-01-15 08:00:00
3.45,3,TROPOJE_DISTRICT,TP,2026-01-15 08:00:00
34.5,34,HASKOVO_PROVINCE,NULL,2026-01-15 08:00:00
3.46,3,VLORE_COUNTY,NULL,2026-01-15 08:00:00
34.6,34,KARDZHALI_PROVINCE,NULL,2026-01-15 08:00:00
3.47,3,VLORE_DISTRICT,VL,2026-01-15 08:00:00
34.7,34,KYUSTENDIL_PROVINCE,NULL,2026-01-15 08:00:00
34.8,34,LOVECH_PROVINCE,NULL,2026-01-15 08:00:00
34.9,34,MONTANA_PROVINCE,NULL,2026-01-15 08:00:00
3.5,3,DEVOLL_DISTRICT,DV,2026-01-15 08:00:00
35.1,35,BALE_PROVINCE,BAL,2026-01-15 08:00:00
35.10,35,CENTRE-EST_REGION,NULL,2026-01-15 08:00:00
35.11,35,CENTRE-NORD_REGION,NULL,2026-01-15 08:00:00
35.12,35,CENTRE-OUEST_REGION,NULL,2026-01-15 08:00:00
35.13,35,CENTRE-SUD_REGION,NULL,2026-01-15 08:00:00
35.14,35,COMOE_PROVINCE,COM,2026-01-15 08:00:00
35.15,35,EST_REGION,NULL,2026-01-15 08:00:00
35.16,35,GANZOURGOU_PROVINCE,GAN,2026-01-15 08:00:00
35.17,35,GNAGNA_PROVINCE,GNA,2026-01-15 08:00:00
35.18,35,GOURMA_PROVINCE,GOU,2026-01-15 08:00:00
35.19,35,HAUTS-BASSINS_REGION,NULL,2026-01-15 08:00:00
35.2,35,BAM_PROVINCE,BAM,2026-01-15 08:00:00
35.20,35,HOUET_PROVINCE,HOU,2026-01-15 08:00:00
35.21,35,IOBA_PROVINCE,IOB,2026-01-15 08:00:00
35.22,35,KADIOGO_PROVINCE,KAD,2026-01-15 08:00:00
35.23,35,KENEDOUGOU_PROVINCE,KEN,2026-01-15 08:00:00
35.24,35,KOMONDJARI_PROVINCE,KMD,2026-01-15 08:00:00
35.25,35,KOMPIENGA_PROVINCE,KMP,2026-01-15 08:00:00
35.26,35,KOSSI_PROVINCE,KOS,2026-01-15 08:00:00
35.27,35,KOULPELOGO_PROVINCE,KOP,2026-01-15 08:00:00
35.28,35,KOURITENGA_PROVINCE,KOT,2026-01-15 08:00:00
35.29,35,KOURWEOGO_PROVINCE,KOW,2026-01-15 08:00:00
35.3,35,BANWA_PROVINCE,BAN,2026-01-15 08:00:00
35.30,35,LERABA_PROVINCE,LER,2026-01-15 08:00:00
35.31,35,LOROUM_PROVINCE,LOR,2026-01-15 08:00:00
35.32,35,MOUHOUN,MOU,2026-01-15 08:00:00
35.33,35,NAHOURI_PROVINCE,NAO,2026-01-15 08:00:00
35.34,35,NAMENTENGA_PROVINCE,NAM,2026-01-15 08:00:00
35.35,35,NAYALA_PROVINCE,NAY,2026-01-15 08:00:00
35.36,35,"NORD_REGION,_BURKINA_FASO",NULL,2026-01-15 08:00:00
35.37,35,NOUMBIEL_PROVINCE,NOU,2026-01-15 08:00:00
35.38,35,OUBRITENGA_PROVINCE,OUB,2026-01-15 08:00:00
35.39,35,OUDALAN_PROVINCE,OUD,2026-01-15 08:00:00
35.4,35,BAZEGA_PROVINCE,BAZ,2026-01-15 08:00:00
35.40,35,PASSORE_PROVINCE,PAS,2026-01-15 08:00:00
35.41,35,PLATEAU-CENTRAL_REGION,NULL,2026-01-15 08:00:00
35.42,35,PONI_PROVINCE,PON,2026-01-15 08:00:00
35.43,35,SAHEL_REGION,NULL,2026-01-15 08:00:00
35.44,35,SANGUIE_PROVINCE,SNG,2026-01-15 08:00:00
35.45,35,SANMATENGA_PROVINCE,SMT,2026-01-15 08:00:00
35.46,35,SENO_PROVINCE,SEN,2026-01-15 08:00:00
35.47,35,SISSILI_PROVINCE,SIS,2026-01-15 08:00:00
35.48,35,SOUM_PROVINCE,SOM,2026-01-15 08:00:00
35.49,35,SOUROU_PROVINCE,SOR,2026-01-15 08:00:00
35.5,35,BOUCLE_DU_MOUHOUN_REGION,NULL,2026-01-15 08:00:00
35.50,35,SUD-OUEST_REGION,NULL,2026-01-15 08:00:00
35.51,35,TAPOA_PROVINCE,TAP,2026-01-15 08:00:00
35.52,35,TUY_PROVINCE,TUI,2026-01-15 08:00:00
35.53,35,YAGHA_PROVINCE,YAG,2026-01-15 08:00:00
35.54,35,YATENGA_PROVINCE,YAT,2026-01-15 08:00:00
35.55,35,ZIRO_PROVINCE,ZIR,2026-01-15 08:00:00
35.56,35,ZONDOMA_PROVINCE,ZON,2026-01-15 08:00:00
35.57,35,ZOUNDWEOGO_PROVINCE,ZOU,2026-01-15 08:00:00
35.6,35,BOUGOURIBA_PROVINCE,BGR,2026-01-15 08:00:00
35.7,35,BOULGOU,BLG,2026-01-15 08:00:00
35.8,35,CASCADES_REGION,NULL,2026-01-15 08:00:00
35.9,35,CENTRE,NULL,2026-01-15 08:00:00
3.6,3,DIBER_COUNTY,NULL,2026-01-15 08:00:00
36.1,36,BUBANZA_PROVINCE,BB,2026-01-15 08:00:00
36.10,36,KIRUNDO_PROVINCE,KI,2026-01-15 08:00:00
36.11,36,MAKAMBA_PROVINCE,MA,2026-01-15 08:00:00
36.12,36,MURAMVYA_PROVINCE,MU,2026-01-15 08:00:00
36.13,36,MUYINGA_PROVINCE,MY,2026-01-15 08:00:00
36.14,36,MWARO_PROVINCE,MW,2026-01-15 08:00:00
36.15,36,NGOZI_PROVINCE,NG,2026-01-15 08:00:00
36.16,36,RUMONGE_PROVINCE,RM,2026-01-15 08:00:00
36.17,36,RUTANA_PROVINCE,RT,2026-01-15 08:00:00
36.18,36,RUYIGI_PROVINCE,RY,2026-01-15 08:00:00
36.2,36,BUJUMBURA_MAIRIE_PROVINCE,BM,2026-01-15 08:00:00
36.3,36,BUJUMBURA_RURAL_PROVINCE,BL,2026-01-15 08:00:00
36.4,36,BURURI_PROVINCE,BR,2026-01-15 08:00:00
36.5,36,CANKUZO_PROVINCE,CA,2026-01-15 08:00:00
36.6,36,CIBITOKE_PROVINCE,CI,2026-01-15 08:00:00
36.7,36,GITEGA_PROVINCE,GI,2026-01-15 08:00:00
36.8,36,KARUZI_PROVINCE,KR,2026-01-15 08:00:00
36.9,36,KAYANZA_PROVINCE,KY,2026-01-15 08:00:00
3.7,3,DIBER_DISTRICT,DI,2026-01-15 08:00:00
37.1,37,BANTEAY_MEANCHEY,NULL,2026-01-15 08:00:00
37.10,37,KOH_KONG,NULL,2026-01-15 08:00:00
37.11,37,KRATIE,NULL,2026-01-15 08:00:00
37.12,37,MONDULKIRI,NULL,2026-01-15 08:00:00
37.13,37,ODDAR_MEANCHEY,NULL,2026-01-15 08:00:00
37.14,37,PAILIN,NULL,2026-01-15 08:00:00
37.15,37,PHNOM_PENH,NULL,2026-01-15 08:00:00
37.16,37,PREAH_VIHEAR,NULL,2026-01-15 08:00:00
37.17,37,PREY_VENG,NULL,2026-01-15 08:00:00
37.18,37,PURSAT,NULL,2026-01-15 08:00:00
37.19,37,RATANAKIRI,NULL,2026-01-15 08:00:00
37.2,37,BATTAMBANG,NULL,2026-01-15 08:00:00
37.20,37,SIEM_REAP,NULL,2026-01-15 08:00:00
37.21,37,SIHANOUKVILLE,NULL,2026-01-15 08:00:00
37.22,37,STUNG_TRENG,NULL,2026-01-15 08:00:00
37.23,37,SVAY_RIENG,NULL,2026-01-15 08:00:00
37.24,37,TAKEO,NULL,2026-01-15 08:00:00
37.3,37,KAMPONG_CHAM,NULL,2026-01-15 08:00:00
37.4,37,KAMPONG_CHHNANG,NULL,2026-01-15 08:00:00
37.5,37,KAMPONG_SPEU,NULL,2026-01-15 08:00:00
37.6,37,KAMPONG_THOM,NULL,2026-01-15 08:00:00
37.7,37,KAMPOT,NULL,2026-01-15 08:00:00
37.8,37,KANDAL,NULL,2026-01-15 08:00:00
37.9,37,KEP,NULL,2026-01-15 08:00:00
3.8,3,DURRES_COUNTY,NULL,2026-01-15 08:00:00
38.1,38,ADAMAWA,AD,2026-01-15 08:00:00
38.10,38,WEST,OU,2026-01-15 08:00:00
38.2,38,CENTRE,CE,2026-01-15 08:00:00
38.3,38,EAST,ES,2026-01-15 08:00:00
38.4,38,FAR_NORTH,EN,2026-01-15 08:00:00
38.5,38,LITTORAL,LT,2026-01-15 08:00:00
38.6,38,NORTH,NO,2026-01-15 08:00:00
38.7,38,NORTHWEST,NW,2026-01-15 08:00:00
38.8,38,SOUTH,SU,2026-01-15 08:00:00
38.9,38,SOUTHWEST,SW,2026-01-15 08:00:00
3.9,3,DURRES_DISTRICT,DR,2026-01-15 08:00:00
39.1,39,ALBERTA,AB,2026-01-15 08:00:00
39.10,39,PRINCE_EDWARD_ISLAND,PE,2026-01-15 08:00:00
39.11,39,QUEBEC,QC,2026-01-15 08:00:00
39.12,39,SASKATCHEWAN,SK,2026-01-15 08:00:00
39.13,39,YUKON,YT,2026-01-15 08:00:00
39.2,39,BRITISH_COLUMBIA,BC,2026-01-15 08:00:00
39.3,39,MANITOBA,MB,2026-01-15 08:00:00
39.4,39,NEW_BRUNSWICK,NB,2026-01-15 08:00:00
39.5,39,NEWFOUNDLAND_AND_LABRADOR,NL,2026-01-15 08:00:00
39.6,39,NORTHWEST_TERRITORIES,NT,2026-01-15 08:00:00
39.7,39,NOVA_SCOTIA,NS,2026-01-15 08:00:00
39.8,39,NUNAVUT,NU,2026-01-15 08:00:00
39.9,39,ONTARIO,ON,2026-01-15 08:00:00
40.1,40,BARLAVENTO_ISLANDS,B,2026-01-15 08:00:00
40.10,40,RIBEIRA_GRANDE,RG,2026-01-15 08:00:00
40.11,40,RIBEIRA_GRANDE_DE_SANTIAGO,RS,2026-01-15 08:00:00
40.12,40,SAL,SL,2026-01-15 08:00:00
40.13,40,SANTA_CATARINA,CA,2026-01-15 08:00:00
40.14,40,SANTA_CATARINA_DO_FOGO,CF,2026-01-15 08:00:00
40.15,40,SANTA_CRUZ,CR,2026-01-15 08:00:00
40.16,40,SAO_DOMINGOS,SD,2026-01-15 08:00:00
40.17,40,SAO_FILIPE,SF,2026-01-15 08:00:00
40.18,40,SAO_LOURENCO_DOS_ORGAOS,SO,2026-01-15 08:00:00
40.19,40,SAO_MIGUEL,SM,2026-01-15 08:00:00
40.2,40,BOA_VISTA,BV,2026-01-15 08:00:00
40.20,40,SAO_VICENTE,SV,2026-01-15 08:00:00
40.21,40,SOTAVENTO_ISLANDS,S,2026-01-15 08:00:00
40.22,40,TARRAFAL,TA,2026-01-15 08:00:00
40.23,40,TARRAFAL_DE_SAO_NICOLAU,TS,2026-01-15 08:00:00
40.3,40,BRAVA,BR,2026-01-15 08:00:00
40.4,40,MAIO_MUNICIPALITY,MA,2026-01-15 08:00:00
40.5,40,MOSTEIROS,MO,2026-01-15 08:00:00
40.6,40,PAUL,PA,2026-01-15 08:00:00
40.7,40,PORTO_NOVO,PN,2026-01-15 08:00:00
40.8,40,PRAIA,PR,2026-01-15 08:00:00
40.9,40,RIBEIRA_BRAVA_MUNICIPALITY,RB,2026-01-15 08:00:00
4.1,4,ADRAR,NULL,2026-01-15 08:00:00
4.10,4,BISKRA,NULL,2026-01-15 08:00:00
4.11,4,BLIDA,NULL,2026-01-15 08:00:00
4.12,4,BORDJ_BAJI_MOKHTAR,NULL,2026-01-15 08:00:00
4.13,4,BORDJ_BOU_ARRERIDJ,NULL,2026-01-15 08:00:00
4.14,4,BOUIRA,NULL,2026-01-15 08:00:00
4.15,4,BOUMERDES,NULL,2026-01-15 08:00:00
4.16,4,CHLEF,NULL,2026-01-15 08:00:00
4.17,4,CONSTANTINE,NULL,2026-01-15 08:00:00
4.18,4,DJANET,NULL,2026-01-15 08:00:00
4.19,4,DJELFA,NULL,2026-01-15 08:00:00
4.2,4,AIN_DEFLA,NULL,2026-01-15 08:00:00
4.20,4,EL_BAYADH,NULL,2026-01-15 08:00:00
4.21,4,EL_M'GHAIR,NULL,2026-01-15 08:00:00
42.1,42,BAMINGUI-BANGORAN_PREFECTURE,BB,2026-01-15 08:00:00
42.10,42,NANA-GREBIZI_ECONOMIC_PREFECTURE,KB,2026-01-15 08:00:00
42.11,42,NANA-MAMBERE_PREFECTURE,NM,2026-01-15 08:00:00
42.12,42,OMBELLA-M'POKO_PREFECTURE,MP,2026-01-15 08:00:00
42.13,42,OUAKA_PREFECTURE,UK,2026-01-15 08:00:00
42.14,42,OUHAM_PREFECTURE,AC,2026-01-15 08:00:00
42.15,42,OUHAM-PENDE_PREFECTURE,OP,2026-01-15 08:00:00
42.16,42,SANGHA-MBAERE,SE,2026-01-15 08:00:00
42.17,42,VAKAGA_PREFECTURE,VK,2026-01-15 08:00:00
4.22,4,EL_MENIA,NULL,2026-01-15 08:00:00
42.2,42,BANGUI,BGF,2026-01-15 08:00:00
4.23,4,EL_OUED,NULL,2026-01-15 08:00:00
42.3,42,BASSE-KOTTO_PREFECTURE,BK,2026-01-15 08:00:00
4.24,4,EL_TARF,NULL,2026-01-15 08:00:00
42.4,42,HAUT-MBOMOU_PREFECTURE,HM,2026-01-15 08:00:00
4.25,4,GHARDAIA,NULL,2026-01-15 08:00:00
42.5,42,HAUTE-KOTTO_PREFECTURE,HK,2026-01-15 08:00:00
4.26,4,GUELMA,NULL,2026-01-15 08:00:00
42.6,42,KEMO_PREFECTURE,KG,2026-01-15 08:00:00
4.27,4,ILLIZI,NULL,2026-01-15 08:00:00
42.7,42,LOBAYE_PREFECTURE,LB,2026-01-15 08:00:00
4.28,4,IN_GUEZZAM,NULL,2026-01-15 08:00:00
42.8,42,MAMBERE-KADEI,HS,2026-01-15 08:00:00
4.29,4,IN_SALAH,NULL,2026-01-15 08:00:00
42.9,42,MBOMOU_PREFECTURE,MB,2026-01-15 08:00:00
4.3,4,AIN_TEMOUCHENT,NULL,2026-01-15 08:00:00
4.30,4,JIJEL,NULL,2026-01-15 08:00:00
4.31,4,KHENCHELA,NULL,2026-01-15 08:00:00
43.1,43,BAHR_EL_GAZEL,BG,2026-01-15 08:00:00
43.10,43,LAC,LC,2026-01-15 08:00:00
43.11,43,LOGONE_OCCIDENTAL,LO,2026-01-15 08:00:00
43.12,43,LOGONE_ORIENTAL,LR,2026-01-15 08:00:00
43.13,43,MANDOUL,MA,2026-01-15 08:00:00
43.14,43,MAYO-KEBBI_EST,ME,2026-01-15 08:00:00
43.15,43,MAYO-KEBBI_OUEST,MO,2026-01-15 08:00:00
43.16,43,MOYEN-CHARI,MC,2026-01-15 08:00:00
43.17,43,N'DJAMENA,ND,2026-01-15 08:00:00
43.18,43,OUADDAI,OD,2026-01-15 08:00:00
43.19,43,SALAMAT,SA,2026-01-15 08:00:00
4.32,4,LAGHOUAT,NULL,2026-01-15 08:00:00
43.2,43,BATHA,BA,2026-01-15 08:00:00
43.20,43,SILA,SI,2026-01-15 08:00:00
43.21,43,TANDJILE,TA,2026-01-15 08:00:00
43.22,43,TIBESTI,TI,2026-01-15 08:00:00
43.23,43,WADI_FIRA,WF,2026-01-15 08:00:00
4.33,4,M'SILA,NULL,2026-01-15 08:00:00
43.3,43,BORKOU,BO,2026-01-15 08:00:00
4.34,4,MASCARA,NULL,2026-01-15 08:00:00
43.4,43,CHARI-BAGUIRMI,CB,2026-01-15 08:00:00
4.35,4,MEDEA,NULL,2026-01-15 08:00:00
43.5,43,ENNEDI-EST,EE,2026-01-15 08:00:00
4.36,4,MILA,NULL,2026-01-15 08:00:00
43.6,43,ENNEDI-OUEST,EO,2026-01-15 08:00:00
4.37,4,MOSTAGANEM,NULL,2026-01-15 08:00:00
43.7,43,GUERA,GR,2026-01-15 08:00:00
4.38,4,NAAMA,NULL,2026-01-15 08:00:00
43.8,43,HADJER-LAMIS,HL,2026-01-15 08:00:00
4.39,4,ORAN,NULL,2026-01-15 08:00:00
43.9,43,KANEM,KA,2026-01-15 08:00:00
4.4,4,ALGIERS,NULL,2026-01-15 08:00:00
4.40,4,OUARGLA,NULL,2026-01-15 08:00:00
4.41,4,OULED_DJELLAL,NULL,2026-01-15 08:00:00
44.1,44,AISEN_DEL_GENERAL_CARLOS_IBANEZ_DEL_CAMPO,AI,2026-01-15 08:00:00
44.10,44,LOS_RIOS,LR,2026-01-15 08:00:00
44.11,44,MAGALLANES_Y_DE_LA_ANTARTICA_CHILENA,MA,2026-01-15 08:00:00
44.12,44,MAULE,ML,2026-01-15 08:00:00
44.13,44,NUBLE,NB,2026-01-15 08:00:00
44.14,44,REGION_METROPOLITANA_DE_SANTIAGO,RM,2026-01-15 08:00:00
44.15,44,TARAPACA,TA,2026-01-15 08:00:00
44.16,44,VALPARAISO,VS,2026-01-15 08:00:00
4.42,4,OUM_EL_BOUAGHI,NULL,2026-01-15 08:00:00
44.2,44,ANTOFAGASTA,AN,2026-01-15 08:00:00
4.43,4,RELIZANE,NULL,2026-01-15 08:00:00
44.3,44,ARICA_Y_PARINACOTA,AP,2026-01-15 08:00:00
4.44,4,SAIDA,NULL,2026-01-15 08:00:00
44.4,44,ATACAMA,AT,2026-01-15 08:00:00
4.45,4,SETIF,NULL,2026-01-15 08:00:00
44.5,44,BIOBIO,BI,2026-01-15 08:00:00
4.46,4,SIDI_BEL_ABBES,NULL,2026-01-15 08:00:00
44.6,44,COQUIMBO,CO,2026-01-15 08:00:00
4.47,4,SKIKDA,NULL,2026-01-15 08:00:00
44.7,44,LA_ARAUCANIA,AR,2026-01-15 08:00:00
4.48,4,SOUK_AHRAS,NULL,2026-01-15 08:00:00
44.8,44,LIBERTADOR_GENERAL_BERNARDO_O'HIGGINS,LI,2026-01-15 08:00:00
4.49,4,TAMANGHASSET,NULL,2026-01-15 08:00:00
44.9,44,LOS_LAGOS,LL,2026-01-15 08:00:00
4.5,4,ANNABA,NULL,2026-01-15 08:00:00
4.50,4,TEBESSA,NULL,2026-01-15 08:00:00
4.51,4,TIARET,NULL,2026-01-15 08:00:00
45.1,45,ANHUI,AH,2026-01-15 08:00:00
45.10,45,HEBEI,HE,2026-01-15 08:00:00
45.11,45,HEILONGJIANG,HL,2026-01-15 08:00:00
45.12,45,HENAN,HA,2026-01-15 08:00:00
45.13,45,HONG_KONG_SAR,HK,2026-01-15 08:00:00
45.14,45,HUBEI,HB,2026-01-15 08:00:00
45.15,45,HUNAN,HN,2026-01-15 08:00:00
45.16,45,INNER_MONGOLIA,NM,2026-01-15 08:00:00
45.17,45,JIANGSU,JS,2026-01-15 08:00:00
45.18,45,JIANGXI,JX,2026-01-15 08:00:00
45.19,45,JILIN,JL,2026-01-15 08:00:00
4.52,4,TIMIMOUN,NULL,2026-01-15 08:00:00
45.2,45,BEIJING,BJ,2026-01-15 08:00:00
45.20,45,LIAONING,LN,2026-01-15 08:00:00
45.21,45,MACAU_SAR,MO,2026-01-15 08:00:00
45.22,45,NINGXIA_HUIZU,NX,2026-01-15 08:00:00
45.23,45,QINGHAI,QH,2026-01-15 08:00:00
45.24,45,SHAANXI,SN,2026-01-15 08:00:00
45.25,45,SHANDONG,SD,2026-01-15 08:00:00
45.26,45,SHANGHAI,SH,2026-01-15 08:00:00
45.27,45,SHANXI,SX,2026-01-15 08:00:00
45.28,45,SICHUAN,SC,2026-01-15 08:00:00
45.29,45,TAIWAN,TW,2026-01-15 08:00:00
4.53,4,TINDOUF,NULL,2026-01-15 08:00:00
45.3,45,CHONGQING,CQ,2026-01-15 08:00:00
45.30,45,TIANJIN,TJ,2026-01-15 08:00:00
45.31,45,XINJIANG,XJ,2026-01-15 08:00:00
45.32,45,XIZANG,XZ,2026-01-15 08:00:00
45.33,45,YUNNAN,YN,2026-01-15 08:00:00
45.34,45,ZHEJIANG,ZJ,2026-01-15 08:00:00
4.54,4,TIPASA,NULL,2026-01-15 08:00:00
45.4,45,FUJIAN,FJ,2026-01-15 08:00:00
4.55,4,TISSEMSILT,NULL,2026-01-15 08:00:00
45.5,45,GANSU,GS,2026-01-15 08:00:00
4.56,4,TIZI_OUZOU,NULL,2026-01-15 08:00:00
45.6,45,GUANGDONG,GD,2026-01-15 08:00:00
4.57,4,TLEMCEN,NULL,2026-01-15 08:00:00
45.7,45,GUANGXI_ZHUANG,GX,2026-01-15 08:00:00
4.58,4,TOUGGOURT,NULL,2026-01-15 08:00:00
45.8,45,GUIZHOU,GZ,2026-01-15 08:00:00
45.9,45,HAINAN,HI,2026-01-15 08:00:00
4.6,4,BATNA,NULL,2026-01-15 08:00:00
4.7,4,BECHAR,NULL,2026-01-15 08:00:00
4.8,4,BEJAIA,NULL,2026-01-15 08:00:00
48.1,48,AMAZONAS,AMA,2026-01-15 08:00:00
48.10,48,CAQUETA,CAQ,2026-01-15 08:00:00
48.11,48,CASANARE,CAS,2026-01-15 08:00:00
48.12,48,CAUCA,CAU,2026-01-15 08:00:00
48.13,48,CESAR,CES,2026-01-15 08:00:00
48.14,48,CHOCO,CHO,2026-01-15 08:00:00
48.15,48,CORDOBA,COR,2026-01-15 08:00:00
48.16,48,CUNDINAMARCA,CUN,2026-01-15 08:00:00
48.17,48,GUAINIA,GUA,2026-01-15 08:00:00
48.18,48,GUAVIARE,GUV,2026-01-15 08:00:00
48.19,48,HUILA,HUI,2026-01-15 08:00:00
48.2,48,ANTIOQUIA,ANT,2026-01-15 08:00:00
48.20,48,LA_GUAJIRA,LAG,2026-01-15 08:00:00
48.21,48,MAGDALENA,MAG,2026-01-15 08:00:00
48.22,48,META,MET,2026-01-15 08:00:00
48.23,48,NARINO,NAR,2026-01-15 08:00:00
48.24,48,NORTE_DE_SANTANDER,NSA,2026-01-15 08:00:00
48.25,48,PUTUMAYO,PUT,2026-01-15 08:00:00
48.26,48,QUINDIO,QUI,2026-01-15 08:00:00
48.27,48,RISARALDA,RIS,2026-01-15 08:00:00
48.28,48,SANTANDER,SAN,2026-01-15 08:00:00
48.29,48,SUCRE,SUC,2026-01-15 08:00:00
48.3,48,ARAUCA,ARA,2026-01-15 08:00:00
48.30,48,TOLIMA,TOL,2026-01-15 08:00:00
48.31,48,VALLE_DEL_CAUCA,VAC,2026-01-15 08:00:00
48.32,48,VAUPES,VAU,2026-01-15 08:00:00
48.33,48,VICHADA,VID,2026-01-15 08:00:00
48.4,48,"ARCHIPIELAGO_DE_SAN_ANDRES,_PROVIDENCIA_Y_SANTA_CATALINA",SAP,2026-01-15 08:00:00
48.5,48,ATLANTICO,ATL,2026-01-15 08:00:00
48.6,48,BOGOTA_D.C.,DC,2026-01-15 08:00:00
48.7,48,BOLIVAR,BOL,2026-01-15 08:00:00
48.8,48,BOYACA,BOY,2026-01-15 08:00:00
48.9,48,CALDAS,CAL,2026-01-15 08:00:00
4.9,4,BENI_ABBES,NULL,2026-01-15 08:00:00
49.1,49,ANJOUAN,A,2026-01-15 08:00:00
49.2,49,GRANDE_COMORE,G,2026-01-15 08:00:00
49.3,49,MOHELI,M,2026-01-15 08:00:00
50.1,50,BOUENZA_DEPARTMENT,NULL,2026-01-15 08:00:00
50.10,50,POINTE-NOIRE,NULL,2026-01-15 08:00:00
50.11,50,POOL_DEPARTMENT,NULL,2026-01-15 08:00:00
50.12,50,SANGHA_DEPARTMENT,NULL,2026-01-15 08:00:00
50.2,50,BRAZZAVILLE,BZV,2026-01-15 08:00:00
50.3,50,CUVETTE_DEPARTMENT,NULL,2026-01-15 08:00:00
50.4,50,CUVETTE-OUEST_DEPARTMENT,NULL,2026-01-15 08:00:00
50.5,50,KOUILOU_DEPARTMENT,NULL,2026-01-15 08:00:00
50.6,50,LEKOUMOU_DEPARTMENT,NULL,2026-01-15 08:00:00
50.7,50,LIKOUALA_DEPARTMENT,NULL,2026-01-15 08:00:00
50.8,50,NIARI_DEPARTMENT,NULL,2026-01-15 08:00:00
50.9,50,PLATEAUX_DEPARTMENT,NULL,2026-01-15 08:00:00
51.1,51,BAS-UELE,BU,2026-01-15 08:00:00
51.10,51,KINSHASA,KN,2026-01-15 08:00:00
51.11,51,KONGO_CENTRAL,BC,2026-01-15 08:00:00
51.12,51,KWANGO,KG,2026-01-15 08:00:00
51.13,51,KWILU,KL,2026-01-15 08:00:00
51.14,51,LOMAMI,LO,2026-01-15 08:00:00
51.15,51,LUALABA,LU,2026-01-15 08:00:00
51.16,51,MAI-NDOMBE,MN,2026-01-15 08:00:00
51.17,51,MANIEMA,MA,2026-01-15 08:00:00
51.18,51,MONGALA,MO,2026-01-15 08:00:00
51.19,51,NORD-KIVU,NK,2026-01-15 08:00:00
51.2,51,EQUATEUR,EQ,2026-01-15 08:00:00
51.20,51,NORD-UBANGI,NU,2026-01-15 08:00:00
51.21,51,SANKURU,SA,2026-01-15 08:00:00
51.22,51,SUD-KIVU,SK,2026-01-15 08:00:00
51.23,51,SUD-UBANGI,SU,2026-01-15 08:00:00
51.24,51,TANGANYIKA,TA,2026-01-15 08:00:00
51.25,51,TSHOPO,TO,2026-01-15 08:00:00
51.26,51,TSHUAPA,TU,2026-01-15 08:00:00
51.3,51,HAUT-KATANGA,HK,2026-01-15 08:00:00
51.4,51,HAUT-LOMAMI,HL,2026-01-15 08:00:00
51.5,51,HAUT-UELE,HU,2026-01-15 08:00:00
51.6,51,ITURI,IT,2026-01-15 08:00:00
51.7,51,KASAI,KS,2026-01-15 08:00:00
51.8,51,KASAI_CENTRAL,KC,2026-01-15 08:00:00
51.9,51,KASAI_ORIENTAL,KE,2026-01-15 08:00:00
53.1,53,ALAJUELA_PROVINCE,A,2026-01-15 08:00:00
53.2,53,GUANACASTE_PROVINCE,G,2026-01-15 08:00:00
53.3,53,HEREDIA_PROVINCE,H,2026-01-15 08:00:00
53.4,53,LIMON_PROVINCE,L,2026-01-15 08:00:00
53.5,53,PROVINCIA_DE_CARTAGO,C,2026-01-15 08:00:00
53.6,53,PUNTARENAS_PROVINCE,P,2026-01-15 08:00:00
53.7,53,SAN_JOSE_PROVINCE,SJ,2026-01-15 08:00:00
54.1,54,ABIDJAN,AB,2026-01-15 08:00:00
54.10,54,FROMAGER,NULL,2026-01-15 08:00:00
54.11,54,GOH-DJIBOUA_DISTRICT,GD,2026-01-15 08:00:00
54.12,54,HAUT-SASSANDRA,NULL,2026-01-15 08:00:00
54.13,54,LACS_DISTRICT,LC,2026-01-15 08:00:00
54.14,54,LACS_REGION,NULL,2026-01-15 08:00:00
54.15,54,LAGUNES_DISTRICT,LG,2026-01-15 08:00:00
54.16,54,LAGUNES_REGION,NULL,2026-01-15 08:00:00
54.17,54,MARAHOUE_REGION,NULL,2026-01-15 08:00:00
54.18,54,MONTAGNES_DISTRICT,MG,2026-01-15 08:00:00
54.19,54,MOYEN-CAVALLY,NULL,2026-01-15 08:00:00
54.2,54,AGNEBY,NULL,2026-01-15 08:00:00
54.20,54,MOYEN-COMOE,NULL,2026-01-15 08:00:00
54.21,54,N'ZI-COMOE,NULL,2026-01-15 08:00:00
54.22,54,SASSANDRA-MARAHOUE_DISTRICT,SM,2026-01-15 08:00:00
54.23,54,SAVANES_REGION,NULL,2026-01-15 08:00:00
54.24,54,SUD-BANDAMA,NULL,2026-01-15 08:00:00
54.25,54,SUD-COMOE,NULL,2026-01-15 08:00:00
54.26,54,VALLEE_DU_BANDAMA_DISTRICT,VB,2026-01-15 08:00:00
54.27,54,VALLEE_DU_BANDAMA_REGION,NULL,2026-01-15 08:00:00
54.28,54,WOROBA_DISTRICT,WR,2026-01-15 08:00:00
54.29,54,WORODOUGOU,NULL,2026-01-15 08:00:00
54.3,54,BAFING_REGION,NULL,2026-01-15 08:00:00
54.30,54,YAMOUSSOUKRO,YM,2026-01-15 08:00:00
54.31,54,ZANZAN_REGION,ZZ,2026-01-15 08:00:00
54.4,54,BAS-SASSANDRA_DISTRICT,BS,2026-01-15 08:00:00
54.5,54,BAS-SASSANDRA_REGION,NULL,2026-01-15 08:00:00
54.6,54,COMOE_DISTRICT,CM,2026-01-15 08:00:00
54.7,54,DENGUELE_DISTRICT,DN,2026-01-15 08:00:00
54.8,54,DENGUELE_REGION,NULL,2026-01-15 08:00:00
54.9,54,DIX-HUIT_MONTAGNES,NULL,2026-01-15 08:00:00
55.1,55,BJELOVAR-BILOGORA,NULL,2026-01-15 08:00:00
55.10,55,OSIJEK-BARANJA,NULL,2026-01-15 08:00:00
55.11,55,POZEGA-SLAVONIA,NULL,2026-01-15 08:00:00
55.12,55,PRIMORJE-GORSKI_KOTAR,NULL,2026-01-15 08:00:00
55.13,55,SIBENIK-KNIN,NULL,2026-01-15 08:00:00
55.14,55,SISAK-MOSLAVINA,NULL,2026-01-15 08:00:00
55.15,55,SPLIT-DALMATIA,NULL,2026-01-15 08:00:00
55.16,55,VARAZDIN,NULL,2026-01-15 08:00:00
55.17,55,VIROVITICA-PODRAVINA,NULL,2026-01-15 08:00:00
55.18,55,VUKOVAR-SYRMIA,NULL,2026-01-15 08:00:00
55.19,55,ZADAR,NULL,2026-01-15 08:00:00
55.2,55,BROD-POSAVINA,NULL,2026-01-15 08:00:00
55.20,55,ZAGREB,NULL,2026-01-15 08:00:00
55.21,55,ZAGREB,NULL,2026-01-15 08:00:00
55.3,55,DUBROVNIK-NERETVA,NULL,2026-01-15 08:00:00
55.4,55,ISTRIA,NULL,2026-01-15 08:00:00
55.5,55,KARLOVAC,NULL,2026-01-15 08:00:00
55.6,55,KOPRIVNICA-KRIZEVCI,NULL,2026-01-15 08:00:00
55.7,55,KRAPINA-ZAGORJE,NULL,2026-01-15 08:00:00
55.8,55,LIKA-SENJ,NULL,2026-01-15 08:00:00
55.9,55,MEDIMURJE,NULL,2026-01-15 08:00:00
56.1,56,ARTEMISA_PROVINCE,NULL,2026-01-15 08:00:00
56.10,56,LAS_TUNAS_PROVINCE,NULL,2026-01-15 08:00:00
56.11,56,MATANZAS_PROVINCE,NULL,2026-01-15 08:00:00
56.12,56,MAYABEQUE_PROVINCE,NULL,2026-01-15 08:00:00
56.13,56,PINAR_DEL_RIO_PROVINCE,NULL,2026-01-15 08:00:00
56.14,56,SANCTI_SPIRITUS_PROVINCE,NULL,2026-01-15 08:00:00
56.15,56,SANTIAGO_DE_CUBA_PROVINCE,NULL,2026-01-15 08:00:00
56.16,56,VILLA_CLARA_PROVINCE,NULL,2026-01-15 08:00:00
56.2,56,CAMAGUEY_PROVINCE,NULL,2026-01-15 08:00:00
56.3,56,CIEGO_DE_AVILA_PROVINCE,NULL,2026-01-15 08:00:00
56.4,56,CIENFUEGOS_PROVINCE,NULL,2026-01-15 08:00:00
56.5,56,GRANMA_PROVINCE,NULL,2026-01-15 08:00:00
56.6,56,GUANTANAMO_PROVINCE,NULL,2026-01-15 08:00:00
56.7,56,HAVANA_PROVINCE,NULL,2026-01-15 08:00:00
56.8,56,HOLGUIN_PROVINCE,NULL,2026-01-15 08:00:00
56.9,56,ISLA_DE_LA_JUVENTUD,NULL,2026-01-15 08:00:00
57.1,57,FAMAGUSTA_DISTRICT_(MAGUSA),NULL,2026-01-15 08:00:00
57.2,57,KYRENIA_DISTRICT_(KERYNEIA),NULL,2026-01-15 08:00:00
57.3,57,LARNACA_DISTRICT_(LARNAKA),NULL,2026-01-15 08:00:00
57.4,57,LIMASSOL_DISTRICT_(LEYMASUN),NULL,2026-01-15 08:00:00
57.5,57,NICOSIA_DISTRICT_(LEFKOSA),NULL,2026-01-15 08:00:00
57.6,57,PAPHOS_DISTRICT_(PAFOS),NULL,2026-01-15 08:00:00
58.1,58,BENESOV,NULL,2026-01-15 08:00:00
58.10,58,CESKY_KRUMLOV,NULL,2026-01-15 08:00:00
58.11,58,CHEB,NULL,2026-01-15 08:00:00
58.12,58,CHOMUTOV,NULL,2026-01-15 08:00:00
58.13,58,CHRUDIM,NULL,2026-01-15 08:00:00
58.14,58,DECIN,NULL,2026-01-15 08:00:00
58.15,58,DOMAZLICE,NULL,2026-01-15 08:00:00
58.16,58,FRYDEK-MISTEK,NULL,2026-01-15 08:00:00
58.17,58,HAVLICKUV_BROD,NULL,2026-01-15 08:00:00
58.18,58,HODONIN,NULL,2026-01-15 08:00:00
58.19,58,HRADEC_KRALOVE,NULL,2026-01-15 08:00:00
58.2,58,BEROUN,NULL,2026-01-15 08:00:00
58.20,58,JABLONEC_NAD_NISOU,NULL,2026-01-15 08:00:00
58.21,58,JESENIK,NULL,2026-01-15 08:00:00
58.22,58,JICIN,NULL,2026-01-15 08:00:00
58.23,58,JIHLAVA,NULL,2026-01-15 08:00:00
58.24,58,JIHOCESKY_KRAJ,NULL,2026-01-15 08:00:00
58.25,58,JIHOMORAVSKY_KRAJ,NULL,2026-01-15 08:00:00
58.26,58,JINDRICHUV_HRADEC,NULL,2026-01-15 08:00:00
58.27,58,KARLOVARSKY_KRAJ,NULL,2026-01-15 08:00:00
58.28,58,KARLOVY_VARY,NULL,2026-01-15 08:00:00
58.29,58,KARVINA,NULL,2026-01-15 08:00:00
58.3,58,BLANSKO,NULL,2026-01-15 08:00:00
58.30,58,KLADNO,NULL,2026-01-15 08:00:00
58.31,58,KLATOVY,NULL,2026-01-15 08:00:00
58.32,58,KOLIN,NULL,2026-01-15 08:00:00
58.33,58,KRAJ_VYSOCINA,NULL,2026-01-15 08:00:00
58.34,58,KRALOVEHRADECKY_KRAJ,NULL,2026-01-15 08:00:00
58.35,58,KROMERIZ,NULL,2026-01-15 08:00:00
58.36,58,KUTNA_HORA,NULL,2026-01-15 08:00:00
58.37,58,LIBEREC,NULL,2026-01-15 08:00:00
58.38,58,LIBERECKY_KRAJ,NULL,2026-01-15 08:00:00
58.39,58,LITOMERICE,NULL,2026-01-15 08:00:00
58.4,58,BRECLAV,NULL,2026-01-15 08:00:00
58.40,58,LOUNY,NULL,2026-01-15 08:00:00
58.41,58,MELNIK,NULL,2026-01-15 08:00:00
58.42,58,MLADA_BOLESLAV,NULL,2026-01-15 08:00:00
58.43,58,MORAVSKOSLEZSKY_KRAJ,NULL,2026-01-15 08:00:00
58.44,58,MOST,NULL,2026-01-15 08:00:00
58.45,58,NACHOD,NULL,2026-01-15 08:00:00
58.46,58,NOVY_JICIN,NULL,2026-01-15 08:00:00
58.47,58,NYMBURK,NULL,2026-01-15 08:00:00
58.48,58,OLOMOUC,NULL,2026-01-15 08:00:00
58.49,58,OLOMOUCKY_KRAJ,NULL,2026-01-15 08:00:00
58.5,58,BRNO-MESTO,NULL,2026-01-15 08:00:00
58.50,58,OPAVA,NULL,2026-01-15 08:00:00
58.51,58,OSTRAVA-MESTO,NULL,2026-01-15 08:00:00
58.52,58,PARDUBICE,NULL,2026-01-15 08:00:00
58.53,58,PARDUBICKY_KRAJ,NULL,2026-01-15 08:00:00
58.54,58,PELHRIMOV,NULL,2026-01-15 08:00:00
58.55,58,PISEK,NULL,2026-01-15 08:00:00
58.56,58,PLZEN-JIH,NULL,2026-01-15 08:00:00
58.57,58,PLZEN-MESTO,NULL,2026-01-15 08:00:00
58.58,58,PLZEN-SEVER,NULL,2026-01-15 08:00:00
58.59,58,PLZENSKY_KRAJ,NULL,2026-01-15 08:00:00
58.6,58,BRNO-VENKOV,NULL,2026-01-15 08:00:00
58.60,58,PRACHATICE,NULL,2026-01-15 08:00:00
58.61,58,PRAHA-VYCHOD,NULL,2026-01-15 08:00:00
58.62,58,PRAHA-ZAPAD,20A,2026-01-15 08:00:00
58.63,58,"PRAHA,_HLAVNI_MESTO",NULL,2026-01-15 08:00:00
58.64,58,PREROV,NULL,2026-01-15 08:00:00
58.65,58,PRIBRAM,20B,2026-01-15 08:00:00
58.66,58,PROSTEJOV,NULL,2026-01-15 08:00:00
58.67,58,RAKOVNIK,20C,2026-01-15 08:00:00
58.68,58,ROKYCANY,NULL,2026-01-15 08:00:00
58.69,58,RYCHNOV_NAD_KNEZNOU,NULL,2026-01-15 08:00:00
58.7,58,BRUNTAL,NULL,2026-01-15 08:00:00
58.70,58,SEMILY,NULL,2026-01-15 08:00:00
58.71,58,SOKOLOV,NULL,2026-01-15 08:00:00
58.72,58,STRAKONICE,NULL,2026-01-15 08:00:00
58.73,58,STREDOCESKY_KRAJ,NULL,2026-01-15 08:00:00
58.74,58,SUMPERK,NULL,2026-01-15 08:00:00
58.75,58,SVITAVY,NULL,2026-01-15 08:00:00
58.76,58,TABOR,NULL,2026-01-15 08:00:00
58.77,58,TACHOV,NULL,2026-01-15 08:00:00
58.78,58,TEPLICE,NULL,2026-01-15 08:00:00
58.79,58,TREBIC,NULL,2026-01-15 08:00:00
58.8,58,CESKA_LIPA,NULL,2026-01-15 08:00:00
58.80,58,TRUTNOV,NULL,2026-01-15 08:00:00
58.81,58,UHERSKE_HRADISTE,NULL,2026-01-15 08:00:00
58.82,58,USTECKY_KRAJ,NULL,2026-01-15 08:00:00
58.83,58,USTI_NAD_LABEM,NULL,2026-01-15 08:00:00
58.84,58,USTI_NAD_ORLICI,NULL,2026-01-15 08:00:00
58.85,58,VSETIN,NULL,2026-01-15 08:00:00
58.86,58,VYSKOV,NULL,2026-01-15 08:00:00
58.87,58,ZDAR_NAD_SAZAVOU,NULL,2026-01-15 08:00:00
58.88,58,ZLIN,NULL,2026-01-15 08:00:00
58.89,58,ZLINSKY_KRAJ,NULL,2026-01-15 08:00:00
58.9,58,CESKE_BUDEJOVICE,NULL,2026-01-15 08:00:00
58.90,58,ZNOJMO,NULL,2026-01-15 08:00:00
59.1,59,CAPITAL_REGION_OF_DENMARK,NULL,2026-01-15 08:00:00
59.2,59,CENTRAL_DENMARK_REGION,NULL,2026-01-15 08:00:00
59.3,59,NORTH_DENMARK_REGION,NULL,2026-01-15 08:00:00
59.4,59,REGION_OF_SOUTHERN_DENMARK,NULL,2026-01-15 08:00:00
59.5,59,REGION_ZEALAND,NULL,2026-01-15 08:00:00
60.1,60,ALI_SABIEH_REGION,AS,2026-01-15 08:00:00
60.2,60,ARTA_REGION,AR,2026-01-15 08:00:00
60.3,60,DIKHIL_REGION,DI,2026-01-15 08:00:00
60.4,60,DJIBOUTI,DJ,2026-01-15 08:00:00
60.5,60,OBOCK_REGION,OB,2026-01-15 08:00:00
60.6,60,TADJOURAH_REGION,TA,2026-01-15 08:00:00
6.1,6,ANDORRA_LA_VELLA,NULL,2026-01-15 08:00:00
61.1,61,SAINT_ANDREW_PARISH,NULL,2026-01-15 08:00:00
61.10,61,SAINT_PETER_PARISH,NULL,2026-01-15 08:00:00
61.2,61,SAINT_DAVID_PARISH,NULL,2026-01-15 08:00:00
61.3,61,SAINT_GEORGE_PARISH,NULL,2026-01-15 08:00:00
61.4,61,SAINT_JOHN_PARISH,NULL,2026-01-15 08:00:00
61.5,61,SAINT_JOSEPH_PARISH,NULL,2026-01-15 08:00:00
61.6,61,SAINT_LUKE_PARISH,NULL,2026-01-15 08:00:00
61.7,61,SAINT_MARK_PARISH,NULL,2026-01-15 08:00:00
61.8,61,SAINT_PATRICK_PARISH,NULL,2026-01-15 08:00:00
61.9,61,SAINT_PAUL_PARISH,NULL,2026-01-15 08:00:00
6.2,6,CANILLO,NULL,2026-01-15 08:00:00
62.1,62,AZUA_PROVINCE,NULL,2026-01-15 08:00:00
62.10,62,HERMANAS_MIRABAL_PROVINCE,NULL,2026-01-15 08:00:00
62.11,62,INDEPENDENCIA,NULL,2026-01-15 08:00:00
62.12,62,LA_ALTAGRACIA_PROVINCE,NULL,2026-01-15 08:00:00
62.13,62,LA_ROMANA_PROVINCE,NULL,2026-01-15 08:00:00
62.14,62,LA_VEGA_PROVINCE,NULL,2026-01-15 08:00:00
62.15,62,MARIA_TRINIDAD_SANCHEZ_PROVINCE,NULL,2026-01-15 08:00:00
62.16,62,MONSENOR_NOUEL_PROVINCE,NULL,2026-01-15 08:00:00
62.17,62,MONTE_CRISTI_PROVINCE,NULL,2026-01-15 08:00:00
62.18,62,MONTE_PLATA_PROVINCE,NULL,2026-01-15 08:00:00
62.19,62,PEDERNALES_PROVINCE,NULL,2026-01-15 08:00:00
62.2,62,BAORUCO_PROVINCE,NULL,2026-01-15 08:00:00
62.20,62,PERAVIA_PROVINCE,NULL,2026-01-15 08:00:00
62.21,62,PUERTO_PLATA_PROVINCE,NULL,2026-01-15 08:00:00
62.22,62,SAMANA_PROVINCE,NULL,2026-01-15 08:00:00
62.23,62,SAN_CRISTOBAL_PROVINCE,NULL,2026-01-15 08:00:00
62.24,62,SAN_JOSE_DE_OCOA_PROVINCE,NULL,2026-01-15 08:00:00
62.25,62,SAN_JUAN_PROVINCE,NULL,2026-01-15 08:00:00
62.26,62,SAN_PEDRO_DE_MACORIS,NULL,2026-01-15 08:00:00
62.27,62,SANCHEZ_RAMIREZ_PROVINCE,NULL,2026-01-15 08:00:00
62.28,62,SANTIAGO_PROVINCE,NULL,2026-01-15 08:00:00
62.29,62,SANTIAGO_RODRIGUEZ_PROVINCE,NULL,2026-01-15 08:00:00
62.3,62,BARAHONA_PROVINCE,NULL,2026-01-15 08:00:00
62.30,62,SANTO_DOMINGO_PROVINCE,NULL,2026-01-15 08:00:00
62.31,62,VALVERDE_PROVINCE,NULL,2026-01-15 08:00:00
62.4,62,DAJABON_PROVINCE,NULL,2026-01-15 08:00:00
62.5,62,DISTRITO_NACIONAL,NULL,2026-01-15 08:00:00
62.6,62,DUARTE_PROVINCE,NULL,2026-01-15 08:00:00
62.7,62,EL_SEIBO_PROVINCE,NULL,2026-01-15 08:00:00
62.8,62,ESPAILLAT_PROVINCE,NULL,2026-01-15 08:00:00
62.9,62,HATO_MAYOR_PROVINCE,NULL,2026-01-15 08:00:00
6.3,6,ENCAMP,NULL,2026-01-15 08:00:00
63.1,63,AILEU_MUNICIPALITY,AL,2026-01-15 08:00:00
63.10,63,MANATUTO_DISTRICT,MT,2026-01-15 08:00:00
63.11,63,MANUFAHI_MUNICIPALITY,MF,2026-01-15 08:00:00
63.12,63,VIQUEQUE_MUNICIPALITY,VI,2026-01-15 08:00:00
63.2,63,AINARO_MUNICIPALITY,AN,2026-01-15 08:00:00
63.3,63,BAUCAU_MUNICIPALITY,BA,2026-01-15 08:00:00
63.4,63,BOBONARO_MUNICIPALITY,BO,2026-01-15 08:00:00
63.5,63,COVA_LIMA_MUNICIPALITY,CO,2026-01-15 08:00:00
63.6,63,DILI_MUNICIPALITY,DI,2026-01-15 08:00:00
63.7,63,ERMERA_DISTRICT,ER,2026-01-15 08:00:00
63.8,63,LAUTEM_MUNICIPALITY,LA,2026-01-15 08:00:00
63.9,63,LIQUICA_MUNICIPALITY,LI,2026-01-15 08:00:00
6.4,6,ESCALDES-ENGORDANY,NULL,2026-01-15 08:00:00
64.1,64,AZUAY,A,2026-01-15 08:00:00
64.10,64,GUAYAS,G,2026-01-15 08:00:00
64.11,64,IMBABURA,I,2026-01-15 08:00:00
64.12,64,LOJA,L,2026-01-15 08:00:00
64.13,64,LOS_RIOS,R,2026-01-15 08:00:00
64.14,64,MANABI,M,2026-01-15 08:00:00
64.15,64,MORONA-SANTIAGO,S,2026-01-15 08:00:00
64.16,64,NAPO,N,2026-01-15 08:00:00
64.17,64,ORELLANA,D,2026-01-15 08:00:00
64.18,64,PASTAZA,Y,2026-01-15 08:00:00
64.19,64,PICHINCHA,P,2026-01-15 08:00:00
64.2,64,BOLIVAR,B,2026-01-15 08:00:00
64.20,64,SANTA_ELENA,SE,2026-01-15 08:00:00
64.21,64,SANTO_DOMINGO_DE_LOS_TSACHILAS,SD,2026-01-15 08:00:00
64.22,64,SUCUMBIOS,U,2026-01-15 08:00:00
64.23,64,TUNGURAHUA,T,2026-01-15 08:00:00
64.24,64,ZAMORA_CHINCHIPE,Z,2026-01-15 08:00:00
64.3,64,CANAR,F,2026-01-15 08:00:00
64.4,64,CARCHI,C,2026-01-15 08:00:00
64.5,64,CHIMBORAZO,H,2026-01-15 08:00:00
64.6,64,COTOPAXI,X,2026-01-15 08:00:00
64.7,64,EL_ORO,O,2026-01-15 08:00:00
64.8,64,ESMERALDAS,E,2026-01-15 08:00:00
64.9,64,GALAPAGOS,W,2026-01-15 08:00:00
6.5,6,LA_MASSANA,NULL,2026-01-15 08:00:00
65.1,65,ALEXANDRIA,ALX,2026-01-15 08:00:00
65.10,65,GHARBIA,GH,2026-01-15 08:00:00
65.11,65,GIZA,GZ,2026-01-15 08:00:00
65.12,65,ISMAILIA,IS,2026-01-15 08:00:00
65.13,65,KAFR_EL-SHEIKH,KFS,2026-01-15 08:00:00
65.14,65,LUXOR,LX,2026-01-15 08:00:00
65.15,65,MATROUH,MT,2026-01-15 08:00:00
65.16,65,MINYA,MN,2026-01-15 08:00:00
65.17,65,MONUFIA,MNF,2026-01-15 08:00:00
65.18,65,NEW_VALLEY,WAD,2026-01-15 08:00:00
65.19,65,NORTH_SINAI,SIN,2026-01-15 08:00:00
65.2,65,ASWAN,ASN,2026-01-15 08:00:00
65.20,65,PORT_SAID,PTS,2026-01-15 08:00:00
65.21,65,QALYUBIA,KB,2026-01-15 08:00:00
65.22,65,QENA,KN,2026-01-15 08:00:00
65.23,65,RED_SEA,BA,2026-01-15 08:00:00
65.24,65,SHARQIA,SHR,2026-01-15 08:00:00
65.25,65,SOHAG,SHG,2026-01-15 08:00:00
65.26,65,SOUTH_SINAI,JS,2026-01-15 08:00:00
65.27,65,SUEZ,SUZ,2026-01-15 08:00:00
65.3,65,ASYUT,AST,2026-01-15 08:00:00
65.4,65,BEHEIRA,BH,2026-01-15 08:00:00
65.5,65,BENI_SUEF,BNS,2026-01-15 08:00:00
65.6,65,CAIRO,C,2026-01-15 08:00:00
65.7,65,DAKAHLIA,DK,2026-01-15 08:00:00
65.8,65,DAMIETTA,DT,2026-01-15 08:00:00
65.9,65,FAIYUM,FYM,2026-01-15 08:00:00
6.6,6,ORDINO,NULL,2026-01-15 08:00:00
66.1,66,AHUACHAPAN_DEPARTMENT,AH,2026-01-15 08:00:00
66.10,66,SAN_SALVADOR_DEPARTMENT,SS,2026-01-15 08:00:00
66.11,66,SAN_VICENTE_DEPARTMENT,SV,2026-01-15 08:00:00
66.12,66,SANTA_ANA_DEPARTMENT,SA,2026-01-15 08:00:00
66.13,66,SONSONATE_DEPARTMENT,SO,2026-01-15 08:00:00
66.14,66,USULUTAN_DEPARTMENT,US,2026-01-15 08:00:00
66.2,66,CABANAS_DEPARTMENT,CA,2026-01-15 08:00:00
66.3,66,CHALATENANGO_DEPARTMENT,CH,2026-01-15 08:00:00
66.4,66,CUSCATLAN_DEPARTMENT,CU,2026-01-15 08:00:00
66.5,66,LA_LIBERTAD_DEPARTMENT,LI,2026-01-15 08:00:00
66.6,66,LA_PAZ_DEPARTMENT,PA,2026-01-15 08:00:00
66.7,66,LA_UNION_DEPARTMENT,UN,2026-01-15 08:00:00
66.8,66,MORAZAN_DEPARTMENT,MO,2026-01-15 08:00:00
66.9,66,SAN_MIGUEL_DEPARTMENT,SM,2026-01-15 08:00:00
6.7,6,SANT_JULIA_DE_LORIA,NULL,2026-01-15 08:00:00
67.1,67,ANNOBON_PROVINCE,AN,2026-01-15 08:00:00
67.2,67,BIOKO_NORTE_PROVINCE,BN,2026-01-15 08:00:00
67.3,67,BIOKO_SUR_PROVINCE,BS,2026-01-15 08:00:00
67.4,67,CENTRO_SUR_PROVINCE,CS,2026-01-15 08:00:00
67.5,67,INSULAR_REGION,I,2026-01-15 08:00:00
67.6,67,KIE-NTEM_PROVINCE,KN,2026-01-15 08:00:00
67.7,67,LITORAL_PROVINCE,LI,2026-01-15 08:00:00
67.8,67,RIO_MUNI,C,2026-01-15 08:00:00
67.9,67,WELE-NZAS_PROVINCE,WN,2026-01-15 08:00:00
68.1,68,ANSEBA_REGION,AN,2026-01-15 08:00:00
68.2,68,DEBUB_REGION,DU,2026-01-15 08:00:00
68.3,68,GASH-BARKA_REGION,GB,2026-01-15 08:00:00
68.4,68,MAEKEL_REGION,MA,2026-01-15 08:00:00
68.5,68,NORTHERN_RED_SEA_REGION,SK,2026-01-15 08:00:00
68.6,68,SOUTHERN_RED_SEA_REGION,DK,2026-01-15 08:00:00
69.1,69,HARJU_COUNTY,NULL,2026-01-15 08:00:00
69.10,69,RAPLA_COUNTY,NULL,2026-01-15 08:00:00
69.11,69,SAARE_COUNTY,NULL,2026-01-15 08:00:00
69.12,69,TARTU_COUNTY,NULL,2026-01-15 08:00:00
69.13,69,VALGA_COUNTY,NULL,2026-01-15 08:00:00
69.14,69,VILJANDI_COUNTY,NULL,2026-01-15 08:00:00
69.15,69,VORU_COUNTY,NULL,2026-01-15 08:00:00
69.2,69,HIIU_COUNTY,NULL,2026-01-15 08:00:00
69.3,69,IDA-VIRU_COUNTY,NULL,2026-01-15 08:00:00
69.4,69,JARVA_COUNTY,NULL,2026-01-15 08:00:00
69.5,69,JOGEVA_COUNTY,NULL,2026-01-15 08:00:00
69.6,69,LAANE_COUNTY,NULL,2026-01-15 08:00:00
69.7,69,LAANE-VIRU_COUNTY,NULL,2026-01-15 08:00:00
69.8,69,PARNU_COUNTY,NULL,2026-01-15 08:00:00
69.9,69,POLVA_COUNTY,NULL,2026-01-15 08:00:00
70.1,70,ADDIS_ABABA,AA,2026-01-15 08:00:00
70.10,70,"SOUTHERN_NATIONS,_NATIONALITIES,_AND_PEOPLES'_REGION",SN,2026-01-15 08:00:00
70.11,70,TIGRAY_REGION,TI,2026-01-15 08:00:00
70.2,70,AFAR_REGION,AF,2026-01-15 08:00:00
70.3,70,AMHARA_REGION,AM,2026-01-15 08:00:00
70.4,70,BENISHANGUL-GUMUZ_REGION,BE,2026-01-15 08:00:00
70.5,70,DIRE_DAWA,DD,2026-01-15 08:00:00
70.6,70,GAMBELA_REGION,GA,2026-01-15 08:00:00
70.7,70,HARARI_REGION,HA,2026-01-15 08:00:00
70.8,70,OROMIA_REGION,OR,2026-01-15 08:00:00
70.9,70,SOMALI_REGION,SO,2026-01-15 08:00:00
7.1,7,BENGO_PROVINCE,BGO,2026-01-15 08:00:00
7.10,7,HUILA_PROVINCE,HUI,2026-01-15 08:00:00
7.11,7,LUANDA_PROVINCE,LUA,2026-01-15 08:00:00
7.12,7,LUNDA_NORTE_PROVINCE,LNO,2026-01-15 08:00:00
7.13,7,LUNDA_SUL_PROVINCE,LSU,2026-01-15 08:00:00
7.14,7,MALANJE_PROVINCE,MAL,2026-01-15 08:00:00
7.15,7,MOXICO_PROVINCE,MOX,2026-01-15 08:00:00
7.16,7,UIGE_PROVINCE,UIG,2026-01-15 08:00:00
7.17,7,ZAIRE_PROVINCE,ZAI,2026-01-15 08:00:00
7.2,7,BENGUELA_PROVINCE,BGU,2026-01-15 08:00:00
7.3,7,BIE_PROVINCE,BIE,2026-01-15 08:00:00
73.1,73,BA,NULL,2026-01-15 08:00:00
73.10,73,NADROGA-NAVOSA,NULL,2026-01-15 08:00:00
73.11,73,NAITASIRI,NULL,2026-01-15 08:00:00
73.12,73,NAMOSI,NULL,2026-01-15 08:00:00
73.13,73,NORTHERN_DIVISION,N,2026-01-15 08:00:00
73.14,73,RA,NULL,2026-01-15 08:00:00
73.15,73,REWA,NULL,2026-01-15 08:00:00
73.16,73,ROTUMA,R,2026-01-15 08:00:00
73.17,73,SERUA,NULL,2026-01-15 08:00:00
73.18,73,TAILEVU,NULL,2026-01-15 08:00:00
73.19,73,WESTERN_DIVISION,W,2026-01-15 08:00:00
73.2,73,BUA,NULL,2026-01-15 08:00:00
73.3,73,CAKAUDROVE,NULL,2026-01-15 08:00:00
73.4,73,CENTRAL_DIVISION,C,2026-01-15 08:00:00
73.5,73,EASTERN_DIVISION,E,2026-01-15 08:00:00
73.6,73,KADAVU,NULL,2026-01-15 08:00:00
73.7,73,LAU,NULL,2026-01-15 08:00:00
73.8,73,LOMAIVITI,NULL,2026-01-15 08:00:00
73.9,73,MACUATA,NULL,2026-01-15 08:00:00
7.4,7,CABINDA_PROVINCE,CAB,2026-01-15 08:00:00
74.1,74,ALAND_ISLANDS,NULL,2026-01-15 08:00:00
74.10,74,NORTHERN_SAVONIA,NULL,2026-01-15 08:00:00
74.11,74,OSTROBOTHNIA,NULL,2026-01-15 08:00:00
74.12,74,PAIJANNE_TAVASTIA,NULL,2026-01-15 08:00:00
74.13,74,PIRKANMAA,NULL,2026-01-15 08:00:00
74.14,74,SATAKUNTA,NULL,2026-01-15 08:00:00
74.15,74,SOUTH_KARELIA,NULL,2026-01-15 08:00:00
74.16,74,SOUTHERN_OSTROBOTHNIA,NULL,2026-01-15 08:00:00
74.17,74,SOUTHERN_SAVONIA,NULL,2026-01-15 08:00:00
74.18,74,TAVASTIA_PROPER,NULL,2026-01-15 08:00:00
74.19,74,UUSIMAA,NULL,2026-01-15 08:00:00
74.2,74,CENTRAL_FINLAND,NULL,2026-01-15 08:00:00
74.3,74,CENTRAL_OSTROBOTHNIA,NULL,2026-01-15 08:00:00
74.4,74,FINLAND_PROPER,NULL,2026-01-15 08:00:00
74.5,74,KAINUU,NULL,2026-01-15 08:00:00
74.6,74,KYMENLAAKSO,NULL,2026-01-15 08:00:00
74.7,74,LAPLAND,NULL,2026-01-15 08:00:00
74.8,74,NORTH_KARELIA,NULL,2026-01-15 08:00:00
74.9,74,NORTHERN_OSTROBOTHNIA,NULL,2026-01-15 08:00:00
7.5,7,CUANDO_CUBANGO_PROVINCE,CCU,2026-01-15 08:00:00
75.1,75,AIN,NULL,2026-01-15 08:00:00
75.10,75,AUBE,NULL,2026-01-15 08:00:00
75.100,75,RHONE,NULL,2026-01-15 08:00:00
75.101,75,SAINT_PIERRE_AND_MIQUELON,PM,2026-01-15 08:00:00
75.102,75,SAINT-BARTHELEMY,BL,2026-01-15 08:00:00
75.103,75,SAINT-MARTIN,MF,2026-01-15 08:00:00
75.104,75,SAONE-ET-LOIRE,NULL,2026-01-15 08:00:00
75.105,75,SARTHE,NULL,2026-01-15 08:00:00
75.106,75,SAVOIE,NULL,2026-01-15 08:00:00
75.107,75,SEINE-ET-MARNE,NULL,2026-01-15 08:00:00
75.108,75,SEINE-MARITIME,NULL,2026-01-15 08:00:00
75.109,75,SEINE-SAINT-DENIS,NULL,2026-01-15 08:00:00
75.11,75,AUDE,NULL,2026-01-15 08:00:00
75.110,75,SOMME,NULL,2026-01-15 08:00:00
75.111,75,TARN,NULL,2026-01-15 08:00:00
75.112,75,TARN-ET-GARONNE,NULL,2026-01-15 08:00:00
75.113,75,TERRITOIRE_DE_BELFORT,NULL,2026-01-15 08:00:00
75.114,75,VAL-D'OISE,NULL,2026-01-15 08:00:00
75.115,75,VAL-DE-MARNE,NULL,2026-01-15 08:00:00
75.116,75,VAR,NULL,2026-01-15 08:00:00
75.117,75,VAUCLUSE,NULL,2026-01-15 08:00:00
75.118,75,VENDEE,NULL,2026-01-15 08:00:00
75.119,75,VIENNE,NULL,2026-01-15 08:00:00
75.12,75,AUVERGNE-RHONE-ALPES,ARA,2026-01-15 08:00:00
75.120,75,VOSGES,NULL,2026-01-15 08:00:00
75.121,75,WALLIS_AND_FUTUNA,WF,2026-01-15 08:00:00
75.122,75,YONNE,NULL,2026-01-15 08:00:00
75.123,75,YVELINES,NULL,2026-01-15 08:00:00
75.13,75,AVEYRON,NULL,2026-01-15 08:00:00
75.14,75,BAS-RHIN,NULL,2026-01-15 08:00:00
75.15,75,BOUCHES-DU-RHONE,NULL,2026-01-15 08:00:00
75.16,75,BOURGOGNE-FRANCHE-COMTE,BFC,2026-01-15 08:00:00
75.17,75,BRETAGNE,BRE,2026-01-15 08:00:00
75.18,75,CALVADOS,NULL,2026-01-15 08:00:00
75.19,75,CANTAL,NULL,2026-01-15 08:00:00
75.2,75,AISNE,NULL,2026-01-15 08:00:00
75.20,75,CENTRE-VAL_DE_LOIRE,CVL,2026-01-15 08:00:00
75.21,75,CHARENTE,NULL,2026-01-15 08:00:00
75.22,75,CHARENTE-MARITIME,NULL,2026-01-15 08:00:00
75.23,75,CHER,NULL,2026-01-15 08:00:00
75.24,75,CLIPPERTON,CP,2026-01-15 08:00:00
75.25,75,CORREZE,NULL,2026-01-15 08:00:00
75.26,75,CORSE,20R,2026-01-15 08:00:00
75.27,75,CORSE-DU-SUD,2A,2026-01-15 08:00:00
75.28,75,COTE-D'OR,NULL,2026-01-15 08:00:00
75.29,75,COTES-D'ARMOR,NULL,2026-01-15 08:00:00
75.3,75,ALLIER,NULL,2026-01-15 08:00:00
75.30,75,CREUSE,NULL,2026-01-15 08:00:00
75.31,75,DEUX-SEVRES,NULL,2026-01-15 08:00:00
75.32,75,DORDOGNE,NULL,2026-01-15 08:00:00
75.33,75,DOUBS,NULL,2026-01-15 08:00:00
75.34,75,DROME,NULL,2026-01-15 08:00:00
75.35,75,ESSONNE,NULL,2026-01-15 08:00:00
75.36,75,EURE,NULL,2026-01-15 08:00:00
75.37,75,EURE-ET-LOIR,NULL,2026-01-15 08:00:00
75.38,75,FINISTERE,NULL,2026-01-15 08:00:00
75.39,75,FRENCH_GUIANA,NULL,2026-01-15 08:00:00
75.4,75,ALPES-DE-HAUTE-PROVENCE,NULL,2026-01-15 08:00:00
75.40,75,FRENCH_POLYNESIA,PF,2026-01-15 08:00:00
75.41,75,FRENCH_SOUTHERN_AND_ANTARCTIC_LANDS,TF,2026-01-15 08:00:00
75.42,75,GARD,NULL,2026-01-15 08:00:00
75.43,75,GERS,NULL,2026-01-15 08:00:00
75.44,75,GIRONDE,NULL,2026-01-15 08:00:00
75.45,75,GRAND-EST,GES,2026-01-15 08:00:00
75.46,75,GUADELOUPE,NULL,2026-01-15 08:00:00
75.47,75,HAUT-RHIN,NULL,2026-01-15 08:00:00
75.48,75,HAUTE-CORSE,2B,2026-01-15 08:00:00
75.49,75,HAUTE-GARONNE,NULL,2026-01-15 08:00:00
75.5,75,ALPES-MARITIMES,NULL,2026-01-15 08:00:00
75.50,75,HAUTE-LOIRE,NULL,2026-01-15 08:00:00
75.51,75,HAUTE-MARNE,NULL,2026-01-15 08:00:00
75.52,75,HAUTE-SAONE,NULL,2026-01-15 08:00:00
75.53,75,HAUTE-SAVOIE,NULL,2026-01-15 08:00:00
75.54,75,HAUTE-VIENNE,NULL,2026-01-15 08:00:00
75.55,75,HAUTES-ALPES,NULL,2026-01-15 08:00:00
75.56,75,HAUTES-PYRENEES,NULL,2026-01-15 08:00:00
75.57,75,HAUTS-DE-FRANCE,HDF,2026-01-15 08:00:00
75.58,75,HAUTS-DE-SEINE,NULL,2026-01-15 08:00:00
75.59,75,HERAULT,NULL,2026-01-15 08:00:00
75.6,75,ALSACE,6AE,2026-01-15 08:00:00
75.60,75,ILE-DE-FRANCE,IDF,2026-01-15 08:00:00
75.61,75,ILLE-ET-VILAINE,NULL,2026-01-15 08:00:00
75.62,75,INDRE,NULL,2026-01-15 08:00:00
75.63,75,INDRE-ET-LOIRE,NULL,2026-01-15 08:00:00
75.64,75,ISERE,NULL,2026-01-15 08:00:00
75.65,75,JURA,NULL,2026-01-15 08:00:00
75.66,75,LA_REUNION,NULL,2026-01-15 08:00:00
75.67,75,LANDES,NULL,2026-01-15 08:00:00
75.68,75,LOIR-ET-CHER,NULL,2026-01-15 08:00:00
75.69,75,LOIRE,NULL,2026-01-15 08:00:00
75.7,75,ARDECHE,NULL,2026-01-15 08:00:00
75.70,75,LOIRE-ATLANTIQUE,NULL,2026-01-15 08:00:00
75.71,75,LOIRET,NULL,2026-01-15 08:00:00
75.72,75,LOT,NULL,2026-01-15 08:00:00
75.73,75,LOT-ET-GARONNE,NULL,2026-01-15 08:00:00
75.74,75,LOZERE,NULL,2026-01-15 08:00:00
75.75,75,MAINE-ET-LOIRE,NULL,2026-01-15 08:00:00
75.76,75,MANCHE,NULL,2026-01-15 08:00:00
75.77,75,MARNE,NULL,2026-01-15 08:00:00
75.78,75,MARTINIQUE,NULL,2026-01-15 08:00:00
75.79,75,MAYENNE,NULL,2026-01-15 08:00:00
75.8,75,ARDENNES,NULL,2026-01-15 08:00:00
75.80,75,MAYOTTE,NULL,2026-01-15 08:00:00
75.81,75,METROPOLE_DE_LYON,69M,2026-01-15 08:00:00
75.82,75,MEURTHE-ET-MOSELLE,NULL,2026-01-15 08:00:00
75.83,75,MEUSE,NULL,2026-01-15 08:00:00
75.84,75,MORBIHAN,NULL,2026-01-15 08:00:00
75.85,75,MOSELLE,NULL,2026-01-15 08:00:00
75.86,75,NIEVRE,NULL,2026-01-15 08:00:00
75.87,75,NORD,NULL,2026-01-15 08:00:00
75.88,75,NORMANDIE,NOR,2026-01-15 08:00:00
75.89,75,NOUVELLE-AQUITAINE,NAQ,2026-01-15 08:00:00
75.9,75,ARIEGE,NULL,2026-01-15 08:00:00
75.90,75,OCCITANIE,OCC,2026-01-15 08:00:00
75.91,75,OISE,NULL,2026-01-15 08:00:00
75.92,75,ORNE,NULL,2026-01-15 08:00:00
75.93,75,PARIS,75C,2026-01-15 08:00:00
75.94,75,PAS-DE-CALAIS,NULL,2026-01-15 08:00:00
75.95,75,PAYS-DE-LA-LOIRE,PDL,2026-01-15 08:00:00
75.96,75,PROVENCE-ALPES-COTE-D'AZUR,PAC,2026-01-15 08:00:00
75.97,75,PUY-DE-DOME,NULL,2026-01-15 08:00:00
75.98,75,PYRENEES-ATLANTIQUES,NULL,2026-01-15 08:00:00
75.99,75,PYRENEES-ORIENTALES,NULL,2026-01-15 08:00:00
7.6,7,CUANZA_NORTE_PROVINCE,CNO,2026-01-15 08:00:00
7.7,7,CUANZA_SUL,CUS,2026-01-15 08:00:00
7.8,7,CUNENE_PROVINCE,CNN,2026-01-15 08:00:00
7.9,7,HUAMBO_PROVINCE,HUA,2026-01-15 08:00:00
79.1,79,ESTUAIRE_PROVINCE,NULL,2026-01-15 08:00:00
79.2,79,HAUT-OGOOUE_PROVINCE,NULL,2026-01-15 08:00:00
79.3,79,MOYEN-OGOOUE_PROVINCE,NULL,2026-01-15 08:00:00
79.4,79,NGOUNIE_PROVINCE,NULL,2026-01-15 08:00:00
79.5,79,NYANGA_PROVINCE,NULL,2026-01-15 08:00:00
79.6,79,OGOOUE-IVINDO_PROVINCE,NULL,2026-01-15 08:00:00
79.7,79,OGOOUE-LOLO_PROVINCE,NULL,2026-01-15 08:00:00
79.8,79,OGOOUE-MARITIME_PROVINCE,NULL,2026-01-15 08:00:00
79.9,79,WOLEU-NTEM_PROVINCE,NULL,2026-01-15 08:00:00
80.1,80,BANJUL,B,2026-01-15 08:00:00
80.2,80,CENTRAL_RIVER_DIVISION,M,2026-01-15 08:00:00
80.3,80,LOWER_RIVER_DIVISION,L,2026-01-15 08:00:00
80.4,80,NORTH_BANK_DIVISION,N,2026-01-15 08:00:00
80.5,80,UPPER_RIVER_DIVISION,U,2026-01-15 08:00:00
80.6,80,WEST_COAST_DIVISION,W,2026-01-15 08:00:00
81.1,81,ADJARA,AJ,2026-01-15 08:00:00
81.10,81,SAMEGRELO-ZEMO_SVANETI,SZ,2026-01-15 08:00:00
81.11,81,SAMTSKHE-JAVAKHETI,SJ,2026-01-15 08:00:00
81.12,81,SENAKI_MUNICIPALITY,NULL,2026-01-15 08:00:00
81.13,81,SHIDA_KARTLI,SK,2026-01-15 08:00:00
81.14,81,TBILISI,TB,2026-01-15 08:00:00
81.2,81,AUTONOMOUS_REPUBLIC_OF_ABKHAZIA,AB,2026-01-15 08:00:00
81.3,81,GURIA,GU,2026-01-15 08:00:00
81.4,81,IMERETI,IM,2026-01-15 08:00:00
81.5,81,KAKHETI,KA,2026-01-15 08:00:00
81.6,81,KHELVACHAURI_MUNICIPALITY,NULL,2026-01-15 08:00:00
81.7,81,KVEMO_KARTLI,KK,2026-01-15 08:00:00
81.8,81,MTSKHETA-MTIANETI,MM,2026-01-15 08:00:00
81.9,81,RACHA-LECHKHUMI_AND_KVEMO_SVANETI,RL,2026-01-15 08:00:00
82.1,82,BADEN-WURTTEMBERG,BW,2026-01-15 08:00:00
82.10,82,NORTH_RHINE-WESTPHALIA,NW,2026-01-15 08:00:00
82.11,82,RHINELAND-PALATINATE,RP,2026-01-15 08:00:00
82.12,82,SAARLAND,SL,2026-01-15 08:00:00
82.13,82,SAXONY,SN,2026-01-15 08:00:00
82.14,82,SAXONY-ANHALT,ST,2026-01-15 08:00:00
82.15,82,SCHLESWIG-HOLSTEIN,SH,2026-01-15 08:00:00
82.16,82,THURINGIA,TH,2026-01-15 08:00:00
82.2,82,BAVARIA,BY,2026-01-15 08:00:00
82.3,82,BERLIN,BE,2026-01-15 08:00:00
82.4,82,BRANDENBURG,BB,2026-01-15 08:00:00
82.5,82,BREMEN,HB,2026-01-15 08:00:00
82.6,82,HAMBURG,HH,2026-01-15 08:00:00
82.7,82,HESSE,HE,2026-01-15 08:00:00
82.8,82,LOWER_SAXONY,NI,2026-01-15 08:00:00
82.9,82,MECKLENBURG-VORPOMMERN,MV,2026-01-15 08:00:00
83.1,83,AHAFO,AF,2026-01-15 08:00:00
83.10,83,OTI,OT,2026-01-15 08:00:00
83.11,83,SAVANNAH,SV,2026-01-15 08:00:00
83.12,83,UPPER_EAST,UE,2026-01-15 08:00:00
83.13,83,UPPER_WEST,UW,2026-01-15 08:00:00
83.14,83,VOLTA,TV,2026-01-15 08:00:00
83.15,83,WESTERN,WP,2026-01-15 08:00:00
83.16,83,WESTERN_NORTH,WN,2026-01-15 08:00:00
83.2,83,ASHANTI,AH,2026-01-15 08:00:00
83.3,83,BONO,BO,2026-01-15 08:00:00
83.4,83,BONO_EAST,BE,2026-01-15 08:00:00
83.5,83,CENTRAL,CP,2026-01-15 08:00:00
83.6,83,EASTERN,EP,2026-01-15 08:00:00
83.7,83,GREATER_ACCRA,AA,2026-01-15 08:00:00
83.8,83,NORTH_EAST,NE,2026-01-15 08:00:00
83.9,83,NORTHERN,NP,2026-01-15 08:00:00
85.1,85,ACHAEA_REGIONAL_UNIT,NULL,2026-01-15 08:00:00
85.10,85,CORFU_PREFECTURE,NULL,2026-01-15 08:00:00
85.11,85,CORINTHIA_REGIONAL_UNIT,NULL,2026-01-15 08:00:00
85.12,85,CRETE_REGION,M,2026-01-15 08:00:00
85.13,85,DRAMA_REGIONAL_UNIT,NULL,2026-01-15 08:00:00
85.14,85,EAST_ATTICA_REGIONAL_UNIT,A2,2026-01-15 08:00:00
85.15,85,EAST_MACEDONIA_AND_THRACE,A,2026-01-15 08:00:00
85.16,85,EPIRUS_REGION,D,2026-01-15 08:00:00
85.17,85,EUBOEA,NULL,2026-01-15 08:00:00
85.18,85,GREVENA_PREFECTURE,NULL,2026-01-15 08:00:00
85.19,85,IMATHIA_REGIONAL_UNIT,NULL,2026-01-15 08:00:00
85.2,85,AETOLIA-ACARNANIA_REGIONAL_UNIT,NULL,2026-01-15 08:00:00
85.20,85,IOANNINA_REGIONAL_UNIT,NULL,2026-01-15 08:00:00
85.21,85,IONIAN_ISLANDS_REGION,F,2026-01-15 08:00:00
85.22,85,KARDITSA_REGIONAL_UNIT,NULL,2026-01-15 08:00:00
85.23,85,KASTORIA_REGIONAL_UNIT,NULL,2026-01-15 08:00:00
85.24,85,KEFALONIA_PREFECTURE,NULL,2026-01-15 08:00:00
85.25,85,KILKIS_REGIONAL_UNIT,NULL,2026-01-15 08:00:00
85.26,85,KOZANI_PREFECTURE,NULL,2026-01-15 08:00:00
85.27,85,LACONIA,NULL,2026-01-15 08:00:00
85.28,85,LARISSA_PREFECTURE,NULL,2026-01-15 08:00:00
85.29,85,LEFKADA_REGIONAL_UNIT,NULL,2026-01-15 08:00:00
85.3,85,ARCADIA_PREFECTURE,NULL,2026-01-15 08:00:00
85.30,85,PELLA_REGIONAL_UNIT,NULL,2026-01-15 08:00:00
85.31,85,PELOPONNESE_REGION,J,2026-01-15 08:00:00
85.32,85,PHTHIOTIS_PREFECTURE,NULL,2026-01-15 08:00:00
85.33,85,PREVEZA_PREFECTURE,NULL,2026-01-15 08:00:00
85.34,85,SERRES_PREFECTURE,NULL,2026-01-15 08:00:00
85.35,85,SOUTH_AEGEAN,L,2026-01-15 08:00:00
85.36,85,THESSALONIKI_REGIONAL_UNIT,NULL,2026-01-15 08:00:00
85.37,85,WEST_GREECE_REGION,G,2026-01-15 08:00:00
85.38,85,WEST_MACEDONIA_REGION,C,2026-01-15 08:00:00
85.4,85,ARGOLIS_REGIONAL_UNIT,NULL,2026-01-15 08:00:00
85.5,85,ATTICA_REGION,I,2026-01-15 08:00:00
85.6,85,BOEOTIA_REGIONAL_UNIT,NULL,2026-01-15 08:00:00
85.7,85,CENTRAL_GREECE_REGION,H,2026-01-15 08:00:00
85.8,85,CENTRAL_MACEDONIA,B,2026-01-15 08:00:00
85.9,85,CHANIA_REGIONAL_UNIT,NULL,2026-01-15 08:00:00
87.1,87,CARRIACOU_AND_PETITE_MARTINIQUE,NULL,2026-01-15 08:00:00
87.2,87,SAINT_ANDREW_PARISH,NULL,2026-01-15 08:00:00
87.3,87,SAINT_DAVID_PARISH,NULL,2026-01-15 08:00:00
87.4,87,SAINT_GEORGE_PARISH,NULL,2026-01-15 08:00:00
87.5,87,SAINT_JOHN_PARISH,NULL,2026-01-15 08:00:00
87.6,87,SAINT_MARK_PARISH,NULL,2026-01-15 08:00:00
87.7,87,SAINT_PATRICK_PARISH,NULL,2026-01-15 08:00:00
90.1,90,ALTA_VERAPAZ_DEPARTMENT,AV,2026-01-15 08:00:00
90.10,90,JALAPA_DEPARTMENT,JA,2026-01-15 08:00:00
90.11,90,JUTIAPA_DEPARTMENT,JU,2026-01-15 08:00:00
90.12,90,PETEN_DEPARTMENT,PE,2026-01-15 08:00:00
90.13,90,QUETZALTENANGO_DEPARTMENT,QZ,2026-01-15 08:00:00
90.14,90,QUICHE_DEPARTMENT,QC,2026-01-15 08:00:00
90.15,90,RETALHULEU_DEPARTMENT,RE,2026-01-15 08:00:00
90.16,90,SACATEPEQUEZ_DEPARTMENT,SA,2026-01-15 08:00:00
90.17,90,SAN_MARCOS_DEPARTMENT,SM,2026-01-15 08:00:00
90.18,90,SANTA_ROSA_DEPARTMENT,SR,2026-01-15 08:00:00
90.19,90,SOLOLA_DEPARTMENT,SO,2026-01-15 08:00:00
90.2,90,BAJA_VERAPAZ_DEPARTMENT,BV,2026-01-15 08:00:00
90.20,90,SUCHITEPEQUEZ_DEPARTMENT,SU,2026-01-15 08:00:00
90.21,90,TOTONICAPAN_DEPARTMENT,TO,2026-01-15 08:00:00
90.3,90,CHIMALTENANGO_DEPARTMENT,CM,2026-01-15 08:00:00
90.4,90,CHIQUIMULA_DEPARTMENT,CQ,2026-01-15 08:00:00
90.5,90,EL_PROGRESO_DEPARTMENT,PR,2026-01-15 08:00:00
90.6,90,ESCUINTLA_DEPARTMENT,ES,2026-01-15 08:00:00
90.7,90,GUATEMALA_DEPARTMENT,GU,2026-01-15 08:00:00
90.8,90,HUEHUETENANGO_DEPARTMENT,HU,2026-01-15 08:00:00
90.9,90,IZABAL_DEPARTMENT,IZ,2026-01-15 08:00:00
92.1,92,BEYLA_PREFECTURE,BE,2026-01-15 08:00:00
92.10,92,DUBREKA_PREFECTURE,DU,2026-01-15 08:00:00
92.11,92,FARANAH_PREFECTURE,FA,2026-01-15 08:00:00
92.12,92,FORECARIAH_PREFECTURE,FO,2026-01-15 08:00:00
92.13,92,FRIA_PREFECTURE,FR,2026-01-15 08:00:00
92.14,92,GAOUAL_PREFECTURE,GA,2026-01-15 08:00:00
92.15,92,GUECKEDOU_PREFECTURE,GU,2026-01-15 08:00:00
92.16,92,KANKAN_PREFECTURE,KA,2026-01-15 08:00:00
92.17,92,KANKAN_REGION,K,2026-01-15 08:00:00
92.18,92,KEROUANE_PREFECTURE,KE,2026-01-15 08:00:00
92.19,92,KINDIA_PREFECTURE,KD,2026-01-15 08:00:00
92.2,92,BOFFA_PREFECTURE,BF,2026-01-15 08:00:00
92.20,92,KINDIA_REGION,D,2026-01-15 08:00:00
92.21,92,KISSIDOUGOU_PREFECTURE,KS,2026-01-15 08:00:00
92.22,92,KOUBIA_PREFECTURE,KB,2026-01-15 08:00:00
92.23,92,KOUNDARA_PREFECTURE,KN,2026-01-15 08:00:00
92.24,92,KOUROUSSA_PREFECTURE,KO,2026-01-15 08:00:00
92.25,92,LABE_PREFECTURE,LA,2026-01-15 08:00:00
92.26,92,LABE_REGION,L,2026-01-15 08:00:00
92.27,92,LELOUMA_PREFECTURE,LE,2026-01-15 08:00:00
92.28,92,LOLA_PREFECTURE,LO,2026-01-15 08:00:00
92.29,92,MACENTA_PREFECTURE,MC,2026-01-15 08:00:00
92.3,92,BOKE_PREFECTURE,BK,2026-01-15 08:00:00
92.30,92,MALI_PREFECTURE,ML,2026-01-15 08:00:00
92.31,92,MAMOU_PREFECTURE,MM,2026-01-15 08:00:00
92.32,92,MAMOU_REGION,M,2026-01-15 08:00:00
92.33,92,MANDIANA_PREFECTURE,MD,2026-01-15 08:00:00
92.34,92,NZEREKORE_PREFECTURE,NZ,2026-01-15 08:00:00
92.35,92,NZEREKORE_REGION,N,2026-01-15 08:00:00
92.36,92,PITA_PREFECTURE,PI,2026-01-15 08:00:00
92.37,92,SIGUIRI_PREFECTURE,SI,2026-01-15 08:00:00
92.38,92,TELIMELE_PREFECTURE,TE,2026-01-15 08:00:00
92.39,92,TOUGUE_PREFECTURE,TO,2026-01-15 08:00:00
92.4,92,BOKE_REGION,B,2026-01-15 08:00:00
92.40,92,YOMOU_PREFECTURE,YO,2026-01-15 08:00:00
92.5,92,CONAKRY,C,2026-01-15 08:00:00
92.6,92,COYAH_PREFECTURE,CO,2026-01-15 08:00:00
92.7,92,DABOLA_PREFECTURE,DB,2026-01-15 08:00:00
92.8,92,DALABA_PREFECTURE,DL,2026-01-15 08:00:00
92.9,92,DINGUIRAYE_PREFECTURE,DI,2026-01-15 08:00:00
93.1,93,BAFATA,BA,2026-01-15 08:00:00
93.10,93,SUL_PROVINCE,S,2026-01-15 08:00:00
93.11,93,TOMBALI_REGION,TO,2026-01-15 08:00:00
93.2,93,BIOMBO_REGION,BM,2026-01-15 08:00:00
93.3,93,BOLAMA_REGION,BL,2026-01-15 08:00:00
93.4,93,CACHEU_REGION,CA,2026-01-15 08:00:00
93.5,93,GABU_REGION,GA,2026-01-15 08:00:00
93.6,93,LESTE_PROVINCE,L,2026-01-15 08:00:00
93.7,93,NORTE_PROVINCE,N,2026-01-15 08:00:00
93.8,93,OIO_REGION,OI,2026-01-15 08:00:00
93.9,93,QUINARA_REGION,QU,2026-01-15 08:00:00
94.1,94,BARIMA-WAINI,BA,2026-01-15 08:00:00
94.10,94,UPPER_TAKUTU-UPPER_ESSEQUIBO,UT,2026-01-15 08:00:00
94.2,94,CUYUNI-MAZARUNI,CU,2026-01-15 08:00:00
94.3,94,DEMERARA-MAHAICA,DE,2026-01-15 08:00:00
94.4,94,EAST_BERBICE-CORENTYNE,EB,2026-01-15 08:00:00
94.5,94,ESSEQUIBO_ISLANDS-WEST_DEMERARA,ES,2026-01-15 08:00:00
94.6,94,MAHAICA-BERBICE,MA,2026-01-15 08:00:00
94.7,94,POMEROON-SUPENAAM,PM,2026-01-15 08:00:00
94.8,94,POTARO-SIPARUNI,PT,2026-01-15 08:00:00
94.9,94,UPPER_DEMERARA-BERBICE,UD,2026-01-15 08:00:00
95.1,95,ARTIBONITE,AR,2026-01-15 08:00:00
95.10,95,SUD-EST,SE,2026-01-15 08:00:00
95.2,95,CENTRE,CE,2026-01-15 08:00:00
95.3,95,GRAND'ANSE,GA,2026-01-15 08:00:00
95.4,95,NIPPES,NI,2026-01-15 08:00:00
95.5,95,NORD,ND,2026-01-15 08:00:00
95.6,95,NORD-EST,NE,2026-01-15 08:00:00
95.7,95,NORD-OUEST,NO,2026-01-15 08:00:00
95.8,95,OUEST,OU,2026-01-15 08:00:00
95.9,95,SUD,SD,2026-01-15 08:00:00
97.1,97,ATLANTIDA_DEPARTMENT,AT,2026-01-15 08:00:00
97.10,97,GRACIAS_A_DIOS_DEPARTMENT,GD,2026-01-15 08:00:00
97.11,97,INTIBUCA_DEPARTMENT,IN,2026-01-15 08:00:00
97.12,97,LA_PAZ_DEPARTMENT,LP,2026-01-15 08:00:00
97.13,97,LEMPIRA_DEPARTMENT,LE,2026-01-15 08:00:00
97.14,97,OCOTEPEQUE_DEPARTMENT,OC,2026-01-15 08:00:00
97.15,97,OLANCHO_DEPARTMENT,OL,2026-01-15 08:00:00
97.16,97,SANTA_BARBARA_DEPARTMENT,SB,2026-01-15 08:00:00
97.17,97,VALLE_DEPARTMENT,VA,2026-01-15 08:00:00
97.18,97,YORO_DEPARTMENT,YO,2026-01-15 08:00:00
97.2,97,BAY_ISLANDS_DEPARTMENT,IB,2026-01-15 08:00:00
97.3,97,CHOLUTECA_DEPARTMENT,CH,2026-01-15 08:00:00
97.4,97,COLON_DEPARTMENT,CL,2026-01-15 08:00:00
97.5,97,COMAYAGUA_DEPARTMENT,CM,2026-01-15 08:00:00
97.6,97,COPAN_DEPARTMENT,CP,2026-01-15 08:00:00
97.7,97,CORTES_DEPARTMENT,CR,2026-01-15 08:00:00
97.8,97,EL_PARAISO_DEPARTMENT,EP,2026-01-15 08:00:00
97.9,97,FRANCISCO_MORAZAN_DEPARTMENT,FM,2026-01-15 08:00:00
98.1,98,CENTRAL_AND_WESTERN,HCW,2026-01-15 08:00:00
98.10,98,SHAM_SHUI_PO,KSS,2026-01-15 08:00:00
98.11,98,SOUTHERN,HSO,2026-01-15 08:00:00
98.12,98,TAI_PO,NTP,2026-01-15 08:00:00
98.13,98,TSUEN_WAN,NTW,2026-01-15 08:00:00
98.14,98,TUEN_MUN,NTM,2026-01-15 08:00:00
98.15,98,WAN_CHAI,HWC,2026-01-15 08:00:00
98.16,98,WONG_TAI_SIN,KWT,2026-01-15 08:00:00
98.17,98,YAU_TSIM_MONG,KYT,2026-01-15 08:00:00
98.18,98,YUEN_LONG,NYL,2026-01-15 08:00:00
98.2,98,EASTERN,HEA,2026-01-15 08:00:00
98.3,98,ISLANDS,NIS,2026-01-15 08:00:00
98.4,98,KOWLOON_CITY,KKC,2026-01-15 08:00:00
98.5,98,KWAI_TSING,NKT,2026-01-15 08:00:00
98.6,98,KWUN_TONG,KKT,2026-01-15 08:00:00
98.7,98,NORTH,NNO,2026-01-15 08:00:00
98.8,98,SAI_KUNG,NSK,2026-01-15 08:00:00
98.9,98,SHA_TIN,NST,2026-01-15 08:00:00
99.1,99,BACS-KISKUN,BK,2026-01-15 08:00:00
99.10,99,EGER,EG,2026-01-15 08:00:00
99.11,99,ERD,ER,2026-01-15 08:00:00
99.12,99,FEJER_COUNTY,FE,2026-01-15 08:00:00
99.13,99,GYOR,GY,2026-01-15 08:00:00
99.14,99,GYOR-MOSON-SOPRON_COUNTY,GS,2026-01-15 08:00:00
99.15,99,HAJDU-BIHAR_COUNTY,HB,2026-01-15 08:00:00
99.16,99,HEVES_COUNTY,HE,2026-01-15 08:00:00
99.17,99,HODMEZOVASARHELY,HV,2026-01-15 08:00:00
99.18,99,JASZ-NAGYKUN-SZOLNOK_COUNTY,JN,2026-01-15 08:00:00
99.19,99,KAPOSVAR,KV,2026-01-15 08:00:00
99.2,99,BARANYA,BA,2026-01-15 08:00:00
99.20,99,KECSKEMET,KM,2026-01-15 08:00:00
99.21,99,KOMAROM-ESZTERGOM,KE,2026-01-15 08:00:00
99.22,99,MISKOLC,MI,2026-01-15 08:00:00
99.23,99,NAGYKANIZSA,NK,2026-01-15 08:00:00
99.24,99,NOGRAD_COUNTY,NO,2026-01-15 08:00:00
99.25,99,NYIREGYHAZA,NY,2026-01-15 08:00:00
99.26,99,PECS,PS,2026-01-15 08:00:00
99.27,99,PEST_COUNTY,PE,2026-01-15 08:00:00
99.28,99,SALGOTARJAN,ST,2026-01-15 08:00:00
99.29,99,SOMOGY_COUNTY,SO,2026-01-15 08:00:00
99.3,99,BEKES,BE,2026-01-15 08:00:00
99.30,99,SOPRON,SN,2026-01-15 08:00:00
99.31,99,SZABOLCS-SZATMAR-BEREG_COUNTY,SZ,2026-01-15 08:00:00
99.32,99,SZEGED,SD,2026-01-15 08:00:00
99.33,99,SZEKESFEHERVAR,SF,2026-01-15 08:00:00
99.34,99,SZEKSZARD,SS,2026-01-15 08:00:00
99.35,99,SZOLNOK,SK,2026-01-15 08:00:00
99.36,99,SZOMBATHELY,SH,2026-01-15 08:00:00
99.37,99,TATABANYA,TB,2026-01-15 08:00:00
99.38,99,TOLNA_COUNTY,TO,2026-01-15 08:00:00
99.39,99,VAS_COUNTY,VA,2026-01-15 08:00:00
99.4,99,BEKESCSABA,BC,2026-01-15 08:00:00
99.40,99,VESZPREM,VM,2026-01-15 08:00:00
99.41,99,VESZPREM_COUNTY,VE,2026-01-15 08:00:00
99.42,99,ZALA_COUNTY,ZA,2026-01-15 08:00:00
99.43,99,ZALAEGERSZEG,ZE,2026-01-15 08:00:00
99.5,99,BORSOD-ABAUJ-ZEMPLEN,BZ,2026-01-15 08:00:00
99.6,99,BUDAPEST,BU,2026-01-15 08:00:00
99.7,99,CSONGRAD_COUNTY,CS,2026-01-15 08:00:00
99.8,99,DEBRECEN,DE,2026-01-15 08:00:00
99.9,99,DUNAUJVAROS,DU,2026-01-15 08:00:00
