org_id,org_name,street,city_name,state_id,zip_code,mission,web_url,phone,email,org_type,org_size,org_rating,is_collaborator,is_contributor,created_at,last_updated_at
ORG000001,Solace Care Collective,5716 Sunset Way,Alexandria,1,22314,To dignity care strengthen relief empower serve neighbors connect.,https://www.solacecarecollective-000001.example,+1-202-555-0152,contact@solacecarecollective-000001.example,for_profit,small,5,False,True,2024-01-12 04:32:16,2024-04-08 17:06:10
ORG000002,Guardian Support Collective,6657 Maple Way,Port Manchesterwood,9,M1 6YJ,To access resilience strengthen wellbeing empower volunteers care relief support.,https://www.guardiansupportcollectiv-000002.example,,contact@guardiansupportcollectiv-000002.example,for_profit,small,2,False,True,2025-01-18 23:02:48,2025-04-12 05:39:24
ORG000003,Open Community Initiative,3156 River Rd,Austin,4,78701,To uplift assist communities neighbors relief wellbeing support dignity.,https://www.opencommunityinitiative-000003.example,+1-202-555-0190,,for_profit,large,3,False,False,2025-07-07 05:58:10,2025-08-12 12:08:24
ORG000004,Evergreen Foundation Trust,2304 Park Ln,Richmond,1,23219,To uplift opportunity volunteers communities access resources support care.,https://www.evergreenfoundationtrust-000004.example,+1-202-555-0148,,for_profit,medium,5,False,True,2024-05-13 15:21:28,2024-07-21 03:42:17
ORG000005,Helping Support Trust,4194 Maple Dr,Ottawa,6,K1P 1J1,To families uplift opportunity support strengthen serve communities assist wellbeing connect.,https://www.helpingsupporttrust-000005.example,+1-416-555-0146,contact@helpingsupporttrust-000005.example,non_profit,medium,5,False,False,2024-09-08 12:07:37,2024-11-28 04:57:37
ORG000006,Helping Alliance Society,9669 Maple Blvd,West Mumbaiton,11,400477,To communities connect access empower resilience opportunity families resources.,https://www.helpingalliancesociety-000006.example,,contact@helpingalliancesociety-000006.example,for_profit,small,5,False,False,2025-07-11 21:01:43,2025-08-03 22:16:29
ORG000007,Solace Support Collective,1250 Pine Blvd,Fort Puneton,11,411710,To relief resources dignity strengthen families opportunity empower communities volunteers resilience.,https://www.solacesupportcollective-000007.example,,contact@solacesupportcollective-000007.example,non_profit,medium,1,True,False,2025-06-22 00:10:58,2025-10-13 16:42:10
ORG000008,Helping Assistance Foundation,8636 Lake Ln,Fort Puneton,11,411710,To connect uplift support wellbeing volunteers relief resources care resilience opportunity.,https://www.helpingassistancefoundat-000008.example,,contact@helpingassistancefoundat-000008.example,for_profit,medium,3,True,True,2025-04-27 09:01:20,2025-05-08 07:03:31
ORG000009,Bright Assistance Society,4409 Washington Way,West Montrealville,8,H2Y 6A2,To resilience volunteers support serve strengthen connect assist wellbeing resources.,https://www.brightassistancesociety-000009.example,+1-416-555-0173,contact@brightassistancesociety-000009.example,for_profit,small,1,True,False,2024-05-21 06:55:44,2024-05-29 08:51:40
ORG000010,Guardian Assistance Trust,9386 Elm Ct,North Arlingtonford,1,22248,To communities wellbeing assist care neighbors resources volunteers support opportunity.,https://www.guardianassistancetrust-000010.example,+1-202-555-0106,contact@guardianassistancetrust-000010.example,for_profit,medium,4,False,True,2024-10-27 08:34:59,2025-02-24 14:46:59
ORG000011,Evergreen Support Services,7542 Main Ave,Albany,3,12207,To empower serve dignity access families opportunity communities volunteers connect support.,https://www.evergreensupportservices-000011.example,+1-202-555-0179,contact@evergreensupportservices-000011.example,non_profit,large,2,True,False,2024-10-02 08:42:34,2024-11-15 01:27:40
ORG000012,Helping Network Trust,62 Union Ln,South Albanybridge,3,12243,To assist access volunteers strengthen families empower wellbeing neighbors opportunity care resilience dignity.,https://www.helpingnetworktrust-000012.example,+1-202-555-0109,contact@helpingnetworktrust-000012.example,non_profit,large,4,True,False,2024-05-09 16:14:45,2024-05-29 10:43:38
ORG000013,Solace Support Trust,4900 Hill Ct,Arlington,1,22201,To relief dignity strengthen care connect opportunity families empower neighbors.,https://www.solacesupporttrust-000013.example,+1-202-555-0169,contact@solacesupporttrust-000013.example,non_profit,small,3,False,False,2025-04-15 18:44:54,2025-04-30 04:43:05
ORG000014,Guardian Network Society,4226 Pine Rd,Nuremberg,17,90402,To assist volunteers families resilience neighbors communities connect opportunity relief strengthen.,https://www.guardiannetworksociety-000014.example,,contact@guardiannetworksociety-000014.example,for_profit,large,3,True,True,2024-08-30 05:27:45,2024-12-09 19:57:55
ORG000015,Open Community Network,308 River Ln,Mount Newcastlewood,14,2341,To families access dignity empower volunteers support resources opportunity relief.,https://www.opencommunitynetwork-000015.example,,contact@opencommunitynetwork-000015.example,non_profit,medium,3,False,True,2025-08-08 10:48:51,2025-09-05 19:48:25
ORG000016,Bright Neighbor Initiative,4288 Park Blvd,Buffalo,3,14202,To communities dignity relief empower families care access resources.,https://www.brightneighborinitiative-000016.example,+1-202-555-0134,,non_profit,small,3,True,True,2025-01-27 07:49:44,2025-05-13 11:58:07
ORG000017,Summit Support Network,5379 Washington St,Geelong,15,3220,To connect opportunity neighbors uplift resilience families care serve.,https://www.summitsupportnetwork-000017.example,,,for_profit,medium,3,True,True,2024-07-05 21:19:58,2024-07-14 05:51:53
ORG000018,Beacon Alliance Trust,1351 Elm Rd,Lake Newburg,13,110642,To support strengthen wellbeing dignity care connect resources uplift communities serve assist opportunity.,https://www.beaconalliancetrust-000018.example,,contact@beaconalliancetrust-000018.example,non_profit,small,5,False,True,2025-03-04 06:26:58,2025-05-31 22:17:28
ORG000019,Open Community Initiative,2387 Lake Ct,Geelong,15,3220,To volunteers relief neighbors empower resources uplift connect wellbeing serve.,https://www.opencommunityinitiative-000019.example,,contact@opencommunityinitiative-000019.example,for_profit,large,2,False,False,2024-11-03 23:26:04,2025-02-22 19:45:23
ORG000020,Evergreen Support Trust,9414 Washington St,Port Melbourneton,15,3088,To volunteers assist strengthen resources connect neighbors communities dignity serve opportunity.,https://www.evergreensupporttrust-000020.example,,contact@evergreensupporttrust-000020.example,non_profit,small,2,True,True,2024-10-02 03:14:39,2024-10-27 12:29:22
ORG000021,Cornerstone Care Coalition,2500 Pine Ct,Toronto,6,M5H 2N2,To support wellbeing resources assist opportunity dignity communities connect relief serve.,https://www.cornerstonecarecoalition-000021.example,+1-416-555-0129,contact@cornerstonecarecoalition-000021.example,for_profit,small,4,True,True,2024-02-21 14:14:27,2024-03-31 18:08:38
ORG000022,Cornerstone Family Foundation,8170 Main Ln,Buffalo,3,14202,To neighbors uplift wellbeing families strengthen assist opportunity empower.,https://www.cornerstonefamilyfoundat-000022.example,+1-202-555-0110,contact@cornerstonefamilyfoundat-000022.example,non_profit,medium,3,False,True,2025-05-15 07:05:23,2025-06-29 17:40:17
ORG000023,Helping Community Society,5657 Church St,Seattle,5,98101,To communities families neighbors connect wellbeing resources relief empower strengthen care.,https://www.helpingcommunitysociety-000023.example,+1-202-555-0196,contact@helpingcommunitysociety-000023.example,for_profit,small,4,False,True,2025-06-13 11:37:05,2025-09-29 19:29:51
ORG000024,Open Alliance Network,6726 Maple Ave,East Edinburghbridge,10,EH1 1TG,To resources dignity communities volunteers connect support care wellbeing opportunity assist empower strengthen.,https://www.openalliancenetwork-000024.example,,contact@openalliancenetwork-000024.example,non_profit,medium,5,False,True,2024-10-11 22:15:01,2025-01-27 11:22:48
ORG000025,Cornerstone Alliance Initiative,6922 Main St,East Munichfield,17,80360,To empower serve relief connect resilience uplift care assist opportunity support wellbeing access.,https://www.cornerstoneallianceiniti-000025.example,,contact@cornerstoneallianceiniti-000025.example,non_profit,large,5,True,True,2025-04-01 23:56:04,2025-05-11 06:39:17
ORG000026,Open Family Initiative,8777 Sunset Dr,West Montrealville,8,H2Y 6A2,To opportunity resources dignity empower strengthen volunteers support relief.,https://www.openfamilyinitiative-000026.example,+1-416-555-0175,contact@openfamilyinitiative-000026.example,for_profit,large,5,False,True,2024-09-06 02:33:07,2024-10-28 19:03:52
ORG000027,Helping Community Foundation,9077 Oak Ln,Houston,4,77002,To uplift assist resilience wellbeing strengthen access relief support communities neighbors serve.,https://www.helpingcommunityfoundati-000027.example,+1-202-555-0193,contact@helpingcommunityfoundati-000027.example,non_profit,large,2,True,True,2025-05-05 13:45:31,2025-05-25 14:32:11
ORG000028,Helping Foundation Collective,8989 Cedar Way,Port Manchesterwood,9,M1 6YJ,To connect neighbors care access uplift families support assist resources wellbeing dignity.,https://www.helpingfoundationcollect-000028.example,,contact@helpingfoundationcollect-000028.example,for_profit,small,5,True,True,2025-08-06 20:06:41,2025-09-08 07:25:19
ORG000029,Summit Outreach Center,6590 Cedar Ln,Port Losfield,2,90040,To connect opportunity empower resilience serve families relief support resources.,https://www.summitoutreachcenter-000029.example,+1-202-555-0117,contact@summitoutreachcenter-000029.example,for_profit,medium,3,False,True,2024-12-28 22:02:22,2025-03-24 17:52:45
ORG000030,Guardian Network Society,9130 Lake Ave,South Berlinwood,16,10187,To strengthen dignity serve resources uplift neighbors communities volunteers connect support empower access.,https://www.guardiannetworksociety-000030.example,,contact@guardiannetworksociety-000030.example,non_profit,medium,3,True,True,2025-05-08 16:01:43,2025-06-02 19:26:14
ORG000031,Cornerstone Relief Collective,9021 Union Rd,North Arlingtonford,1,22248,To access care resilience communities neighbors opportunity relief connect uplift assist empower families.,https://www.cornerstonereliefcollect-000031.example,+1-202-555-0127,contact@cornerstonereliefcollect-000031.example,for_profit,small,5,True,False,2024-02-03 01:47:46,2024-02-07 23:24:23
ORG000032,Harbor Foundation Services,3704 Main Ct,Alexandria,1,22314,To serve resilience dignity volunteers uplift assist care opportunity connect neighbors.,https://www.harborfoundationservices-000032.example,+1-202-555-0179,contact@harborfoundationservices-000032.example,non_profit,medium,1,False,False,2024-10-25 16:20:10,2025-01-12 02:00:09
ORG000033,Unity Hope Network,4093 Main Blvd,New Newwood,3,10092,To families empower resources care opportunity communities dignity wellbeing connect.,https://www.unityhopenetwork-000033.example,+1-202-555-0146,contact@unityhopenetwork-000033.example,for_profit,large,5,False,False,2025-04-08 19:40:25,2025-04-15 19:50:33
ORG000034,Helping Alliance Network,8885 Highland Ave,New Santon,2,94191,To assist uplift access families care wellbeing communities volunteers opportunity.,https://www.helpingalliancenetwork-000034.example,+1-202-555-0104,contact@helpingalliancenetwork-000034.example,for_profit,small,4,True,True,2025-06-03 09:21:04,2025-07-25 21:48:06
ORG000035,Lighthouse Hope Partners,4253 Sunset Blvd,West Montrealville,8,H2Y 6A2,To wellbeing relief care assist resources empower serve communities opportunity resilience.,https://www.lighthousehopepartners-000035.example,+1-416-555-0109,contact@lighthousehopepartners-000035.example,non_profit,small,1,False,False,2024-10-15 18:19:09,2024-10-16 22:30:00
ORG000036,Harbor Network Network,1992 Park Rd,Mount Puneton,11,411343,To dignity support care connect wellbeing uplift communities empower neighbors families resources volunteers.,https://www.harbornetworknetwork-000036.example,,contact@harbornetworknetwork-000036.example,non_profit,large,3,False,True,2025-01-25 06:24:40,2025-04-10 10:22:56
ORG000037,Open Foundation Network,3464 Pine Ave,Newcastle,14,2300,To communities neighbors connect wellbeing empower serve care resilience.,https://www.openfoundationnetwork-000037.example,,contact@openfoundationnetwork-000037.example,non_profit,medium,1,False,True,2024-11-08 08:31:26,2025-01-19 02:14:15
ORG000038,Riverside Network Coalition,5075 Pine Ct,San Diego,2,92101,To opportunity resources dignity support families wellbeing uplift access.,https://www.riversidenetworkcoalitio-000038.example,+1-202-555-0149,contact@riversidenetworkcoalitio-000038.example,for_profit,large,5,False,True,2024-06-09 19:40:07,2024-08-05 14:22:07
ORG000039,Beacon Family Center,7500 Elm Ct,Arlington,1,22201,To neighbors empower resilience relief support serve dignity communities uplift volunteers access resources.,https://www.beaconfamilycenter-000039.example,+1-202-555-0100,contact@beaconfamilycenter-000039.example,non_profit,small,5,True,True,2024-12-28 21:17:20,2025-02-27 02:05:29
ORG000040,Lighthouse Relief Services,278 Cedar Blvd,Berlin,16,10115,To resilience resources communities connect wellbeing volunteers neighbors support strengthen opportunity assist.,https://www.lighthousereliefservices-000040.example,,contact@lighthousereliefservices-000040.example,non_profit,small,1,False,False,2024-07-10 05:25:19,2024-07-19 06:18:43
ORG000041,Cornerstone Relief Initiative,4729 Main St,South Newhaven,13,110123,To resilience families opportunity care communities wellbeing uplift neighbors assist dignity.,https://www.cornerstonereliefinitiat-000041.example,,contact@cornerstonereliefinitiat-000041.example,for_profit,large,1,False,False,2024-04-06 14:20:14,2024-05-26 15:45:13
ORG000042,Evergreen Family Foundation,3636 River Ct,Lake Seattledale,5,98193,To relief families assist opportunity dignity support communities neighbors empower volunteers.,https://www.evergreenfamilyfoundatio-000042.example,+1-202-555-0109,contact@evergreenfamilyfoundatio-000042.example,for_profit,small,1,True,True,2024-02-24 23:51:29,2024-02-25 02:20:00
ORG000043,Bright Relief Center,3727 Cedar Rd,Lake Sanhaven,2,94171,To families dignity volunteers resources connect serve relief empower communities support wellbeing neighbors.,https://www.brightreliefcenter-000043.example,+1-202-555-0146,contact@brightreliefcenter-000043.example,non_profit,small,3,False,False,2024-03-29 20:21:54,2024-06-13 09:50:11
ORG000044,Unity Outreach Initiative,7826 River Ct,East Mysuruford,12,570546,To serve resilience assist families care opportunity resources connect uplift.,https://www.unityoutreachinitiative-000044.example,,contact@unityoutreachinitiative-000044.example,non_profit,small,5,False,False,2024-12-22 15:46:24,2025-03-23 19:34:03
ORG000045,Trinity Hope Coalition,1516 Pine Ave,Quebec City,8,G1R 4P3,To neighbors assist serve access resilience families wellbeing communities support.,https://www.trinityhopecoalition-000045.example,+1-416-555-0155,contact@trinityhopecoalition-000045.example,for_profit,large,1,False,True,2024-06-07 00:42:51,2024-07-26 18:12:33
ORG000046,Guardian Foundation Network,9625 Hill Rd,Green Torontocrest,6,M5H 9Y8,To neighbors care families wellbeing serve dignity opportunity relief access communities.,https://www.guardianfoundationnetwor-000046.example,+1-416-555-0101,contact@guardianfoundationnetwor-000046.example,for_profit,large,3,True,True,2024-05-02 07:07:24,2024-05-19 17:08:49
ORG000047,Lighthouse Network Coalition,6474 Washington Blvd,Seattle,5,98101,To volunteers uplift empower relief support families connect assist resilience access.,https://www.lighthousenetworkcoaliti-000047.example,+1-202-555-0106,contact@lighthousenetworkcoaliti-000047.example,non_profit,large,1,True,True,2024-09-14 06:08:30,2024-12-12 09:55:04
ORG000048,Evergreen Family Collective,8426 Oak Blvd,San Francisco,2,94103,To communities support empower uplift volunteers care serve neighbors.,https://www.evergreenfamilycollectiv-000048.example,+1-202-555-0138,contact@evergreenfamilycollectiv-000048.example,for_profit,large,5,True,False,2025-04-15 15:35:16,2025-07-25 00:25:03
ORG000049,Trinity Assistance Initiative,4321 River Ln,Geelong,15,3220,To serve access resilience communities volunteers assist strengthen care dignity empower connect neighbors.,https://www.trinityassistanceinitiat-000049.example,,contact@trinityassistanceinitiat-000049.example,non_profit,small,1,False,False,2025-05-04 13:12:43,2025-08-31 19:16:46
ORG000050,Riverside Outreach Center,3660 Union St,Pune,11,411001,To assist dignity neighbors serve resources volunteers relief families access.,https://www.riversideoutreachcenter-000050.example,,contact@riversideoutreachcenter-000050.example,for_profit,large,5,False,True,2024-05-05 00:24:04,2024-07-25 21:04:49
ORG000051,Evergreen Relief Foundation,9365 Sunset Rd,Lake Manchesterdale,9,M1 2JS,To volunteers uplift wellbeing care access communities empower connect assist.,https://www.evergreenrelieffoundatio-000051.example,,contact@evergreenrelieffoundatio-000051.example,for_profit,large,5,False,False,2024-09-06 13:14:50,2024-11-19 10:19:35
ORG000052,Unity Hope Network,4069 Highland Way,New Albanybridge,3,12213,To dignity opportunity serve wellbeing empower uplift care access resources support assist relief.,https://www.unityhopenetwork-000052.example,+1-202-555-0103,contact@unityhopenetwork-000052.example,non_profit,medium,5,False,True,2025-02-28 17:16:19,2025-05-27 09:34:07
ORG000053,Cornerstone Network Trust,8695 Lake St,Victoria,7,V8W 1P6,To resources serve uplift support relief resilience opportunity assist wellbeing.,https://www.cornerstonenetworktrust-000053.example,+1-416-555-0159,contact@cornerstonenetworktrust-000053.example,for_profit,small,4,True,True,2024-02-28 05:58:24,2024-05-27 11:47:54
ORG000054,Beacon Hope Partners,5648 River Ct,Fort Buffalohaven,3,14201,To communities resilience assist resources relief dignity families strengthen access empower connect.,https://www.beaconhopepartners-000054.example,+1-202-555-0132,contact@beaconhopepartners-000054.example,for_profit,large,1,True,True,2024-10-31 11:34:50,2024-10-31 17:14:10
ORG000055,Evergreen Support Foundation,7587 Union Way,New Houstonwood,4,77056,To serve strengthen resources families opportunity dignity connect relief.,https://www.evergreensupportfoundati-000055.example,+1-202-555-0126,contact@evergreensupportfoundati-000055.example,non_profit,large,1,True,False,2024-08-12 07:33:27,2024-08-30 18:59:08
ORG000056,Riverside Assistance Network,7641 Cedar Blvd,West Alexandriaford,1,22300,To empower access opportunity assist relief connect volunteers communities.,https://www.riversideassistancenetwo-000056.example,+1-202-555-0129,contact@riversideassistancenetwo-000056.example,for_profit,medium,5,True,True,2025-08-14 14:40:16,2025-11-04 07:48:48
ORG000057,Unity Community Services,1137 Washington Blvd,Edinburgh,10,EH1 1YZ,To dignity assist care volunteers empower connect families resources strengthen access opportunity.,https://www.unitycommunityservices-000057.example,,contact@unitycommunityservices-000057.example,non_profit,small,3,False,True,2025-04-04 09:35:18,2025-04-22 03:05:34
ORG000058,Lighthouse Relief Partners,781 Main Rd,West Sanford,2,94158,To support resilience uplift opportunity serve strengthen relief connect volunteers neighbors wellbeing.,https://www.lighthousereliefpartners-000058.example,+1-202-555-0100,contact@lighthousereliefpartners-000058.example,non_profit,large,3,False,False,2024-09-20 07:08:08,2024-11-13 12:21:52
ORG000059,Bright Care Society,9180 Main Ave,Lake Newburg,13,110642,To care communities serve dignity access relief assist families resilience neighbors wellbeing.,https://www.brightcaresociety-000059.example,,contact@brightcaresociety-000059.example,non_profit,small,2,False,True,2024-12-04 15:36:07,2025-01-29 09:46:01
ORG000060,Bright Family Foundation,502 River Ln,Toronto,6,M5H 2N2,To volunteers wellbeing support serve strengthen resources relief empower communities assist.,https://www.brightfamilyfoundation-000060.example,+1-416-555-0138,contact@brightfamilyfoundation-000060.example,for_profit,large,2,False,True,2025-02-02 12:27:25,2025-03-08 06:56:25
ORG000061,Summit Family Trust,9391 Sunset Way,East Ottawaburg,6,K1P 9X0,To assist serve volunteers strengthen resources access dignity connect.,https://www.summitfamilytrust-000061.example,+1-416-555-0189,contact@summitfamilytrust-000061.example,non_profit,small,5,False,True,2024-01-07 19:52:01,2024-03-31 15:43:27
ORG000062,Helping Care Society,5015 Lake Way,Lake Hamburgdale,18,20029,To volunteers assist resources empower care access dignity resilience strengthen.,https://www.helpingcaresociety-000062.example,,contact@helpingcaresociety-000062.example,for_profit,medium,5,False,False,2025-04-01 05:19:15,2025-05-15 14:06:18
ORG000063,Guardian Network Partners,4528 Hill St,Lake Manchesterdale,9,M1 2JS,To support neighbors resources relief opportunity care families communities empower.,https://www.guardiannetworkpartners-000063.example,,contact@guardiannetworkpartners-000063.example,for_profit,small,2,False,False,2025-07-20 02:11:25,2025-07-25 09:16:53
ORG000064,Riverside Hope Center,5778 Park Way,Montreal,8,H2Y 1C6,To volunteers resilience access connect empower relief serve communities families neighbors care.,https://www.riversidehopecenter-000064.example,+1-416-555-0102,contact@riversidehopecenter-000064.example,for_profit,medium,4,False,True,2025-01-09 04:56:11,2025-01-14 15:44:01
ORG000065,Cornerstone Alliance Services,7615 Church St,South Seattlefield,5,98113,To resources strengthen wellbeing serve care access dignity assist.,https://www.cornerstoneallianceservi-000065.example,+1-202-555-0190,contact@cornerstoneallianceservi-000065.example,for_profit,small,1,False,True,2024-03-30 21:00:35,2024-06-11 08:34:11
ORG000066,Evergreen Alliance Services,3724 Main Ct,South Manchesterdale,9,M1 1MW,To care serve wellbeing communities resources dignity families relief volunteers access.,https://www.evergreenallianceservice-000066.example,,,non_profit,medium,1,False,False,2024-05-14 06:32:40,2024-07-26 23:10:19
ORG000067,Evergreen Community Coalition,5780 Church Blvd,Melbourne,15,3000,To resources wellbeing opportunity care neighbors volunteers empower resilience uplift serve communities assist.,https://www.evergreencommunitycoalit-000067.example,,contact@evergreencommunitycoalit-000067.example,non_profit,large,1,False,True,2024-08-05 01:43:31,2024-11-08 19:40:04
ORG000068,Lighthouse Foundation Collective,5075 Pine Ave,Ottawa,6,K1P 1J1,To resilience care strengthen dignity connect assist volunteers opportunity.,https://www.lighthousefoundationcoll-000068.example,+1-416-555-0136,contact@lighthousefoundationcoll-000068.example,for_profit,medium,3,False,True,2024-10-31 17:20:29,2025-01-27 14:02:45
ORG000069,Harbor Network Center,8450 Elm St,West Montrealville,8,H2Y 6A2,To relief dignity resources volunteers communities neighbors care serve access resilience strengthen.,https://www.harbornetworkcenter-000069.example,+1-416-555-0153,contact@harbornetworkcenter-000069.example,non_profit,medium,4,False,False,2024-09-12 19:37:41,2025-01-08 11:51:39
ORG000070,Bright Alliance Foundation,7635 Lake Way,New Houstonwood,4,77056,To assist volunteers support opportunity communities neighbors dignity serve.,https://www.brightalliancefoundation-000070.example,+1-202-555-0149,contact@brightalliancefoundation-000070.example,non_profit,small,2,False,True,2025-05-16 07:13:03,2025-07-12 03:55:09
ORG000071,Harbor Care Coalition,709 Sunset Blvd,Ottawa,6,K1P 1J1,To connect uplift care volunteers serve relief communities resilience strengthen.,https://www.harborcarecoalition-000071.example,+1-416-555-0188,contact@harborcarecoalition-000071.example,for_profit,small,3,False,True,2025-02-23 03:37:38,2025-04-07 08:12:59
ORG000072,Riverside Community Coalition,6945 Highland Dr,East Mysurufield,12,570465,To relief communities resources volunteers strengthen resilience opportunity wellbeing.,https://www.riversidecommunitycoalit-000072.example,,,non_profit,small,1,False,True,2024-05-23 13:15:17,2024-07-24 04:19:35
ORG000073,Beacon Outreach Center,1822 Highland Blvd,San Francisco,2,94103,To wellbeing communities connect uplift relief volunteers resources support.,https://www.beaconoutreachcenter-000073.example,+1-202-555-0153,contact@beaconoutreachcenter-000073.example,for_profit,large,4,True,True,2024-09-28 20:36:17,2025-01-09 12:27:42
ORG000074,Helping Alliance Coalition,5779 Cedar St,South Albanybridge,3,12243,To resources relief volunteers opportunity families strengthen support connect assist serve.,https://www.helpingalliancecoalition-000074.example,+1-202-555-0190,contact@helpingalliancecoalition-000074.example,non_profit,medium,4,False,True,2024-01-28 20:24:18,2024-03-05 10:00:02
ORG000075,Open Relief Coalition,9841 Main Ln,West Munichhaven,17,80322,To empower support opportunity strengthen resources resilience serve assist families dignity connect.,https://www.openreliefcoalition-000075.example,,,non_profit,small,2,True,True,2024-08-26 05:08:31,2024-10-17 11:45:17
ORG000076,Cornerstone Alliance Foundation,7574 Main Ave,Montreal,8,H2Y 1C6,To serve strengthen empower opportunity relief families resilience uplift resources dignity.,https://www.cornerstonealliancefound-000076.example,+1-416-555-0104,contact@cornerstonealliancefound-000076.example,for_profit,small,1,True,False,2025-02-14 12:29:49,2025-05-02 13:57:30
ORG000077,Open Care Coalition,2582 Park Way,West Mumbaiton,11,400477,To uplift serve support volunteers wellbeing opportunity communities empower connect access assist dignity.,https://www.opencarecoalition-000077.example,,,non_profit,small,5,True,True,2024-08-25 03:47:40,2024-12-12 06:35:18
ORG000078,Bright Neighbor Society,8872 Hill Ct,Berlin,16,10115,To wellbeing uplift empower care serve connect dignity resources volunteers.,https://www.brightneighborsociety-000078.example,,contact@brightneighborsociety-000078.example,non_profit,small,2,False,True,2024-02-25 19:18:39,2024-05-07 05:50:26
ORG000079,Bright Relief Initiative,4436 Lake Way,South Arlingtonton,1,22244,To relief dignity support wellbeing resilience access uplift communities.,https://www.brightreliefinitiative-000079.example,+1-202-555-0119,contact@brightreliefinitiative-000079.example,for_profit,medium,2,True,True,2025-03-05 20:32:37,2025-04-16 01:20:33
ORG000080,Guardian Network Center,60 Highland Ln,West Mumbaiton,11,400477,To volunteers access resilience opportunity care dignity support assist empower connect neighbors.,https://www.guardiannetworkcenter-000080.example,,contact@guardiannetworkcenter-000080.example,non_profit,large,3,True,True,2025-04-26 00:35:57,2025-07-03 08:36:25
ORG000081,Lighthouse Neighbor Partners,6188 Pine Ave,Nuremberg,17,90402,To support relief volunteers assist dignity communities empower opportunity neighbors access wellbeing.,https://www.lighthouseneighborpartne-000081.example,,contact@lighthouseneighborpartne-000081.example,for_profit,large,5,True,True,2024-05-30 21:43:46,2024-06-09 20:25:34
ORG000082,Trinity Alliance Initiative,2365 Lake Rd,Port Newcastlefield,14,2362,To strengthen neighbors uplift resources serve relief volunteers care.,https://www.trinityallianceinitiativ-000082.example,,contact@trinityallianceinitiativ-000082.example,for_profit,small,1,False,True,2025-01-22 18:30:55,2025-04-06 06:10:59
ORG000083,Helping Alliance Center,20 Sunset Way,New Delhi,13,110001,To serve resources strengthen empower communities resilience volunteers access support dignity uplift.,https://www.helpingalliancecenter-000083.example,,contact@helpingalliancecenter-000083.example,non_profit,medium,5,False,False,2025-07-23 09:33:28,2025-07-24 07:40:58
ORG000084,Evergreen Support Network,574 Church St,East Mysurufield,12,570465,To access empower serve relief neighbors resources strengthen support.,https://www.evergreensupportnetwork-000084.example,,contact@evergreensupportnetwork-000084.example,for_profit,small,2,True,True,2024-10-27 22:05:42,2024-11-03 08:09:47
ORG000085,Unity Alliance Coalition,7712 Elm Ct,Edinburgh,10,EH1 1YZ,To resilience volunteers communities dignity strengthen families resources opportunity uplift wellbeing.,https://www.unityalliancecoalition-000085.example,,contact@unityalliancecoalition-000085.example,non_profit,medium,5,False,True,2024-06-28 10:05:00,2024-09-22 15:44:57
ORG000086,Unity Community Center,4780 Main Dr,Sydney,14,2000,To assist communities resilience wellbeing dignity access care relief.,https://www.unitycommunitycenter-000086.example,,contact@unitycommunitycenter-000086.example,for_profit,medium,5,True,False,2024-03-26 21:18:07,2024-05-10 20:31:35
ORG000087,Solace Community Partners,761 Highland Dr,Quebec City,8,G1R 4P3,To families care opportunity connect uplift resilience relief wellbeing support neighbors volunteers serve.,https://www.solacecommunitypartners-000087.example,+1-416-555-0143,contact@solacecommunitypartners-000087.example,non_profit,medium,1,False,True,2024-11-23 19:31:49,2024-12-05 09:51:27
ORG000088,Cornerstone Community Collective,3990 Elm Blvd,West Seattleburg,5,98123,To relief serve wellbeing opportunity empower resources support dignity neighbors strengthen resilience.,https://www.cornerstonecommunitycoll-000088.example,+1-202-555-0168,contact@cornerstonecommunitycoll-000088.example,for_profit,large,5,False,False,2025-08-15 02:27:13,2025-09-07 10:51:01
ORG000089,Lighthouse Care Network,3435 Main Ct,Vancouver,7,V6B 1A1,To neighbors wellbeing support empower resilience connect dignity volunteers assist.,https://www.lighthousecarenetwork-000089.example,+1-416-555-0133,contact@lighthousecarenetwork-000089.example,for_profit,large,2,True,False,2024-03-19 16:22:52,2024-06-01 05:30:24
ORG000090,Helping Neighbor Collective,2309 Oak Ln,East Ottawaburg,6,K1P 9X0,To neighbors wellbeing relief resilience uplift assist support access connect families serve.,https://www.helpingneighborcollectiv-000090.example,+1-416-555-0158,,for_profit,large,5,False,False,2025-06-14 00:58:50,2025-08-23 04:44:29
ORG000091,Unity Family Center,4448 Elm Blvd,Nuremberg,17,90402,To strengthen dignity resilience wellbeing families neighbors access volunteers opportunity communities care resources.,https://www.unityfamilycenter-000091.example,,contact@unityfamilycenter-000091.example,for_profit,medium,5,True,True,2025-03-16 11:29:11,2025-05-18 22:03:14
ORG000092,Summit Care Center,9524 Sunset Rd,East Ottawaburg,6,K1P 9X0,To support volunteers dignity strengthen resources communities access wellbeing empower families serve.,https://www.summitcarecenter-000092.example,+1-416-555-0132,contact@summitcarecenter-000092.example,non_profit,large,5,True,True,2024-01-05 12:58:39,2024-05-02 17:45:38
ORG000093,Trinity Assistance Center,5726 Washington Ave,Toronto,6,M5H 2N2,To resources dignity care uplift relief connect resilience serve.,https://www.trinityassistancecenter-000093.example,+1-416-555-0107,,for_profit,small,4,True,True,2024-10-29 00:38:15,2024-12-23 00:28:57
ORG000094,Trinity Hope Coalition,4908 Cedar Rd,Alexandria,1,22314,To assist resilience strengthen access empower neighbors relief volunteers.,https://www.trinityhopecoalition-000094.example,+1-202-555-0183,contact@trinityhopecoalition-000094.example,for_profit,medium,3,False,False,2024-04-14 21:02:08,2024-07-14 01:30:48
ORG000095,Solace Family Network,3048 Hill Ct,West Munichhaven,17,80322,To empower care dignity connect strengthen resources uplift resilience families neighbors opportunity assist.,https://www.solacefamilynetwork-000095.example,,contact@solacefamilynetwork-000095.example,for_profit,medium,3,True,False,2024-03-19 15:34:44,2024-03-21 07:09:38
ORG000096,Open Assistance Partners,8574 Sunset Way,New Albanybridge,3,12213,To relief empower volunteers neighbors assist families resources dignity access uplift connect.,https://www.openassistancepartners-000096.example,+1-202-555-0168,contact@openassistancepartners-000096.example,non_profit,large,5,False,True,2024-06-29 19:08:04,2024-10-28 01:06:46
ORG000097,Cornerstone Neighbor Foundation,8854 Hill Ct,West Alexandriaford,1,22300,To strengthen assist relief support serve dignity wellbeing care.,https://www.cornerstoneneighborfound-000097.example,+1-202-555-0166,contact@cornerstoneneighborfound-000097.example,for_profit,small,4,False,False,2024-09-05 11:42:14,2024-12-22 08:53:06
ORG000098,Evergreen Neighbor Initiative,8671 Lake Way,Fort Puneton,11,411710,To communities uplift support access relief neighbors serve wellbeing.,https://www.evergreenneighborinitiat-000098.example,,,non_profit,medium,2,False,True,2025-07-09 07:42:49,2025-08-21 13:12:58
ORG000099,Bright Alliance Trust,2115 Union Ct,Mount Dallaston,4,75202,To empower relief neighbors volunteers serve strengthen opportunity dignity families communities resilience.,https://www.brightalliancetrust-000099.example,+1-202-555-0107,,for_profit,small,2,True,True,2025-01-13 00:15:21,2025-05-07 13:26:33
ORG000100,Guardian Community Center,5534 Pine Way,East Munichfield,17,80360,To communities resilience wellbeing empower uplift access dignity assist relief neighbors families care.,https://www.guardiancommunitycenter-000100.example,,contact@guardiancommunitycenter-000100.example,for_profit,large,3,True,False,2024-06-16 17:02:48,2024-09-17 21:24:09
ORG000101,Helping Outreach Trust,4335 Sunset Way,Seattle,5,98101,To communities assist strengthen opportunity families dignity empower resources connect uplift neighbors.,https://www.helpingoutreachtrust-000101.example,+1-202-555-0177,contact@helpingoutreachtrust-000101.example,for_profit,large,4,True,False,2025-01-25 04:00:19,2025-03-01 20:43:18
ORG000102,Unity Care Collective,2616 Washington Ln,Manchester,9,M1 1AE,To access dignity support volunteers serve opportunity empower connect.,https://www.unitycarecollective-000102.example,,contact@unitycarecollective-000102.example,non_profit,large,5,True,True,2024-09-25 19:37:53,2024-12-10 17:31:10
ORG000103,Helping Support Services,874 Elm Ave,Mount Geelongbridge,15,3295,To wellbeing support serve resources dignity opportunity resilience communities.,https://www.helpingsupportservices-000103.example,,contact@helpingsupportservices-000103.example,non_profit,medium,4,False,True,2025-01-19 13:34:14,2025-02-20 01:01:49
ORG000104,Guardian Support Network,7070 River Dr,Sydney,14,2000,To relief families resources access strengthen wellbeing resilience dignity opportunity care volunteers.,https://www.guardiansupportnetwork-000104.example,,,for_profit,large,2,False,True,2025-06-07 23:04:20,2025-10-04 11:27:58
ORG000105,Riverside Alliance Services,9162 Cedar Dr,Bengaluru,12,560001,To volunteers uplift resources wellbeing care support communities relief neighbors.,https://www.riversideallianceservice-000105.example,,,non_profit,small,4,False,True,2025-03-29 12:19:32,2025-05-14 22:16:36
ORG000106,Lighthouse Alliance Network,4848 Elm Blvd,Los Angeles,2,90012,To assist empower uplift access volunteers relief care families.,https://www.lighthousealliancenetwor-000106.example,+1-202-555-0133,contact@lighthousealliancenetwor-000106.example,non_profit,large,5,True,False,2024-04-04 18:53:58,2024-05-22 10:12:43
ORG000107,Trinity Network Trust,4682 Main Blvd,Dallas,4,75201,To assist dignity communities families volunteers wellbeing care support access uplift empower connect.,https://www.trinitynetworktrust-000107.example,+1-202-555-0191,contact@trinitynetworktrust-000107.example,non_profit,medium,2,True,True,2024-09-04 14:46:59,2024-09-15 20:34:17
ORG000108,Lighthouse Community Foundation,3878 Church Blvd,East Mysuruford,12,570546,To families dignity support connect neighbors relief empower care serve uplift.,https://www.lighthousecommunityfound-000108.example,,,non_profit,medium,5,False,True,2024-10-17 00:38:58,2024-11-18 02:47:49
ORG000109,Beacon Foundation Collective,1429 Maple Ct,East Houstonford,4,77067,To families uplift serve opportunity connect support care resilience relief.,https://www.beaconfoundationcollecti-000109.example,+1-202-555-0111,,non_profit,large,1,False,True,2025-03-19 07:11:57,2025-05-17 20:46:23
ORG000110,Lighthouse Relief Partners,8656 Sunset Ave,East Ottawaburg,6,K1P 9X0,To care dignity families resources connect serve empower opportunity relief access support resilience.,https://www.lighthousereliefpartners-000110.example,+1-416-555-0108,contact@lighthousereliefpartners-000110.example,non_profit,medium,4,False,False,2024-02-05 14:39:33,2024-04-22 16:15:07
ORG000111,Beacon Family Society,883 Pine Ave,Melbourne,15,3000,To connect support assist relief families empower neighbors communities uplift wellbeing strengthen.,https://www.beaconfamilysociety-000111.example,,contact@beaconfamilysociety-000111.example,non_profit,small,1,False,False,2024-06-04 16:48:27,2024-09-25 13:13:58
ORG000112,Solace Relief Collective,7779 Highland Way,Mount Spokaneburg,5,99270,To empower access resilience resources care wellbeing connect strengthen volunteers communities.,https://www.solacereliefcollective-000112.example,+1-202-555-0119,contact@solacereliefcollective-000112.example,for_profit,large,2,True,True,2025-01-11 22:01:31,2025-01-21 06:59:04
ORG000113,Open Support Partners,5169 Highland Ct,East Houstonford,4,77067,To assist care relief empower opportunity resilience communities support.,https://www.opensupportpartners-000113.example,+1-202-555-0101,contact@opensupportpartners-000113.example,for_profit,medium,5,False,False,2024-03-19 11:41:54,2024-06-13 11:30:57
ORG000114,Open Foundation Coalition,1772 Sunset Dr,West Montrealville,8,H2Y 6A2,To support relief access connect uplift volunteers wellbeing neighbors assist serve families opportunity.,https://www.openfoundationcoalition-000114.example,+1-416-555-0127,contact@openfoundationcoalition-000114.example,non_profit,medium,3,False,False,2024-05-20 16:13:44,2024-07-18 17:15:15
ORG000115,Bright Network Partners,7670 Elm St,East Ottawaburg,6,K1P 9X0,To access strengthen uplift volunteers resilience neighbors resources connect relief wellbeing dignity families.,https://www.brightnetworkpartners-000115.example,+1-416-555-0195,contact@brightnetworkpartners-000115.example,for_profit,small,2,False,True,2025-06-23 02:12:39,2025-10-13 22:22:54
ORG000116,Evergreen Community Coalition,8891 Hill Rd,Mysuru,12,570001,To access assist care wellbeing connect serve neighbors support resources uplift dignity relief.,https://www.evergreencommunitycoalit-000116.example,,contact@evergreencommunitycoalit-000116.example,for_profit,medium,4,False,True,2024-11-15 01:55:10,2025-02-22 09:22:41
ORG000117,Riverside Support Center,6559 Cedar Ave,Birmingham,9,B1 1BB,To volunteers resources strengthen resilience communities assist support empower uplift opportunity neighbors.,https://www.riversidesupportcenter-000117.example,,contact@riversidesupportcenter-000117.example,non_profit,small,3,True,True,2024-04-10 21:14:31,2024-07-17 23:22:33
ORG000118,Unity Assistance Services,8832 Washington Ave,Port Manchesterwood,9,M1 6YJ,To families care support assist resilience access empower wellbeing.,https://www.unityassistanceservices-000118.example,,contact@unityassistanceservices-000118.example,for_profit,large,1,False,True,2024-11-16 07:13:44,2025-01-03 09:18:10
ORG000119,Open Relief Initiative,8300 Highland Ln,Geelong,15,3220,To access resilience connect neighbors care support serve uplift volunteers.,https://www.openreliefinitiative-000119.example,,contact@openreliefinitiative-000119.example,for_profit,medium,3,False,True,2024-12-25 17:11:47,2025-02-14 09:27:11
ORG000120,Solace Outreach Foundation,2256 Maple Ct,West Quebecburg,8,G1R 4K3,To communities opportunity care access resilience uplift volunteers connect empower.,https://www.solaceoutreachfoundation-000120.example,+1-416-555-0183,,for_profit,large,2,True,True,2024-01-10 16:00:54,2024-01-21 18:39:20
ORG000121,Cornerstone Alliance Foundation,9593 Cedar Ln,Mount Puneton,11,411343,To relief connect dignity resources support neighbors empower care.,https://www.cornerstonealliancefound-000121.example,,contact@cornerstonealliancefound-000121.example,for_profit,small,2,True,True,2025-08-17 19:53:43,2025-11-06 09:55:33
ORG000122,Helping Relief Coalition,7980 Church Dr,South Seattlefield,5,98113,To volunteers serve families strengthen opportunity access uplift care resilience assist relief dignity.,https://www.helpingreliefcoalition-000122.example,+1-202-555-0137,contact@helpingreliefcoalition-000122.example,non_profit,large,4,False,False,2025-04-30 23:02:00,2025-07-28 12:13:51
ORG000123,Trinity Outreach Network,1096 River Ct,Fort Vancouverville,7,V6B 5J4,To neighbors families resilience wellbeing resources care strengthen access connect.,https://www.trinityoutreachnetwork-000123.example,+1-416-555-0129,contact@trinityoutreachnetwork-000123.example,non_profit,medium,2,False,False,2025-05-01 19:10:32,2025-05-01 19:17:58
ORG000124,Bright Network Partners,7291 Main Ct,Manchester,9,M1 1AE,To serve uplift families volunteers communities assist empower resources relief support wellbeing neighbors.,https://www.brightnetworkpartners-000124.example,,contact@brightnetworkpartners-000124.example,for_profit,small,2,True,True,2025-05-14 07:05:43,2025-08-09 08:08:48
ORG000125,Solace Assistance Coalition,6642 River Ct,South Albanybridge,3,12243,To wellbeing serve assist empower resilience connect opportunity strengthen care uplift communities neighbors.,https://www.solaceassistancecoalitio-000125.example,+1-202-555-0112,contact@solaceassistancecoalitio-000125.example,for_profit,large,5,True,False,2024-08-07 00:10:43,2024-10-14 15:56:05
ORG000126,Trinity Assistance Society,34 Lake Ave,Los Angeles,2,90012,To dignity serve connect families resilience assist uplift care.,https://www.trinityassistancesociety-000126.example,+1-202-555-0148,contact@trinityassistancesociety-000126.example,non_profit,small,5,False,True,2024-02-09 06:56:33,2024-05-21 02:13:37
ORG000127,Lighthouse Support Trust,8458 Church Dr,Mount Berlindale,16,10161,To communities access wellbeing families neighbors volunteers resources relief care.,https://www.lighthousesupporttrust-000127.example,,contact@lighthousesupporttrust-000127.example,non_profit,large,2,True,True,2024-11-06 14:46:49,2024-12-15 06:00:35
ORG000128,Unity Family Partners,9594 Main Way,Port Losfield,2,90040,To dignity support uplift relief strengthen resources serve neighbors care families resilience.,https://www.unityfamilypartners-000128.example,+1-202-555-0158,contact@unityfamilypartners-000128.example,for_profit,medium,5,True,True,2024-02-02 02:10:48,2024-02-23 14:41:24
ORG000129,Harbor Community Coalition,7324 Main Rd,New Melbourneburg,15,3084,To opportunity empower relief dignity resilience resources access assist families serve connect.,https://www.harborcommunitycoalition-000129.example,,contact@harborcommunitycoalition-000129.example,non_profit,large,5,True,True,2025-04-28 09:53:48,2025-08-02 04:46:49
ORG000130,Unity Alliance Initiative,2884 Park Way,East Mysurufield,12,570465,To empower access families neighbors care strengthen assist dignity communities connect.,https://www.unityallianceinitiative-000130.example,,contact@unityallianceinitiative-000130.example,for_profit,large,3,True,True,2025-05-19 08:19:34,2025-07-14 22:19:17
ORG000131,Helping Family Society,662 Cedar Ln,New Newwood,3,10092,To uplift relief empower strengthen assist connect resilience families serve support.,https://www.helpingfamilysociety-000131.example,+1-202-555-0127,contact@helpingfamilysociety-000131.example,for_profit,large,3,True,False,2025-08-23 17:31:30,2025-11-05 04:32:24
ORG000132,Guardian Care Coalition,4226 Highland St,Montreal,8,H2Y 1C6,To communities volunteers connect dignity neighbors strengthen opportunity wellbeing care uplift relief.,https://www.guardiancarecoalition-000132.example,+1-416-555-0151,contact@guardiancarecoalition-000132.example,for_profit,small,2,True,True,2024-01-12 04:58:45,2024-04-18 06:28:33
ORG000133,Solace Alliance Collective,6688 Park Rd,Glasgow,10,G1 1XW,To uplift access dignity communities serve relief connect care neighbors.,https://www.solacealliancecollective-000133.example,,contact@solacealliancecollective-000133.example,non_profit,large,2,False,False,2024-01-26 10:46:51,2024-03-11 17:12:37
ORG000134,Trinity Care Society,3819 Highland Rd,Hamburg,18,20095,To empower support families uplift volunteers serve access wellbeing dignity communities resources.,https://www.trinitycaresociety-000134.example,,contact@trinitycaresociety-000134.example,non_profit,small,1,False,True,2024-06-29 14:21:48,2024-09-11 20:27:50
ORG000135,Helping Care Partners,7977 Church St,East Munichfield,17,80360,To resilience communities relief serve families neighbors care resources volunteers strengthen.,https://www.helpingcarepartners-000135.example,,,non_profit,medium,4,False,True,2024-10-14 20:25:40,2025-01-20 22:34:03
ORG000136,Open Alliance Initiative,2361 Oak Dr,Arlington,1,22201,To wellbeing communities resilience strengthen assist uplift support access serve connect relief.,https://www.openallianceinitiative-000136.example,+1-202-555-0125,contact@openallianceinitiative-000136.example,for_profit,large,5,True,True,2024-10-29 20:54:45,2024-12-14 06:14:31
ORG000137,Unity Assistance Partners,9949 Lake Rd,Mount Geelongbridge,15,3295,To connect resources support communities relief empower families neighbors strengthen.,https://www.unityassistancepartners-000137.example,,contact@unityassistancepartners-000137.example,for_profit,medium,3,False,False,2024-08-07 05:51:36,2024-08-11 13:30:05
ORG000138,Harbor Neighbor Trust,6633 River St,Port Geelongford,15,3215,To resilience communities families access assist wellbeing empower uplift opportunity volunteers neighbors.,https://www.harborneighbortrust-000138.example,,contact@harborneighbortrust-000138.example,for_profit,large,5,True,False,2024-01-12 21:27:27,2024-05-04 21:09:00
ORG000139,Helping Hope Network,5329 Elm Way,Seattle,5,98101,To resilience families assist dignity serve wellbeing access uplift care.,https://www.helpinghopenetwork-000139.example,+1-202-555-0143,,for_profit,small,2,False,True,2024-11-13 13:54:30,2024-12-31 19:03:36
ORG000140,Riverside Relief Initiative,7700 Main Ct,Munich,17,80331,To empower relief uplift connect support volunteers access resources communities.,https://www.riversidereliefinitiativ-000140.example,,contact@riversidereliefinitiativ-000140.example,for_profit,small,2,True,True,2025-01-05 22:49:42,2025-03-30 10:01:46
ORG000141,Guardian Care Network,9246 Cedar Ave,Nuremberg,17,90402,To care support serve opportunity wellbeing families resilience uplift neighbors volunteers assist.,https://www.guardiancarenetwork-000141.example,,contact@guardiancarenetwork-000141.example,non_profit,large,4,True,False,2024-06-24 08:13:18,2024-10-20 00:41:35
ORG000142,Evergreen Relief Center,7685 Hill Dr,South Albanybridge,3,12243,To resources neighbors connect access assist care support families volunteers dignity serve communities.,https://www.evergreenreliefcenter-000142.example,+1-202-555-0112,,for_profit,large,3,False,True,2025-04-04 02:56:36,2025-06-24 01:09:18
ORG000143,Bright Hope Society,4177 Church Ct,Norfolk,1,23510,To communities wellbeing resilience empower resources care dignity opportunity strengthen.,https://www.brighthopesociety-000143.example,+1-202-555-0116,contact@brighthopesociety-000143.example,non_profit,large,3,True,True,2024-09-10 07:17:26,2024-11-05 02:10:45
ORG000144,Helping Care Society,8844 Hill Rd,Lake Sanhaven,2,94171,To neighbors communities relief resources support families assist opportunity strengthen dignity serve.,https://www.helpingcaresociety-000144.example,+1-202-555-0164,contact@helpingcaresociety-000144.example,non_profit,large,3,True,True,2025-07-09 18:47:28,2025-09-03 21:25:01
ORG000145,Trinity Foundation Collective,3643 Pine Rd,East Edinburghbridge,10,EH1 1TG,To neighbors opportunity care volunteers connect empower resilience dignity access strengthen.,https://www.trinityfoundationcollect-000145.example,,contact@trinityfoundationcollect-000145.example,non_profit,large,4,True,True,2025-02-03 17:25:51,2025-04-22 13:36:07
ORG000146,Beacon Hope Center,9625 Highland St,Lake Norfolkdale,1,23597,To access care neighbors resilience uplift communities assist resources families.,https://www.beaconhopecenter-000146.example,+1-202-555-0115,contact@beaconhopecenter-000146.example,non_profit,medium,1,True,True,2025-03-06 04:18:24,2025-04-29 05:15:43
ORG000147,Harbor Care Collective,1150 River St,South Victoriaburg,7,V8W 8M9,To families serve volunteers communities wellbeing resilience strengthen connect.,https://www.harborcarecollective-000147.example,+1-416-555-0169,contact@harborcarecollective-000147.example,for_profit,small,1,False,True,2025-02-19 07:20:22,2025-04-30 21:05:54
ORG000148,Riverside Community Foundation,8498 Main Ave,Green Torontocrest,6,M5H 9Y8,To connect strengthen families resources dignity communities empower neighbors.,https://www.riversidecommunityfounda-000148.example,+1-416-555-0111,,non_profit,medium,1,False,False,2024-06-21 03:21:50,2024-10-08 18:34:40
ORG000149,Lighthouse Family Coalition,5506 Oak Ave,South Berlinwood,16,10187,To communities dignity resilience connect neighbors assist care volunteers relief empower resources support.,https://www.lighthousefamilycoalitio-000149.example,,contact@lighthousefamilycoalitio-000149.example,for_profit,large,2,False,True,2025-02-15 05:50:46,2025-04-03 07:47:08
ORG000150,Solace Assistance Trust,1372 Maple Rd,New Newwood,3,10092,To uplift connect assist neighbors families strengthen wellbeing care support.,https://www.solaceassistancetrust-000150.example,+1-202-555-0172,,for_profit,small,1,False,False,2024-01-19 00:58:58,2024-04-17 04:37:25
ORG000151,Trinity Alliance Services,7356 Pine St,Glasgow,10,G1 1XW,To care serve connect strengthen resilience assist relief resources opportunity support wellbeing.,https://www.trinityallianceservices-000151.example,,,for_profit,small,4,True,False,2025-04-28 00:23:33,2025-07-08 11:47:42
ORG000152,Summit Family Partners,1990 River Blvd,New Albanybridge,3,12213,To communities assist empower strengthen access resilience families resources neighbors.,https://www.summitfamilypartners-000152.example,+1-202-555-0198,contact@summitfamilypartners-000152.example,non_profit,small,4,False,True,2025-03-17 10:53:41,2025-03-26 03:59:38
ORG000153,Bright Alliance Trust,1728 Union St,Nuremberg,17,90402,To care serve relief empower uplift strengthen support dignity connect access families volunteers.,https://www.brightalliancetrust-000153.example,,contact@brightalliancetrust-000153.example,non_profit,medium,1,False,True,2025-03-17 02:42:44,2025-05-21 01:21:38
ORG000154,Solace Family Partners,8866 Sunset Ave,Toronto,6,M5H 2N2,To access serve neighbors empower care resilience opportunity wellbeing uplift assist strengthen volunteers.,https://www.solacefamilypartners-000154.example,+1-416-555-0135,contact@solacefamilypartners-000154.example,for_profit,small,4,True,False,2024-01-14 17:16:47,2024-04-25 07:09:49
ORG000155,Riverside Hope Partners,6527 Washington Rd,New Hamburgcrest,18,20060,To wellbeing resources empower access uplift connect families resilience opportunity relief dignity support.,https://www.riversidehopepartners-000155.example,,contact@riversidehopepartners-000155.example,for_profit,large,4,False,True,2024-02-05 22:52:08,2024-05-04 13:08:29
ORG000156,Beacon Alliance Partners,9840 Highland Dr,New Hamburgcrest,18,20060,To empower serve care families communities connect neighbors volunteers assist.,https://www.beaconalliancepartners-000156.example,,contact@beaconalliancepartners-000156.example,for_profit,large,4,False,True,2024-10-21 23:25:48,2024-12-10 18:31:44
ORG000157,Unity Alliance Initiative,6394 Washington Blvd,Norfolk,1,23510,To care dignity support assist uplift families neighbors connect resilience access relief wellbeing.,https://www.unityallianceinitiative-000157.example,+1-202-555-0161,contact@unityallianceinitiative-000157.example,non_profit,medium,3,True,False,2024-05-13 04:51:28,2024-07-01 06:59:16
ORG000158,Guardian Alliance Center,1422 Sunset Blvd,Berlin,16,10115,To uplift neighbors strengthen assist opportunity connect resilience resources access support.,https://www.guardianalliancecenter-000158.example,,contact@guardianalliancecenter-000158.example,for_profit,large,4,False,True,2024-02-15 14:04:57,2024-04-02 05:13:10
ORG000159,Cornerstone Community Trust,5415 Cedar Ave,New Santon,2,94191,To serve opportunity neighbors resources resilience assist support strengthen families.,https://www.cornerstonecommunitytrus-000159.example,+1-202-555-0179,contact@cornerstonecommunitytrus-000159.example,non_profit,small,2,True,False,2024-06-02 09:40:23,2024-09-27 09:37:37
ORG000160,Harbor Foundation Services,1786 Highland Ln,New York,3,10001,To neighbors support access communities uplift resources care serve.,https://www.harborfoundationservices-000160.example,+1-202-555-0187,contact@harborfoundationservices-000160.example,for_profit,medium,5,False,True,2024-05-31 03:17:58,2024-07-04 02:32:44
ORG000161,Harbor Neighbor Services,8063 Park Ave,North Ottawafield,6,K1P 8H0,To serve support empower care connect dignity uplift resilience assist strengthen communities volunteers.,https://www.harborneighborservices-000161.example,+1-416-555-0127,contact@harborneighborservices-000161.example,for_profit,large,4,False,True,2024-04-27 22:59:33,2024-05-16 06:04:46
ORG000162,Trinity Neighbor Initiative,8094 Union Blvd,Fort Vancouverhaven,7,V6B 2L1,To families relief strengthen uplift volunteers opportunity serve dignity empower resilience.,https://www.trinityneighborinitiativ-000162.example,+1-416-555-0159,,non_profit,large,1,True,False,2024-08-07 07:19:32,2024-10-13 00:28:44
ORG000163,Cornerstone Hope Coalition,4293 Lake Way,South Seattlefield,5,98113,To dignity care wellbeing empower neighbors connect resilience opportunity communities uplift strengthen.,https://www.cornerstonehopecoalition-000163.example,+1-202-555-0190,contact@cornerstonehopecoalition-000163.example,for_profit,small,2,True,True,2025-07-22 08:33:11,2025-09-25 23:43:11
ORG000164,Summit Alliance Coalition,2233 Washington Blvd,Lake Dallasburg,4,75288,To empower access families connect uplift care resilience serve.,https://www.summitalliancecoalition-000164.example,+1-202-555-0100,contact@summitalliancecoalition-000164.example,non_profit,small,4,True,False,2025-02-04 02:23:38,2025-02-28 05:47:27
ORG000165,Unity Foundation Collective,3355 Cedar Ave,Fort Vancouverville,7,V6B 5J4,To access serve wellbeing resources opportunity resilience dignity uplift families communities connect assist.,https://www.unityfoundationcollectiv-000165.example,+1-416-555-0178,contact@unityfoundationcollectiv-000165.example,non_profit,small,1,False,False,2025-01-26 18:22:45,2025-03-27 03:40:44
ORG000166,Beacon Relief Center,9037 Sunset Way,North Ottawafield,6,K1P 8H0,To opportunity relief wellbeing connect dignity communities neighbors assist.,https://www.beaconreliefcenter-000166.example,+1-416-555-0106,,non_profit,small,3,False,True,2025-05-23 20:47:45,2025-08-01 19:10:37
ORG000167,Bright Care Society,738 Church Rd,Port Mysuruwood,12,570431,To serve strengthen wellbeing opportunity relief dignity families access uplift.,https://www.brightcaresociety-000167.example,,contact@brightcaresociety-000167.example,for_profit,small,3,False,False,2025-03-23 16:32:08,2025-05-25 02:10:03
ORG000168,Riverside Network Partners,8133 Pine St,East Torontoton,6,M5H 3R1,To support communities care opportunity assist dignity access strengthen resilience relief families.,https://www.riversidenetworkpartners-000168.example,+1-416-555-0186,,for_profit,large,2,True,False,2024-08-11 21:35:29,2024-09-20 12:06:15
ORG000169,Unity Family Network,8249 Washington Blvd,New Hamburgville,18,20062,To wellbeing neighbors resilience uplift assist access resources serve families care volunteers.,https://www.unityfamilynetwork-000169.example,,,for_profit,large,5,False,True,2025-07-05 13:07:37,2025-10-19 20:02:31
ORG000170,Open Community Initiative,3795 Oak Blvd,New Albanybridge,3,12213,To neighbors relief assist volunteers wellbeing care resources uplift families.,https://www.opencommunityinitiative-000170.example,+1-202-555-0171,contact@opencommunityinitiative-000170.example,for_profit,medium,3,True,False,2025-02-15 06:25:02,2025-06-08 14:59:24
ORG000171,Summit Community Initiative,311 Pine Rd,Austin,4,78701,To neighbors opportunity serve connect resources assist resilience strengthen families care volunteers.,https://www.summitcommunityinitiativ-000171.example,+1-202-555-0194,,for_profit,large,3,True,False,2024-08-28 23:35:43,2024-09-09 15:24:28
ORG000172,Lighthouse Care Services,8136 Maple Ct,West Edinburghford,10,EH1 7SY,To resilience dignity opportunity access communities relief strengthen families serve care neighbors.,https://www.lighthousecareservices-000172.example,,contact@lighthousecareservices-000172.example,for_profit,small,4,True,True,2024-08-01 22:12:58,2024-10-29 10:34:34
ORG000173,Cornerstone Care Partners,8051 Union Blvd,East Mysuruford,12,570546,To assist support access care empower strengthen wellbeing opportunity resilience.,https://www.cornerstonecarepartners-000173.example,,contact@cornerstonecarepartners-000173.example,non_profit,medium,3,False,True,2024-01-26 02:41:34,2024-05-07 11:53:01
ORG000174,Unity Network Coalition,9892 Main Ave,Ottawa,6,K1P 1J1,To opportunity care serve wellbeing access dignity uplift communities.,https://www.unitynetworkcoalition-000174.example,+1-416-555-0190,contact@unitynetworkcoalition-000174.example,for_profit,large,5,False,True,2025-02-26 17:31:39,2025-03-18 19:48:16
ORG000175,Beacon Assistance Foundation,6343 Lake Blvd,Glasgow,10,G1 1XW,To relief care serve empower wellbeing connect resilience opportunity.,https://www.beaconassistancefoundati-000175.example,,contact@beaconassistancefoundati-000175.example,for_profit,small,2,True,True,2025-01-25 23:39:36,2025-03-15 14:21:50
ORG000176,Lighthouse Foundation Society,5965 Elm Ct,Port Montrealburg,8,H2Y 5X6,To assist strengthen access resilience support empower dignity volunteers wellbeing uplift care communities.,https://www.lighthousefoundationsoci-000176.example,+1-416-555-0186,contact@lighthousefoundationsoci-000176.example,non_profit,large,4,True,False,2024-06-11 17:58:23,2024-08-30 09:05:05
ORG000177,Helping Hope Initiative,6883 Highland Ave,Manchester,9,M1 1AE,To opportunity volunteers access assist strengthen neighbors relief communities.,https://www.helpinghopeinitiative-000177.example,,contact@helpinghopeinitiative-000177.example,non_profit,large,2,False,True,2025-06-05 02:44:34,2025-09-24 23:28:09
ORG000178,Guardian Community Network,5746 Park Way,Mount Spokaneburg,5,99270,To volunteers opportunity resilience care assist families uplift dignity relief access.,https://www.guardiancommunitynetwork-000178.example,+1-202-555-0156,contact@guardiancommunitynetwork-000178.example,for_profit,medium,2,True,True,2025-01-26 15:09:31,2025-03-18 06:51:58
ORG000179,Trinity Hope Foundation,2780 Park St,South Seattlefield,5,98113,To neighbors opportunity care volunteers resilience serve access families uplift strengthen support dignity.,https://www.trinityhopefoundation-000179.example,+1-202-555-0156,contact@trinityhopefoundation-000179.example,for_profit,medium,5,False,True,2024-05-12 17:01:49,2024-06-28 00:30:20
ORG000180,Helping Community Trust,6602 Park Rd,Glasgow,10,G1 1XW,To serve communities dignity care uplift resources neighbors support resilience.,https://www.helpingcommunitytrust-000180.example,,contact@helpingcommunitytrust-000180.example,non_profit,medium,2,True,False,2024-08-24 02:13:12,2024-11-25 19:37:11
ORG000181,Summit Hope Foundation,5149 Oak St,Toronto,6,M5H 2N2,To dignity resources opportunity communities relief neighbors access volunteers families.,https://www.summithopefoundation-000181.example,+1-416-555-0155,contact@summithopefoundation-000181.example,for_profit,medium,4,True,True,2025-01-30 15:11:51,2025-05-01 00:04:52
ORG000182,Solace Outreach Initiative,3221 Union Ct,Port Newcastlefield,14,2362,To serve volunteers uplift empower resources care families opportunity access support.,https://www.solaceoutreachinitiative-000182.example,,contact@solaceoutreachinitiative-000182.example,for_profit,medium,1,False,True,2024-02-08 16:13:54,2024-05-27 21:11:25
ORG000183,Trinity Foundation Trust,7796 Park Ct,South Sydneyhaven,14,2059,To opportunity assist communities support wellbeing empower uplift care serve.,https://www.trinityfoundationtrust-000183.example,,contact@trinityfoundationtrust-000183.example,for_profit,medium,4,False,True,2024-04-27 21:19:33,2024-05-31 16:16:02
ORG000184,Harbor Hope Network,8649 Lake Dr,South Victoriaburg,7,V8W 8M9,To access empower relief connect volunteers dignity resources neighbors resilience wellbeing opportunity.,https://www.harborhopenetwork-000184.example,+1-416-555-0176,contact@harborhopenetwork-000184.example,for_profit,small,2,False,True,2025-02-23 10:11:48,2025-04-23 10:58:13
ORG000185,Guardian Relief Trust,4071 Lake Way,South Glasgowburg,10,G1 3GA,To resilience support volunteers wellbeing communities families empower access opportunity assist strengthen care.,https://www.guardianrelieftrust-000185.example,,contact@guardianrelieftrust-000185.example,for_profit,small,4,True,True,2025-06-17 18:43:06,2025-09-15 17:57:04
ORG000186,Solace Assistance Center,3736 Pine Dr,Lake Dallasburg,4,75288,To assist dignity volunteers families resources opportunity support uplift resilience access connect.,https://www.solaceassistancecenter-000186.example,+1-202-555-0161,contact@solaceassistancecenter-000186.example,non_profit,large,1,True,False,2025-03-28 01:46:17,2025-06-01 08:37:17
ORG000187,Trinity Assistance Coalition,8508 Elm Ln,West Mumbaiton,11,400477,To neighbors empower volunteers assist support serve connect opportunity resilience communities.,https://www.trinityassistancecoaliti-000187.example,,,for_profit,small,3,True,False,2025-02-03 17:15:47,2025-02-14 06:47:34
ORG000188,Harbor Family Trust,9946 Park Way,East Berlinville,16,10110,To assist communities support strengthen resilience serve access relief care uplift opportunity.,https://www.harborfamilytrust-000188.example,,contact@harborfamilytrust-000188.example,non_profit,medium,3,False,False,2024-06-11 15:53:58,2024-09-02 17:51:06
ORG000189,Unity Alliance Society,3523 Oak Dr,West Munichhaven,17,80322,To support families uplift assist empower volunteers neighbors connect.,https://www.unityalliancesociety-000189.example,,contact@unityalliancesociety-000189.example,for_profit,large,2,False,True,2024-08-01 14:01:07,2024-08-20 10:39:29
ORG000190,Trinity Family Foundation,4717 Sunset Ct,Pune,11,411001,To opportunity resources resilience access families communities serve relief neighbors.,https://www.trinityfamilyfoundation-000190.example,,contact@trinityfamilyfoundation-000190.example,for_profit,large,3,True,False,2025-08-03 16:58:03,2025-11-28 04:17:36
ORG000191,Trinity Family Partners,2263 Washington Ln,Montreal,8,H2Y 1C6,To relief resources serve volunteers connect dignity strengthen care access.,https://www.trinityfamilypartners-000191.example,+1-416-555-0159,contact@trinityfamilypartners-000191.example,non_profit,medium,3,False,True,2024-06-10 00:09:55,2024-09-04 06:58:27
ORG000192,Summit Foundation Initiative,5548 Main Ln,East Edinburghbridge,10,EH1 1TG,To wellbeing families serve volunteers resources support neighbors relief connect uplift resilience assist.,https://www.summitfoundationinitiati-000192.example,,contact@summitfoundationinitiati-000192.example,non_profit,medium,1,False,False,2024-12-02 18:16:47,2025-02-05 08:40:53
ORG000193,Cornerstone Hope Trust,1016 Hill Blvd,East Mysurufield,12,570465,To resilience relief volunteers families communities care wellbeing opportunity dignity.,https://www.cornerstonehopetrust-000193.example,,contact@cornerstonehopetrust-000193.example,non_profit,medium,3,False,True,2024-08-03 20:55:21,2024-10-08 13:00:15
ORG000194,Helping Support Network,7700 Park St,New Houstonwood,4,77056,To access empower families volunteers resilience strengthen opportunity uplift.,https://www.helpingsupportnetwork-000194.example,+1-202-555-0170,contact@helpingsupportnetwork-000194.example,for_profit,medium,3,False,False,2024-10-23 08:37:51,2025-02-03 16:08:29
ORG000195,Evergreen Outreach Network,8005 Oak Blvd,New Santon,2,94191,To resources communities volunteers support resilience connect care wellbeing assist relief.,https://www.evergreenoutreachnetwork-000195.example,+1-202-555-0133,contact@evergreenoutreachnetwork-000195.example,non_profit,medium,3,True,True,2024-07-22 06:36:21,2024-10-30 20:19:15
ORG000196,Unity Support Network,6027 Oak Rd,East Berlinville,16,10110,To serve access empower opportunity strengthen uplift resilience care neighbors relief.,https://www.unitysupportnetwork-000196.example,,contact@unitysupportnetwork-000196.example,for_profit,medium,4,False,False,2025-05-09 21:23:12,2025-08-20 23:42:04
ORG000197,Helping Alliance Coalition,6794 Washington St,Manchester,9,M1 1AE,To resources support families connect wellbeing neighbors assist relief resilience uplift serve empower.,https://www.helpingalliancecoalition-000197.example,,contact@helpingalliancecoalition-000197.example,for_profit,large,4,False,False,2024-07-27 20:50:59,2024-10-20 12:35:54
ORG000198,Open Network Collective,758 Highland Rd,Lake Sanhaven,2,94171,To dignity empower opportunity resources volunteers resilience support wellbeing.,https://www.opennetworkcollective-000198.example,+1-202-555-0104,contact@opennetworkcollective-000198.example,non_profit,large,1,True,True,2025-04-13 03:14:14,2025-06-02 20:39:10
ORG000199,Unity Community Network,3889 Sunset Rd,Lake Dallasburg,4,75288,To dignity communities access empower connect support volunteers care serve neighbors families wellbeing.,https://www.unitycommunitynetwork-000199.example,+1-202-555-0166,contact@unitycommunitynetwork-000199.example,non_profit,large,5,False,True,2025-02-19 18:03:02,2025-05-09 16:15:45
ORG000200,Guardian Assistance Services,2214 Sunset St,Ottawa,6,K1P 1J1,To communities families opportunity connect access uplift resilience resources assist volunteers dignity relief.,https://www.guardianassistanceservic-000200.example,+1-416-555-0135,contact@guardianassistanceservic-000200.example,for_profit,medium,3,False,True,2025-02-26 23:27:25,2025-03-30 23:23:42
ORG000201,Helping Care Network,5362 Hill Ave,South Newhaven,13,110123,To access resilience families neighbors opportunity wellbeing connect uplift assist relief communities empower.,https://www.helpingcarenetwork-000201.example,,,for_profit,medium,5,True,False,2025-05-22 04:52:27,2025-07-13 12:21:05
ORG000202,Riverside Hope Coalition,2363 Cedar Ln,New Delhi,13,110001,To uplift care support wellbeing relief access families assist.,https://www.riversidehopecoalition-000202.example,,contact@riversidehopecoalition-000202.example,non_profit,small,5,True,True,2024-04-04 19:21:51,2024-05-30 07:41:32
ORG000203,Solace Neighbor Coalition,860 Cedar Ct,Munich,17,80331,To communities access neighbors empower assist volunteers resources wellbeing serve.,https://www.solaceneighborcoalition-000203.example,,contact@solaceneighborcoalition-000203.example,for_profit,large,5,False,True,2024-05-19 17:24:35,2024-07-20 21:36:32
ORG000204,Harbor Relief Trust,7363 River Way,Lake Seattledale,5,98193,To resilience opportunity care support access strengthen dignity empower connect assist.,https://www.harborrelieftrust-000204.example,+1-202-555-0181,contact@harborrelieftrust-000204.example,for_profit,medium,3,False,True,2024-12-02 03:24:43,2025-03-14 14:08:32
ORG000205,Beacon Neighbor Society,4118 Highland Ln,London,9,SW1A 1AA,To empower relief families uplift wellbeing volunteers neighbors assist communities.,https://www.beaconneighborsociety-000205.example,,contact@beaconneighborsociety-000205.example,non_profit,medium,2,True,True,2024-02-07 20:26:06,2024-03-11 09:48:18
ORG000206,Lighthouse Family Collective,1660 Cedar Rd,East Newhaven,13,110319,To wellbeing volunteers empower connect relief uplift serve access resources families.,https://www.lighthousefamilycollecti-000206.example,,,for_profit,medium,4,False,True,2025-06-24 20:42:42,2025-06-27 07:09:05
ORG000207,Guardian Alliance Collective,6590 Main Ave,New Hamburgville,18,20062,To empower relief resources uplift connect families wellbeing neighbors access strengthen communities.,https://www.guardianalliancecollecti-000207.example,,contact@guardianalliancecollecti-000207.example,for_profit,large,4,True,True,2024-02-18 17:08:13,2024-03-16 10:14:13
ORG000208,Trinity Neighbor Society,1853 Highland Ln,Victoria,7,V8W 1P6,To volunteers opportunity assist empower uplift dignity support relief communities.,https://www.trinityneighborsociety-000208.example,+1-416-555-0161,contact@trinityneighborsociety-000208.example,for_profit,small,2,True,True,2024-01-21 07:11:22,2024-04-09 02:38:28
ORG000209,Solace Neighbor Network,3296 Union Ct,East Mysurufield,12,570465,To families resilience communities uplift support access serve empower.,https://www.solaceneighbornetwork-000209.example,,contact@solaceneighbornetwork-000209.example,for_profit,small,1,True,True,2024-04-21 21:35:37,2024-06-19 06:57:28
ORG000210,Evergreen Community Network,8359 Main Way,Fort Vancouverhaven,7,V6B 2L1,To neighbors resilience volunteers opportunity strengthen connect assist communities dignity.,https://www.evergreencommunitynetwor-000210.example,+1-416-555-0106,contact@evergreencommunitynetwor-000210.example,for_profit,large,4,False,True,2024-08-14 15:25:05,2024-12-08 04:47:26
ORG000211,Cornerstone Family Foundation,9009 Lake St,Mount Geelongbridge,15,3295,To relief support volunteers resilience empower care access connect dignity neighbors opportunity.,https://www.cornerstonefamilyfoundat-000211.example,,contact@cornerstonefamilyfoundat-000211.example,non_profit,small,2,True,False,2024-01-08 20:57:47,2024-04-26 18:57:14
ORG000212,Solace Care Coalition,9548 Sunset Dr,Mysuru,12,570001,To dignity volunteers access empower resilience communities families uplift.,https://www.solacecarecoalition-000212.example,,contact@solacecarecoalition-000212.example,non_profit,large,5,True,True,2024-01-19 05:55:23,2024-02-22 22:14:09
ORG000213,Evergreen Alliance Center,5422 Sunset Ave,Houston,4,77002,To support uplift empower families opportunity dignity care volunteers resilience strengthen wellbeing relief.,https://www.evergreenalliancecenter-000213.example,+1-202-555-0199,contact@evergreenalliancecenter-000213.example,non_profit,large,2,True,True,2025-02-27 08:33:50,2025-04-11 05:33:33
ORG000214,Riverside Care Coalition,6035 Sunset Ln,New Victoriafield,7,V8W 4B0,To resilience empower support families wellbeing assist care uplift serve.,https://www.riversidecarecoalition-000214.example,+1-416-555-0157,,non_profit,large,2,True,True,2025-03-02 15:48:15,2025-03-03 02:19:00
ORG000215,Riverside Relief Society,2780 Hill Rd,Hamburg,18,20095,To relief access connect resilience volunteers dignity neighbors strengthen assist.,https://www.riversidereliefsociety-000215.example,,contact@riversidereliefsociety-000215.example,for_profit,large,4,True,True,2024-03-03 12:52:11,2024-04-16 11:37:06
ORG000216,Guardian Network Coalition,5688 Sunset Dr,Port Losfield,2,90040,To connect care assist communities resources volunteers empower access families serve opportunity uplift.,https://www.guardiannetworkcoalition-000216.example,+1-202-555-0182,contact@guardiannetworkcoalition-000216.example,for_profit,large,3,True,True,2025-07-30 16:01:48,2025-10-27 18:05:31
ORG000217,Solace Alliance Center,6040 Lake St,New Melbourneburg,15,3084,To care resources support neighbors assist connect opportunity communities access strengthen resilience.,https://www.solacealliancecenter-000217.example,,contact@solacealliancecenter-000217.example,non_profit,medium,1,False,False,2024-12-29 13:47:21,2025-03-12 20:47:14
ORG000218,Harbor Neighbor Initiative,433 Park Rd,West Quebecburg,8,G1R 4K3,To support connect neighbors relief dignity opportunity empower volunteers communities access families.,https://www.harborneighborinitiative-000218.example,+1-416-555-0125,,for_profit,large,4,False,True,2024-03-07 12:35:27,2024-05-11 13:22:34
ORG000219,Trinity Alliance Partners,1387 Pine Ct,Fort Vancouverhaven,7,V6B 2L1,To care opportunity uplift serve empower families strengthen assist volunteers.,https://www.trinityalliancepartners-000219.example,+1-416-555-0183,contact@trinityalliancepartners-000219.example,for_profit,medium,4,True,True,2025-04-17 23:52:31,2025-08-04 15:42:34
ORG000220,Open Hope Collective,2741 Maple St,East Houstonford,4,77067,To serve assist resources care relief dignity opportunity families volunteers communities.,https://www.openhopecollective-000220.example,+1-202-555-0136,contact@openhopecollective-000220.example,non_profit,medium,1,True,True,2025-01-05 21:44:51,2025-03-19 18:52:28
ORG000221,Guardian Network Center,9028 Maple Ave,Manchester,9,M1 1AE,To access neighbors opportunity resilience uplift communities dignity families serve strengthen resources.,https://www.guardiannetworkcenter-000221.example,,contact@guardiannetworkcenter-000221.example,non_profit,large,2,True,False,2025-06-21 22:40:30,2025-07-16 10:14:37
ORG000222,Guardian Family Network,1009 Sunset Way,Lake Bengalurucrest,12,560658,To dignity serve uplift care access communities empower families resilience resources.,https://www.guardianfamilynetwork-000222.example,,,non_profit,small,3,True,True,2024-12-25 13:49:02,2025-04-11 16:28:14
ORG000223,Summit Care Partners,2173 Hill Ct,East Newhaven,13,110319,To communities relief volunteers opportunity connect assist resources resilience support care.,https://www.summitcarepartners-000223.example,,contact@summitcarepartners-000223.example,for_profit,medium,4,False,True,2025-05-05 02:13:02,2025-06-15 22:38:35
ORG000224,Unity Outreach Collective,2707 Highland Blvd,North Puneburg,11,411788,To relief communities connect resilience volunteers wellbeing neighbors assist strengthen.,https://www.unityoutreachcollective-000224.example,,contact@unityoutreachcollective-000224.example,for_profit,large,4,True,False,2024-07-20 18:47:23,2024-08-05 09:01:59
ORG000225,Harbor Hope Trust,9217 Oak Ct,South Newhaven,13,110123,To assist connect uplift families serve opportunity volunteers strengthen resilience resources.,https://www.harborhopetrust-000225.example,,contact@harborhopetrust-000225.example,non_profit,small,3,False,True,2025-05-09 07:42:31,2025-08-09 23:32:25
ORG000226,Unity Support Network,6235 Park Dr,Lake Bengalurucrest,12,560658,To resources dignity strengthen neighbors serve resilience families empower assist access volunteers.,https://www.unitysupportnetwork-000226.example,,,for_profit,medium,1,True,False,2024-02-22 04:17:32,2024-02-27 04:07:44
ORG000227,Solace Foundation Center,2391 Union Ct,Seattle,5,98101,To access neighbors assist resources uplift dignity families connect empower support volunteers wellbeing.,https://www.solacefoundationcenter-000227.example,+1-202-555-0164,contact@solacefoundationcenter-000227.example,for_profit,large,5,False,True,2024-09-29 12:03:50,2024-12-29 14:05:09
ORG000228,Solace Alliance Collective,8238 Church Ave,South Albanybridge,3,12243,To connect volunteers access empower dignity serve uplift communities.,https://www.solacealliancecollective-000228.example,+1-202-555-0147,contact@solacealliancecollective-000228.example,non_profit,medium,3,False,False,2024-09-08 20:28:20,2024-10-05 12:48:10
ORG000229,Evergreen Neighbor Center,2023 Union Rd,New Newwood,3,10092,To neighbors care strengthen uplift volunteers serve families access support communities.,https://www.evergreenneighborcenter-000229.example,+1-202-555-0110,contact@evergreenneighborcenter-000229.example,non_profit,large,3,True,True,2024-12-08 19:18:26,2024-12-28 20:16:37
ORG000230,Solace Foundation Trust,832 Highland Rd,North Arlingtonford,1,22248,To opportunity connect empower resilience families care strengthen relief assist serve dignity wellbeing.,https://www.solacefoundationtrust-000230.example,+1-202-555-0109,contact@solacefoundationtrust-000230.example,non_profit,large,2,True,True,2024-09-23 00:43:03,2024-12-24 21:46:29
ORG000231,Open Family Society,5529 Washington Ln,East Ottawaburg,6,K1P 9X0,To opportunity volunteers neighbors serve access resilience wellbeing dignity.,https://www.openfamilysociety-000231.example,+1-416-555-0155,contact@openfamilysociety-000231.example,non_profit,small,5,True,False,2024-12-12 21:04:24,2025-02-15 23:02:02
ORG000232,Summit Hope Initiative,6115 Sunset Ct,West Munichhaven,17,80322,To strengthen empower volunteers relief resources care uplift families connect opportunity wellbeing neighbors.,https://www.summithopeinitiative-000232.example,,contact@summithopeinitiative-000232.example,for_profit,small,5,False,False,2024-11-24 02:07:28,2025-02-14 21:14:10
ORG000233,Summit Relief Services,6501 Church Rd,Lake Edinburghford,10,EH1 0ES,To serve families strengthen dignity opportunity connect support empower access care resources communities.,https://www.summitreliefservices-000233.example,,,non_profit,small,5,False,False,2024-10-18 09:48:05,2024-11-15 02:11:49
ORG000234,Bright Outreach Collective,8909 Oak Blvd,Melbourne,15,3000,To strengthen serve communities care opportunity volunteers relief families empower assist uplift.,https://www.brightoutreachcollective-000234.example,,contact@brightoutreachcollective-000234.example,non_profit,medium,2,False,False,2025-05-31 01:33:25,2025-07-21 13:12:44
ORG000235,Open Community Services,5887 Washington Blvd,North Puneburg,11,411788,To families strengthen neighbors support resources connect dignity resilience uplift.,https://www.opencommunityservices-000235.example,,contact@opencommunityservices-000235.example,for_profit,medium,1,False,False,2024-04-10 15:03:33,2024-05-20 19:16:39
ORG000236,Harbor Neighbor Trust,645 Union Ct,New Newwood,3,10092,To care support families uplift opportunity resources serve volunteers dignity resilience neighbors.,https://www.harborneighbortrust-000236.example,+1-202-555-0163,contact@harborneighbortrust-000236.example,for_profit,large,4,False,True,2024-09-09 17:10:15,2024-11-17 06:39:06
ORG000237,Riverside Support Society,4786 Union St,Fort Puneton,11,411710,To communities assist empower resources dignity opportunity support access.,https://www.riversidesupportsociety-000237.example,,contact@riversidesupportsociety-000237.example,for_profit,small,3,False,False,2024-05-17 11:02:28,2024-08-08 21:14:18
ORG000238,Cornerstone Relief Network,8714 Park Rd,Albany,3,12207,To strengthen access dignity communities families neighbors relief resources connect serve opportunity empower.,https://www.cornerstonereliefnetwork-000238.example,+1-202-555-0170,contact@cornerstonereliefnetwork-000238.example,non_profit,medium,2,False,False,2025-03-18 20:18:56,2025-03-27 10:06:47
ORG000239,Trinity Support Partners,4493 Maple Rd,East Berlinville,16,10110,To resilience communities connect resources families serve empower care assist relief.,https://www.trinitysupportpartners-000239.example,,contact@trinitysupportpartners-000239.example,non_profit,large,2,True,True,2025-03-13 01:01:30,2025-07-05 00:59:32
ORG000240,Riverside Community Trust,101 Sunset Ln,Lake Manchesterdale,9,M1 2JS,To families care assist resources communities opportunity neighbors dignity access connect empower serve.,https://www.riversidecommunitytrust-000240.example,,,for_profit,large,3,True,False,2024-01-09 00:54:41,2024-01-09 16:25:04
ORG000241,Helping Relief Trust,5516 Oak Rd,South Seattlefield,5,98113,To empower volunteers connect resources uplift relief families assist serve.,https://www.helpingrelieftrust-000241.example,+1-202-555-0184,contact@helpingrelieftrust-000241.example,non_profit,large,1,True,True,2024-10-12 08:10:10,2025-02-04 19:47:31
ORG000242,Cornerstone Family Coalition,5492 Sunset St,East Torontoton,6,M5H 3R1,To connect access communities wellbeing resilience relief dignity serve uplift care.,https://www.cornerstonefamilycoaliti-000242.example,+1-416-555-0153,,for_profit,large,4,False,False,2025-03-15 16:25:48,2025-04-30 16:03:48
ORG000243,Beacon Alliance Network,7232 Oak Rd,Geelong,15,3220,To families resilience volunteers uplift dignity empower wellbeing connect communities strengthen.,https://www.beaconalliancenetwork-000243.example,,contact@beaconalliancenetwork-000243.example,for_profit,small,1,True,False,2024-08-10 05:52:34,2024-08-24 10:25:39
ORG000244,Beacon Family Foundation,5478 Highland Ln,Lake Dallasburg,4,75288,To support communities serve relief opportunity resources assist uplift.,https://www.beaconfamilyfoundation-000244.example,+1-202-555-0170,,non_profit,large,1,False,True,2025-07-02 01:25:10,2025-08-01 03:17:37
ORG000245,Unity Relief Services,4290 Washington Ave,Lake Edinburghford,10,EH1 0ES,To wellbeing access resilience assist connect care empower uplift families volunteers communities.,https://www.unityreliefservices-000245.example,,contact@unityreliefservices-000245.example,non_profit,small,3,True,True,2024-09-15 09:34:05,2024-11-11 10:42:38
ORG000246,Bright Care Coalition,738 Highland St,West Edinburghford,10,EH1 7SY,To care support connect wellbeing volunteers uplift empower serve relief resources.,https://www.brightcarecoalition-000246.example,,contact@brightcarecoalition-000246.example,for_profit,large,3,True,False,2024-11-10 18:08:06,2024-11-16 07:31:10
ORG000247,Unity Alliance Network,1395 Lake Way,Mount Berlindale,16,10161,To opportunity wellbeing access resilience communities assist relief resources.,https://www.unityalliancenetwork-000247.example,,,non_profit,small,5,False,False,2024-08-26 04:22:27,2024-12-01 02:51:35
ORG000248,Solace Care Collective,2634 Main Ln,Buffalo,3,14202,To access communities empower neighbors strengthen opportunity families uplift resilience volunteers relief assist.,https://www.solacecarecollective-000248.example,+1-202-555-0165,contact@solacecarecollective-000248.example,non_profit,large,4,False,True,2025-07-03 11:34:36,2025-08-01 07:04:17
ORG000249,Helping Assistance Foundation,657 Cedar Ave,West Sanford,2,94158,To access volunteers opportunity wellbeing families serve resilience empower neighbors strengthen.,https://www.helpingassistancefoundat-000249.example,+1-202-555-0130,contact@helpingassistancefoundat-000249.example,non_profit,small,3,False,False,2025-05-26 03:42:25,2025-09-02 13:29:08
ORG000250,Beacon Care Collective,6727 Cedar Dr,East Mysurufield,12,570465,To resilience support uplift empower resources communities volunteers access strengthen serve dignity.,https://www.beaconcarecollective-000250.example,,contact@beaconcarecollective-000250.example,non_profit,small,3,True,False,2024-07-06 23:05:43,2024-09-17 09:21:44
ORG000251,Cornerstone Care Trust,8457 Sunset Way,Mount Geelongbridge,15,3295,To resilience opportunity wellbeing strengthen volunteers resources dignity connect empower support families.,https://www.cornerstonecaretrust-000251.example,,contact@cornerstonecaretrust-000251.example,non_profit,medium,1,False,False,2024-09-30 18:59:48,2025-01-16 20:28:36
ORG000252,Solace Family Services,8058 Hill St,West Edinburghford,10,EH1 7SY,To serve support families dignity assist communities empower neighbors resilience uplift.,https://www.solacefamilyservices-000252.example,,contact@solacefamilyservices-000252.example,for_profit,small,3,True,False,2024-06-26 18:25:06,2024-09-23 08:48:48
ORG000253,Harbor Network Center,1925 Hill Ct,West Edinburghford,10,EH1 7SY,To support communities wellbeing strengthen access opportunity care relief uplift volunteers serve.,https://www.harbornetworkcenter-000253.example,,contact@harbornetworkcenter-000253.example,non_profit,small,3,False,False,2025-07-31 02:26:30,2025-08-10 06:17:31
ORG000254,Helping Foundation Collective,3503 River St,South Berlinwood,16,10187,To communities opportunity serve resilience relief families dignity resources neighbors care.,https://www.helpingfoundationcollect-000254.example,,contact@helpingfoundationcollect-000254.example,for_profit,large,2,True,True,2025-05-10 06:57:16,2025-07-26 04:01:04
ORG000255,Helping Family Services,4055 Oak Ln,New Hamburgville,18,20062,To care resources serve opportunity connect communities strengthen families empower dignity.,https://www.helpingfamilyservices-000255.example,,contact@helpingfamilyservices-000255.example,for_profit,small,4,True,False,2024-07-15 10:05:32,2024-09-07 19:20:40
ORG000256,Cornerstone Outreach Society,6225 Maple Dr,South Albanybridge,3,12243,To uplift assist serve connect dignity strengthen relief empower.,https://www.cornerstoneoutreachsocie-000256.example,+1-202-555-0181,contact@cornerstoneoutreachsocie-000256.example,non_profit,large,2,True,True,2024-10-30 09:52:50,2025-02-08 08:14:03
ORG000257,Beacon Network Initiative,2893 Oak Ln,New Santon,2,94191,To strengthen dignity resilience communities resources care relief serve neighbors uplift.,https://www.beaconnetworkinitiative-000257.example,+1-202-555-0185,contact@beaconnetworkinitiative-000257.example,for_profit,small,1,False,True,2025-08-20 15:03:50,2025-08-25 02:58:58
ORG000258,Cornerstone Alliance Collective,1398 Hill Ln,South Sydneyhaven,14,2059,To volunteers assist resilience relief neighbors connect wellbeing opportunity dignity families.,https://www.cornerstonealliancecolle-000258.example,,contact@cornerstonealliancecolle-000258.example,non_profit,medium,5,False,False,2025-08-08 07:39:19,2025-09-12 06:48:45
ORG000259,Harbor Neighbor Coalition,5699 Hill St,East Torontoton,6,M5H 3R1,To volunteers strengthen opportunity support wellbeing access care communities resilience.,https://www.harborneighborcoalition-000259.example,+1-416-555-0105,,non_profit,large,4,False,True,2024-05-16 15:22:35,2024-07-03 09:37:27
ORG000260,Solace Relief Network,7905 Pine Ln,Munich,17,80331,To relief care neighbors communities support uplift assist dignity resilience volunteers.,https://www.solacereliefnetwork-000260.example,,contact@solacereliefnetwork-000260.example,non_profit,medium,3,False,True,2025-01-01 14:17:45,2025-04-01 05:49:16
ORG000261,Open Support Trust,9216 Elm Ln,Port Melbourneton,15,3088,To support serve uplift wellbeing relief dignity opportunity resilience communities connect strengthen.,https://www.opensupporttrust-000261.example,,contact@opensupporttrust-000261.example,for_profit,large,2,False,True,2025-01-08 15:31:29,2025-03-24 23:22:25
ORG000262,Evergreen Community Collective,7215 Park Blvd,Mount Berlinton,16,10160,To uplift resources serve access relief opportunity empower volunteers assist support dignity.,https://www.evergreencommunitycollec-000262.example,,contact@evergreencommunitycollec-000262.example,non_profit,large,5,True,False,2024-08-15 13:53:40,2024-11-18 22:22:41
ORG000263,Helping Assistance Center,3978 Washington Ave,East Mysurufield,12,570465,To relief neighbors dignity wellbeing strengthen care uplift families resilience resources volunteers.,https://www.helpingassistancecenter-000263.example,,contact@helpingassistancecenter-000263.example,non_profit,small,4,False,False,2024-09-30 13:29:35,2024-12-13 00:39:18
ORG000264,Riverside Relief Network,4586 Church St,West Edinburghford,10,EH1 7SY,To assist relief care uplift communities wellbeing empower resilience dignity.,https://www.riversidereliefnetwork-000264.example,,contact@riversidereliefnetwork-000264.example,for_profit,small,3,False,True,2025-03-26 08:06:33,2025-04-24 13:00:42
ORG000265,Cornerstone Family Services,5738 Main Blvd,Newcastle,14,2300,To wellbeing strengthen empower access care volunteers uplift dignity resources.,https://www.cornerstonefamilyservice-000265.example,,contact@cornerstonefamilyservice-000265.example,non_profit,large,2,False,False,2024-06-17 02:24:14,2024-08-20 04:31:15
ORG000266,Guardian Support Center,3756 Union Ct,London,9,SW1A 1AA,To uplift resilience opportunity assist families access care resources wellbeing.,https://www.guardiansupportcenter-000266.example,,contact@guardiansupportcenter-000266.example,for_profit,small,1,True,True,2024-07-05 15:39:13,2024-08-15 13:55:26
ORG000267,Guardian Neighbor Services,6314 Church Way,South Glasgowburg,10,G1 3GA,To assist access connect resources resilience strengthen communities serve empower support.,https://www.guardianneighborservices-000267.example,,contact@guardianneighborservices-000267.example,non_profit,small,5,False,True,2024-09-20 15:57:40,2024-12-10 00:42:13
ORG000268,Lighthouse Hope Foundation,3732 Oak Blvd,East Munichfield,17,80360,To access assist neighbors connect resources uplift opportunity strengthen support relief communities resilience.,https://www.lighthousehopefoundation-000268.example,,contact@lighthousehopefoundation-000268.example,non_profit,large,2,False,False,2025-05-03 04:13:53,2025-06-01 18:42:47
ORG000269,Lighthouse Community Society,2567 Highland Ave,Richmond,1,23219,To relief neighbors resources strengthen serve families volunteers opportunity access dignity assist support.,https://www.lighthousecommunitysocie-000269.example,+1-202-555-0116,contact@lighthousecommunitysocie-000269.example,non_profit,medium,5,False,False,2024-06-03 14:01:35,2024-08-26 10:31:40
ORG000270,Riverside Support Trust,2742 Cedar St,Mumbai,11,400001,To opportunity wellbeing empower dignity access support families uplift relief communities strengthen resilience.,https://www.riversidesupporttrust-000270.example,,,for_profit,small,2,False,True,2024-04-27 23:23:28,2024-08-07 18:24:40
ORG000271,Open Assistance Initiative,8868 Elm St,East Edinburghbridge,10,EH1 1TG,To volunteers serve families relief support uplift opportunity communities connect wellbeing assist neighbors.,https://www.openassistanceinitiative-000271.example,,contact@openassistanceinitiative-000271.example,for_profit,small,4,True,True,2025-05-21 05:22:33,2025-08-18 20:42:54
ORG000272,Summit Assistance Services,4431 Highland Dr,South Victoriaburg,7,V8W 8M9,To neighbors care uplift serve communities assist opportunity volunteers.,https://www.summitassistanceservices-000272.example,+1-416-555-0124,,non_profit,large,3,True,False,2024-10-22 07:08:02,2024-11-30 14:49:37
ORG000273,Solace Outreach Society,6873 Park Dr,New Melbourneburg,15,3084,To volunteers resilience neighbors connect care empower support assist relief resources communities access.,https://www.solaceoutreachsociety-000273.example,,contact@solaceoutreachsociety-000273.example,non_profit,large,4,False,False,2024-09-19 10:28:35,2025-01-12 08:04:18
ORG000274,Helping Foundation Trust,3486 Church Ave,North Manchesterwood,9,M1 8JP,To neighbors resources opportunity uplift resilience access serve communities relief support dignity.,https://www.helpingfoundationtrust-000274.example,,contact@helpingfoundationtrust-000274.example,non_profit,medium,5,True,True,2024-08-09 23:30:03,2024-08-19 04:47:39
ORG000275,Helping Support Trust,2287 Highland St,West Munichhaven,17,80322,To strengthen access assist volunteers care communities empower connect relief.,https://www.helpingsupporttrust-000275.example,,,non_profit,small,2,False,True,2025-02-08 03:11:27,2025-06-04 02:09:04
ORG000276,Solace Hope Society,2325 Sunset Ln,West Mumbaiton,11,400477,To volunteers care wellbeing support access families neighbors resources resilience.,https://www.solacehopesociety-000276.example,,,non_profit,medium,5,True,False,2025-06-03 03:22:50,2025-08-17 06:46:04
ORG000277,Beacon Relief Services,8448 Elm Way,Alexandria,1,22314,To neighbors resilience wellbeing support resources communities care access assist opportunity families dignity.,https://www.beaconreliefservices-000277.example,+1-202-555-0134,,non_profit,medium,2,True,True,2024-09-09 05:25:21,2024-12-01 11:33:58
ORG000278,Solace Relief Collective,3228 Washington Ct,South Arlingtonton,1,22244,To care communities opportunity resilience assist connect empower strengthen.,https://www.solacereliefcollective-000278.example,+1-202-555-0161,contact@solacereliefcollective-000278.example,for_profit,small,3,True,True,2024-03-23 08:55:42,2024-05-24 18:53:00
ORG000279,Evergreen Outreach Services,1099 Pine Blvd,Lake Edinburghford,10,EH1 0ES,To opportunity resources communities connect uplift empower wellbeing care families neighbors volunteers.,https://www.evergreenoutreachservice-000279.example,,contact@evergreenoutreachservice-000279.example,non_profit,large,3,False,True,2025-06-20 13:18:48,2025-08-29 12:50:07
ORG000280,Unity Neighbor Coalition,2609 Oak Dr,Lake Newburg,13,110642,To support relief resilience serve access dignity connect volunteers wellbeing uplift families neighbors.,https://www.unityneighborcoalition-000280.example,,contact@unityneighborcoalition-000280.example,for_profit,medium,1,True,False,2024-08-13 03:55:37,2024-11-27 20:53:30
ORG000281,Summit Network Society,3780 Park Ave,Mount Spokaneburg,5,99270,To care families resources resilience volunteers assist communities access.,https://www.summitnetworksociety-000281.example,+1-202-555-0157,contact@summitnetworksociety-000281.example,for_profit,medium,4,False,True,2025-01-23 21:00:18,2025-03-05 10:35:55
ORG000282,Bright Support Initiative,5604 Union Blvd,Mount Hamburgdale,18,20013,To dignity families volunteers opportunity resilience connect empower communities strengthen support uplift resources.,https://www.brightsupportinitiative-000282.example,,contact@brightsupportinitiative-000282.example,for_profit,small,4,True,False,2024-02-18 02:22:08,2024-02-19 19:04:55
ORG000283,Unity Community Initiative,9951 Maple Ct,Fort Buffalohaven,3,14201,To opportunity dignity neighbors empower support assist care communities connect.,https://www.unitycommunityinitiative-000283.example,+1-202-555-0139,contact@unitycommunityinitiative-000283.example,for_profit,small,5,True,True,2024-03-20 06:44:35,2024-05-06 04:47:01
ORG000284,Summit Relief Coalition,3917 Cedar St,Mount Hamburgdale,18,20013,To serve relief opportunity neighbors volunteers support assist strengthen.,https://www.summitreliefcoalition-000284.example,,contact@summitreliefcoalition-000284.example,for_profit,medium,5,False,True,2024-02-26 15:05:34,2024-05-25 21:42:26
ORG000285,Bright Hope Network,9972 Lake Ln,Melbourne,15,3000,To resilience opportunity assist volunteers empower communities families neighbors serve resources.,https://www.brighthopenetwork-000285.example,,contact@brighthopenetwork-000285.example,non_profit,large,2,True,False,2025-08-06 21:06:21,2025-08-16 05:18:47
ORG000286,Lighthouse Outreach Coalition,8802 Washington Ln,Manchester,9,M1 1AE,To resilience wellbeing uplift volunteers access assist support resources.,https://www.lighthouseoutreachcoalit-000286.example,,contact@lighthouseoutreachcoalit-000286.example,non_profit,large,4,True,False,2024-07-28 02:45:51,2024-10-09 14:31:47
ORG000287,Bright Alliance Society,8793 Pine Blvd,Port Mysuruwood,12,570431,To opportunity resources serve access families communities relief assist dignity resilience support.,https://www.brightalliancesociety-000287.example,,contact@brightalliancesociety-000287.example,non_profit,small,4,False,False,2025-03-08 07:10:37,2025-04-02 20:02:33
ORG000288,Open Foundation Trust,2108 Oak Dr,North Arlingtonford,1,22248,To relief empower neighbors resources access care assist connect.,https://www.openfoundationtrust-000288.example,+1-202-555-0139,contact@openfoundationtrust-000288.example,for_profit,medium,2,True,True,2024-05-10 09:12:34,2024-08-02 23:22:40
ORG000289,Evergreen Outreach Coalition,4718 Cedar Blvd,South Victoriaburg,7,V8W 8M9,To uplift volunteers communities connect relief support serve dignity wellbeing opportunity strengthen.,https://www.evergreenoutreachcoaliti-000289.example,+1-416-555-0140,,for_profit,small,3,False,True,2024-08-30 04:13:43,2024-10-14 05:46:52
ORG000290,Helping Relief Coalition,9835 Cedar Rd,Ottawa,6,K1P 1J1,To opportunity empower resilience support connect uplift dignity access care.,https://www.helpingreliefcoalition-000290.example,+1-416-555-0125,contact@helpingreliefcoalition-000290.example,non_profit,medium,4,True,True,2024-12-20 10:31:17,2025-02-05 11:20:04
ORG000291,Open Hope Coalition,5810 Elm Ln,Spokane,5,99201,To care connect resilience uplift communities strengthen opportunity serve dignity volunteers access.,https://www.openhopecoalition-000291.example,+1-202-555-0171,,for_profit,medium,1,True,True,2024-05-13 00:30:40,2024-08-03 08:02:07
ORG000292,Summit Hope Coalition,9949 Pine Blvd,Manchester,9,M1 1AE,To empower uplift connect resources support volunteers relief serve wellbeing access families.,https://www.summithopecoalition-000292.example,,contact@summithopecoalition-000292.example,non_profit,medium,5,False,True,2025-08-17 15:51:49,2025-10-30 15:46:57
ORG000293,Open Hope Partners,9257 Oak Blvd,New Delhi,13,110001,To empower communities resilience serve resources families relief connect wellbeing strengthen access dignity.,https://www.openhopepartners-000293.example,,contact@openhopepartners-000293.example,non_profit,medium,2,True,False,2024-07-04 18:51:28,2024-09-03 01:05:13
ORG000294,Open Neighbor Network,9799 Oak St,London,9,SW1A 1AA,To neighbors relief assist care uplift serve opportunity resilience.,https://www.openneighbornetwork-000294.example,,contact@openneighbornetwork-000294.example,non_profit,large,5,False,True,2024-02-05 07:25:54,2024-04-29 07:09:14
ORG000295,Bright Neighbor Network,7233 Washington Rd,Lake Sanhaven,2,94171,To strengthen resilience opportunity empower dignity volunteers neighbors communities care relief.,https://www.brightneighbornetwork-000295.example,+1-202-555-0185,contact@brightneighbornetwork-000295.example,non_profit,large,2,True,False,2024-01-09 05:03:29,2024-03-29 09:14:27
ORG000296,Harbor Community Foundation,8430 Sunset Way,New Houstonwood,4,77056,To resilience volunteers families care strengthen neighbors assist empower communities connect dignity.,https://www.harborcommunityfoundatio-000296.example,+1-202-555-0184,contact@harborcommunityfoundatio-000296.example,for_profit,large,1,True,True,2024-02-14 10:42:27,2024-03-13 06:50:48
ORG000297,Open Care Coalition,6769 Union Ln,London,9,SW1A 1AA,To volunteers families dignity assist strengthen empower communities resilience.,https://www.opencarecoalition-000297.example,,contact@opencarecoalition-000297.example,non_profit,large,3,True,False,2024-07-08 07:18:52,2024-08-25 19:00:42
ORG000298,Evergreen Foundation Initiative,6748 Main St,West Edinburghford,10,EH1 7SY,To communities resilience volunteers uplift connect families assist resources access.,https://www.evergreenfoundationiniti-000298.example,,contact@evergreenfoundationiniti-000298.example,non_profit,small,1,False,True,2025-01-03 07:52:36,2025-02-19 02:18:56
ORG000299,Cornerstone Family Center,3244 Lake Blvd,Buffalo,3,14202,To access care dignity empower uplift relief resilience connect assist.,https://www.cornerstonefamilycenter-000299.example,+1-202-555-0139,contact@cornerstonefamilycenter-000299.example,non_profit,large,4,True,True,2024-12-12 20:30:58,2025-02-26 16:54:51
ORG000300,Guardian Neighbor Network,2435 Pine Rd,Nuremberg,17,90402,To uplift strengthen resources empower access opportunity volunteers care relief families assist connect.,https://www.guardianneighbornetwork-000300.example,,contact@guardianneighbornetwork-000300.example,for_profit,medium,5,False,True,2025-07-26 13:07:01,2025-10-13 19:30:41
ORG000301,Helping Support Partners,394 Main Ct,South Arlingtonton,1,22244,To uplift families wellbeing care assist resilience dignity opportunity relief neighbors serve access.,https://www.helpingsupportpartners-000301.example,+1-202-555-0187,contact@helpingsupportpartners-000301.example,for_profit,small,5,False,True,2024-08-06 06:42:18,2024-11-10 22:07:47
ORG000302,Riverside Hope Foundation,6999 Maple Ct,South Sydneyhaven,14,2059,To care relief uplift assist wellbeing resilience connect strengthen communities.,https://www.riversidehopefoundation-000302.example,,contact@riversidehopefoundation-000302.example,for_profit,small,3,False,False,2025-06-26 19:21:37,2025-07-20 06:12:17
ORG000303,Trinity Network Collective,3153 Highland Rd,Fort Puneton,11,411710,To neighbors dignity wellbeing care empower support strengthen resilience uplift families.,https://www.trinitynetworkcollective-000303.example,,contact@trinitynetworkcollective-000303.example,non_profit,large,1,False,False,2024-06-19 00:03:46,2024-09-14 08:32:57
ORG000304,Unity Assistance Partners,2776 Pine Ln,West Montrealville,8,H2Y 6A2,To neighbors support communities resources empower relief assist families strengthen care resilience serve.,https://www.unityassistancepartners-000304.example,+1-416-555-0185,contact@unityassistancepartners-000304.example,non_profit,large,5,True,False,2025-01-31 08:47:33,2025-05-01 01:18:12
ORG000305,Helping Care Partners,6895 Park Ave,Port Losfield,2,90040,To assist access wellbeing communities volunteers families neighbors support empower.,https://www.helpingcarepartners-000305.example,+1-202-555-0199,contact@helpingcarepartners-000305.example,non_profit,small,1,True,True,2024-01-29 12:25:37,2024-05-02 18:43:07
ORG000306,Solace Hope Network,2489 Cedar Ave,Lake Edinburghford,10,EH1 0ES,To communities care assist connect uplift wellbeing support families neighbors.,https://www.solacehopenetwork-000306.example,,contact@solacehopenetwork-000306.example,for_profit,small,2,True,True,2024-02-01 09:40:09,2024-03-03 03:46:32
ORG000307,Guardian Neighbor Foundation,4013 Oak Ct,Manchester,9,M1 1AE,To volunteers care support opportunity resources access resilience empower relief families wellbeing.,https://www.guardianneighborfoundati-000307.example,,contact@guardianneighborfoundati-000307.example,for_profit,small,2,False,False,2024-04-25 14:39:22,2024-07-11 15:37:16
ORG000308,Beacon Relief Coalition,8075 Pine Way,Pune,11,411001,To serve relief resilience empower opportunity resources dignity neighbors communities support connect volunteers.,https://www.beaconreliefcoalition-000308.example,,contact@beaconreliefcoalition-000308.example,non_profit,small,3,True,False,2025-06-07 00:07:23,2025-10-01 02:27:41
ORG000309,Riverside Network Partners,9305 River Ave,Newcastle,14,2300,To assist strengthen serve care volunteers resilience support access wellbeing.,https://www.riversidenetworkpartners-000309.example,,,non_profit,small,3,False,True,2024-01-11 02:59:46,2024-02-05 12:40:31
ORG000310,Open Network Trust,704 Church Blvd,Albany,3,12207,To communities serve wellbeing dignity relief families strengthen resources.,https://www.opennetworktrust-000310.example,+1-202-555-0137,contact@opennetworktrust-000310.example,non_profit,small,4,False,True,2024-07-11 07:28:24,2024-07-31 18:38:05
ORG000311,Solace Family Initiative,8799 Washington Blvd,Berlin,16,10115,To support strengthen volunteers serve wellbeing access neighbors assist uplift connect resources communities.,https://www.solacefamilyinitiative-000311.example,,contact@solacefamilyinitiative-000311.example,non_profit,small,1,False,True,2025-04-02 01:07:07,2025-07-13 15:06:36
ORG000312,Open Hope Coalition,8551 Pine Ave,Glasgow,10,G1 1XW,To volunteers support resilience relief care strengthen wellbeing neighbors.,https://www.openhopecoalition-000312.example,,contact@openhopecoalition-000312.example,non_profit,large,3,False,True,2024-01-24 18:43:00,2024-03-11 00:47:38
ORG000313,Beacon Support Partners,9161 River Rd,North Arlingtonford,1,22248,To resilience care neighbors families dignity support strengthen opportunity.,https://www.beaconsupportpartners-000313.example,+1-202-555-0129,contact@beaconsupportpartners-000313.example,non_profit,small,4,False,True,2024-09-13 22:28:39,2024-11-15 00:14:39
ORG000314,Open Foundation Society,8965 Church Rd,South Manchesterdale,9,M1 1MW,To support resources serve connect care access empower opportunity uplift.,https://www.openfoundationsociety-000314.example,,contact@openfoundationsociety-000314.example,non_profit,medium,5,True,False,2024-09-06 08:08:35,2024-09-30 02:09:42
ORG000315,Harbor Hope Foundation,7686 River Ln,East Mysurufield,12,570465,To connect relief resilience empower volunteers assist uplift neighbors strengthen communities dignity.,https://www.harborhopefoundation-000315.example,,contact@harborhopefoundation-000315.example,non_profit,large,1,True,False,2024-07-02 18:02:25,2024-08-11 20:07:08
ORG000316,Bright Community Society,8887 River Ave,Nuremberg,17,90402,To empower serve wellbeing neighbors dignity strengthen resources assist communities care volunteers access.,https://www.brightcommunitysociety-000316.example,,,for_profit,small,3,False,False,2024-01-26 18:40:19,2024-04-05 15:45:34
ORG000317,Guardian Community Collective,7917 Union Ct,Port Losfield,2,90040,To uplift relief assist support wellbeing resources strengthen serve.,https://www.guardiancommunitycollect-000317.example,+1-202-555-0139,contact@guardiancommunitycollect-000317.example,non_profit,medium,4,False,True,2024-06-05 12:28:27,2024-07-14 22:33:26
ORG000318,Riverside Neighbor Foundation,8588 Park Ct,Dallas,4,75201,To resources opportunity access strengthen communities connect families care serve.,https://www.riversideneighborfoundat-000318.example,+1-202-555-0127,contact@riversideneighborfoundat-000318.example,for_profit,large,4,False,False,2024-12-28 05:37:41,2025-03-26 11:11:58
ORG000319,Riverside Relief Foundation,9936 Highland Ln,New Newwood,3,10092,To families wellbeing relief neighbors connect volunteers communities serve opportunity access resources.,https://www.riversiderelieffoundatio-000319.example,+1-202-555-0140,contact@riversiderelieffoundatio-000319.example,for_profit,large,3,True,True,2024-09-06 03:32:25,2024-11-30 16:45:10
ORG000320,Helping Network Partners,5464 Union Rd,San Francisco,2,94103,To families support care strengthen wellbeing dignity empower assist resources.,https://www.helpingnetworkpartners-000320.example,+1-202-555-0124,contact@helpingnetworkpartners-000320.example,non_profit,small,3,False,True,2025-03-03 06:29:25,2025-03-24 10:59:40
ORG000321,Evergreen Network Coalition,2808 Highland Way,Montreal,8,H2Y 1C6,To assist relief resources resilience support uplift dignity care strengthen.,https://www.evergreennetworkcoalitio-000321.example,+1-416-555-0146,contact@evergreennetworkcoalitio-000321.example,non_profit,large,3,True,False,2024-09-19 07:21:11,2025-01-08 20:34:36
ORG000322,Summit Family Services,5447 Lake Ln,Fort Buffalohaven,3,14201,To connect wellbeing families strengthen dignity volunteers care uplift assist.,https://www.summitfamilyservices-000322.example,+1-202-555-0130,contact@summitfamilyservices-000322.example,for_profit,small,2,False,True,2025-04-23 19:16:56,2025-07-06 03:35:32
ORG000323,Bright Support Collective,8211 Lake Blvd,West Quebecburg,8,G1R 4K3,To resilience assist volunteers wellbeing opportunity families dignity neighbors communities strengthen.,https://www.brightsupportcollective-000323.example,+1-416-555-0197,contact@brightsupportcollective-000323.example,non_profit,medium,2,False,True,2024-06-26 17:42:24,2024-08-01 23:20:02
ORG000324,Solace Family Center,7867 Church Blvd,Green Torontocrest,6,M5H 9Y8,To empower volunteers resilience strengthen uplift access resources serve relief.,https://www.solacefamilycenter-000324.example,+1-416-555-0103,contact@solacefamilycenter-000324.example,non_profit,small,3,False,True,2025-01-13 05:04:51,2025-03-21 12:59:08
ORG000325,Riverside Support Partners,1164 Church Ln,Spokane,5,99201,To support dignity wellbeing care empower resources relief assist families opportunity serve.,https://www.riversidesupportpartners-000325.example,+1-202-555-0195,contact@riversidesupportpartners-000325.example,for_profit,large,1,False,True,2025-01-28 14:19:13,2025-05-03 16:11:53
ORG000326,Solace Family Partners,6959 Oak Ln,New Hamburgville,18,20062,To connect resources support serve empower relief strengthen opportunity dignity access resilience.,https://www.solacefamilypartners-000326.example,,contact@solacefamilypartners-000326.example,for_profit,small,2,False,True,2025-05-18 04:44:40,2025-05-22 17:05:40
ORG000327,Solace Foundation Partners,985 Hill Way,North Puneburg,11,411788,To neighbors wellbeing families uplift strengthen support communities opportunity.,https://www.solacefoundationpartners-000327.example,,contact@solacefoundationpartners-000327.example,for_profit,large,3,True,False,2025-03-02 01:14:40,2025-03-19 05:13:51
ORG000328,Summit Relief Services,3651 Union Ct,South Newhaven,13,110123,To communities wellbeing dignity connect resources strengthen families opportunity access.,https://www.summitreliefservices-000328.example,,contact@summitreliefservices-000328.example,for_profit,large,5,False,True,2024-10-11 17:08:16,2024-11-30 17:49:46
ORG000329,Cornerstone Alliance Society,9975 Hill Blvd,South Manchesterdale,9,M1 1MW,To communities support volunteers opportunity relief resilience families dignity access care neighbors serve.,https://www.cornerstonealliancesocie-000329.example,,contact@cornerstonealliancesocie-000329.example,non_profit,medium,3,False,True,2025-03-23 15:57:48,2025-07-16 07:42:36
ORG000330,Lighthouse Care Collective,4600 Union Rd,Montreal,8,H2Y 1C6,To empower communities volunteers dignity resources support connect neighbors strengthen resilience assist families.,https://www.lighthousecarecollective-000330.example,+1-416-555-0154,contact@lighthousecarecollective-000330.example,for_profit,small,3,True,True,2024-10-07 08:43:34,2024-10-20 18:44:23
ORG000331,Harbor Support Trust,6381 Maple Blvd,West Montrealville,8,H2Y 6A2,To families relief serve support resilience care connect uplift strengthen wellbeing resources.,https://www.harborsupporttrust-000331.example,+1-416-555-0107,contact@harborsupporttrust-000331.example,non_profit,medium,4,True,True,2024-03-24 14:05:03,2024-04-05 06:23:11
ORG000332,Bright Alliance Coalition,7328 Sunset Way,West Munichhaven,17,80322,To volunteers resilience communities access wellbeing dignity uplift neighbors strengthen connect.,https://www.brightalliancecoalition-000332.example,,contact@brightalliancecoalition-000332.example,non_profit,medium,5,False,True,2025-04-26 23:48:46,2025-08-25 18:09:48
ORG000333,Lighthouse Alliance Foundation,7870 Park Blvd,Nuremberg,17,90402,To neighbors dignity volunteers strengthen serve care families assist communities uplift support connect.,https://www.lighthousealliancefounda-000333.example,,contact@lighthousealliancefounda-000333.example,for_profit,medium,1,False,True,2024-03-26 06:31:51,2024-05-06 12:26:01
ORG000334,Solace Family Trust,5241 Lake Dr,West Seattleburg,5,98123,To wellbeing volunteers connect assist relief families communities access serve.,https://www.solacefamilytrust-000334.example,+1-202-555-0142,contact@solacefamilytrust-000334.example,for_profit,medium,1,True,False,2025-08-08 07:05:08,2025-09-13 11:31:44
ORG000335,Unity Community Center,3351 Pine Way,Berlin,16,10115,To connect opportunity access wellbeing serve communities relief neighbors.,https://www.unitycommunitycenter-000335.example,,contact@unitycommunitycenter-000335.example,for_profit,large,2,False,False,2024-03-02 01:22:09,2024-03-04 14:12:24
ORG000336,Bright Family Collective,3316 Union Rd,Lake Norfolkdale,1,23597,To opportunity resources families relief empower neighbors volunteers uplift.,https://www.brightfamilycollective-000336.example,+1-202-555-0131,contact@brightfamilycollective-000336.example,for_profit,small,2,False,False,2024-03-09 00:05:51,2024-06-30 12:09:06
ORG000337,Summit Care Society,515 Park Rd,East Houstonford,4,77067,To access dignity relief resilience care communities wellbeing serve assist strengthen opportunity.,https://www.summitcaresociety-000337.example,+1-202-555-0148,contact@summitcaresociety-000337.example,for_profit,medium,3,False,True,2025-07-21 02:03:46,2025-08-11 00:01:50
ORG000338,Helping Family Collective,1768 Church St,South Seattlefield,5,98113,To care assist volunteers resources serve resilience support neighbors families.,https://www.helpingfamilycollective-000338.example,+1-202-555-0193,contact@helpingfamilycollective-000338.example,non_profit,large,2,True,False,2024-12-05 07:16:12,2025-01-20 07:02:19
ORG000339,Beacon Hope Services,7611 Main Blvd,San Diego,2,92101,To neighbors support dignity uplift care resilience assist wellbeing opportunity communities access.,https://www.beaconhopeservices-000339.example,+1-202-555-0191,contact@beaconhopeservices-000339.example,non_profit,large,3,True,True,2024-11-15 05:33:20,2024-12-29 05:23:21
ORG000340,Unity Family Initiative,9485 Lake Rd,Birmingham,9,B1 1BB,To strengthen families empower dignity wellbeing relief communities connect.,https://www.unityfamilyinitiative-000340.example,,contact@unityfamilyinitiative-000340.example,non_profit,small,2,False,False,2024-10-20 02:15:47,2024-11-21 23:24:16
ORG000341,Helping Foundation Coalition,8799 Pine Ave,New Victoriafield,7,V8W 4B0,To relief families resources connect assist volunteers opportunity strengthen wellbeing dignity empower uplift.,https://www.helpingfoundationcoaliti-000341.example,+1-416-555-0140,contact@helpingfoundationcoaliti-000341.example,for_profit,large,3,False,True,2025-04-09 23:49:07,2025-04-30 11:23:18
ORG000342,Cornerstone Neighbor Coalition,2560 Church Way,South Berlinwood,16,10187,To wellbeing resources volunteers neighbors communities support care empower access families resilience.,https://www.cornerstoneneighborcoali-000342.example,,contact@cornerstoneneighborcoali-000342.example,for_profit,small,1,False,True,2025-08-21 09:01:16,2025-08-30 20:11:35
ORG000343,Harbor Network Collective,729 Sunset Blvd,North Manchesterwood,9,M1 8JP,To support empower families connect communities resilience resources relief volunteers dignity serve uplift.,https://www.harbornetworkcollective-000343.example,,,non_profit,large,2,True,True,2024-08-21 22:31:09,2024-11-27 18:53:06
ORG000344,Bright Community Society,5303 Union Blvd,Newcastle,14,2300,To resources families strengthen assist dignity connect care neighbors access communities relief.,https://www.brightcommunitysociety-000344.example,,,for_profit,large,1,False,False,2024-05-11 06:47:05,2024-06-29 15:09:35
ORG000345,Helping Family Trust,6814 River Way,Mumbai,11,400001,To dignity relief families empower opportunity serve assist resources.,https://www.helpingfamilytrust-000345.example,,contact@helpingfamilytrust-000345.example,for_profit,large,1,True,False,2025-01-03 08:29:07,2025-04-01 18:53:00
ORG000346,Summit Network Initiative,3070 Maple Ln,Green Torontocrest,6,M5H 9Y8,To connect opportunity uplift resources assist families resilience empower dignity relief.,https://www.summitnetworkinitiative-000346.example,+1-416-555-0110,,for_profit,large,4,False,False,2024-04-29 11:14:13,2024-07-13 21:40:25
ORG000347,Trinity Network Initiative,8315 River Way,North Puneburg,11,411788,To connect dignity communities empower strengthen relief opportunity volunteers support.,https://www.trinitynetworkinitiative-000347.example,,contact@trinitynetworkinitiative-000347.example,for_profit,large,2,True,True,2025-08-17 00:35:19,2025-10-23 16:12:07
ORG000348,Riverside Family Initiative,4614 Washington St,Bengaluru,12,560001,To access care assist serve wellbeing families empower dignity.,https://www.riversidefamilyinitiativ-000348.example,,,non_profit,medium,1,False,True,2024-09-13 13:15:00,2025-01-11 16:23:30
ORG000349,Beacon Outreach Foundation,6836 Lake Rd,Fort Vancouverhaven,7,V6B 2L1,To access resilience resources care families opportunity uplift connect wellbeing neighbors.,https://www.beaconoutreachfoundation-000349.example,+1-416-555-0139,contact@beaconoutreachfoundation-000349.example,non_profit,medium,1,False,False,2025-03-06 13:11:12,2025-03-08 02:23:34
ORG000350,Trinity Network Network,8582 Maple Ct,New Houstonwood,4,77056,To care assist volunteers uplift opportunity resources serve strengthen wellbeing empower.,https://www.trinitynetworknetwork-000350.example,+1-202-555-0114,contact@trinitynetworknetwork-000350.example,non_profit,small,2,False,True,2025-04-25 15:01:13,2025-07-30 19:21:02
ORG000351,Trinity Outreach Collective,5487 Cedar Ave,South Sydneyhaven,14,2059,To serve strengthen opportunity connect communities resilience care families.,https://www.trinityoutreachcollectiv-000351.example,,contact@trinityoutreachcollectiv-000351.example,non_profit,large,4,False,True,2024-12-04 01:42:26,2024-12-21 22:47:01
ORG000352,Open Network Collective,6786 Union Dr,West Montrealville,8,H2Y 6A2,To opportunity neighbors volunteers support serve resilience relief communities families access connect uplift.,https://www.opennetworkcollective-000352.example,+1-416-555-0103,contact@opennetworkcollective-000352.example,for_profit,medium,2,True,False,2024-11-08 00:11:32,2024-11-17 20:26:42
ORG000353,Riverside Family Coalition,7344 Sunset Dr,Fort Sydneyhaven,14,2099,To resilience serve volunteers empower dignity care relief resources wellbeing support strengthen.,https://www.riversidefamilycoalition-000353.example,,contact@riversidefamilycoalition-000353.example,non_profit,medium,1,True,False,2024-06-09 07:16:47,2024-07-22 12:11:31
ORG000354,Cornerstone Neighbor Center,9821 Hill Rd,West Montrealville,8,H2Y 6A2,To opportunity strengthen support connect wellbeing empower uplift families communities volunteers resources assist.,https://www.cornerstoneneighborcente-000354.example,+1-416-555-0134,contact@cornerstoneneighborcente-000354.example,non_profit,medium,1,False,True,2024-10-27 02:38:04,2024-12-30 13:48:55
ORG000355,Trinity Hope Network,9298 River Dr,West Quebecburg,8,G1R 4K3,To relief support uplift families neighbors dignity opportunity access care serve.,https://www.trinityhopenetwork-000355.example,+1-416-555-0185,,for_profit,large,3,False,False,2025-06-04 14:08:45,2025-09-16 02:15:38
ORG000356,Trinity Outreach Services,270 Highland St,West Quebecburg,8,G1R 4K3,To connect resources wellbeing care opportunity communities neighbors serve relief resilience strengthen families.,https://www.trinityoutreachservices-000356.example,+1-416-555-0149,contact@trinityoutreachservices-000356.example,non_profit,large,3,True,False,2024-09-01 02:34:54,2024-10-26 13:15:15
ORG000357,Evergreen Outreach Services,8073 Hill St,Alexandria,1,22314,To uplift support relief wellbeing resilience dignity serve volunteers care neighbors families.,https://www.evergreenoutreachservice-000357.example,+1-202-555-0112,,non_profit,small,5,False,True,2025-07-29 19:42:14,2025-09-19 21:27:47
ORG000358,Evergreen Care Society,4100 Hill Rd,Glasgow,10,G1 1XW,To resources dignity access support communities volunteers empower families wellbeing opportunity strengthen.,https://www.evergreencaresociety-000358.example,,contact@evergreencaresociety-000358.example,for_profit,medium,3,False,False,2024-06-16 09:12:41,2024-08-11 16:31:30
ORG000359,Evergreen Support Society,3998 Oak Way,Lake Bengalurucrest,12,560658,To support volunteers neighbors dignity resilience opportunity wellbeing access communities serve.,https://www.evergreensupportsociety-000359.example,,contact@evergreensupportsociety-000359.example,for_profit,large,5,False,True,2024-02-04 19:16:25,2024-05-19 09:29:03
ORG000360,Unity Hope Coalition,6875 Maple Dr,New Hamburgcrest,18,20060,To access opportunity empower wellbeing families strengthen neighbors support uplift resources.,https://www.unityhopecoalition-000360.example,,contact@unityhopecoalition-000360.example,for_profit,small,3,False,True,2024-04-06 13:37:51,2024-04-29 03:31:47
ORG000361,Harbor Community Foundation,8505 Hill Dr,Port Geelongford,15,3215,To care resilience communities families resources opportunity uplift serve assist access.,https://www.harborcommunityfoundatio-000361.example,,contact@harborcommunityfoundatio-000361.example,non_profit,large,5,True,True,2024-03-14 03:42:03,2024-07-05 05:10:16
ORG000362,Helping Hope Collective,218 Elm Ln,Mysuru,12,570001,To wellbeing neighbors strengthen resources volunteers empower dignity care families.,https://www.helpinghopecollective-000362.example,,contact@helpinghopecollective-000362.example,for_profit,large,3,False,True,2025-01-23 00:04:33,2025-02-20 04:10:45
ORG000363,Unity Alliance Collective,9661 Main Rd,East Ottawaburg,6,K1P 9X0,To communities wellbeing resilience dignity relief assist access support volunteers.,https://www.unityalliancecollective-000363.example,+1-416-555-0149,contact@unityalliancecollective-000363.example,for_profit,small,2,False,False,2024-10-16 11:52:11,2024-11-26 06:20:50
ORG000364,Open Care Collective,3186 Main Ave,Arlington,1,22201,To assist dignity communities strengthen resources care families volunteers serve wellbeing opportunity support.,https://www.opencarecollective-000364.example,+1-202-555-0123,contact@opencarecollective-000364.example,for_profit,small,5,True,True,2025-04-27 02:13:34,2025-06-25 11:32:16
ORG000365,Cornerstone Relief Partners,1728 Oak Ct,New York,3,10001,To dignity empower volunteers resilience relief communities assist access resources wellbeing connect neighbors.,https://www.cornerstonereliefpartner-000365.example,+1-202-555-0197,contact@cornerstonereliefpartner-000365.example,non_profit,small,2,False,False,2024-03-23 02:20:07,2024-04-20 10:13:02
ORG000366,Cornerstone Support Center,212 Cedar Way,Port Manchesterwood,9,M1 6YJ,To care resilience access opportunity empower families volunteers connect.,https://www.cornerstonesupportcenter-000366.example,,contact@cornerstonesupportcenter-000366.example,for_profit,large,2,True,True,2024-02-04 20:32:39,2024-05-11 01:48:22
ORG000367,Summit Care Initiative,1553 Sunset Ln,Lake Manchesterdale,9,M1 2JS,To communities resilience resources strengthen access relief opportunity uplift care neighbors.,https://www.summitcareinitiative-000367.example,,contact@summitcareinitiative-000367.example,for_profit,small,4,False,False,2024-10-16 03:53:26,2024-12-16 12:37:49
ORG000368,Harbor Network Services,5156 Sunset Way,Mysuru,12,570001,To communities relief resources connect strengthen wellbeing assist uplift care dignity support.,https://www.harbornetworkservices-000368.example,,contact@harbornetworkservices-000368.example,for_profit,large,1,False,True,2025-06-17 20:06:48,2025-10-13 23:58:55
ORG000369,Riverside Care Services,7945 Elm Way,Lake Edinburghford,10,EH1 0ES,To communities families resources care serve opportunity resilience access.,https://www.riversidecareservices-000369.example,,contact@riversidecareservices-000369.example,non_profit,small,3,False,False,2025-08-19 16:16:27,2025-09-30 14:19:38
ORG000370,Bright Hope Society,8692 River Blvd,Albany,3,12207,To assist wellbeing support relief care connect uplift volunteers dignity communities empower.,https://www.brighthopesociety-000370.example,+1-202-555-0148,contact@brighthopesociety-000370.example,for_profit,small,5,False,True,2024-02-24 19:04:20,2024-06-14 05:50:50
ORG000371,Riverside Relief Society,403 Cedar Dr,Lake Manchesterdale,9,M1 2JS,To access wellbeing resilience strengthen assist neighbors empower families serve care.,https://www.riversidereliefsociety-000371.example,,contact@riversidereliefsociety-000371.example,for_profit,small,2,False,False,2025-03-04 08:51:11,2025-06-26 15:31:41
ORG000372,Helping Network Foundation,1554 Church Dr,Albany,3,12207,To volunteers resources neighbors connect dignity opportunity families access strengthen resilience.,https://www.helpingnetworkfoundation-000372.example,+1-202-555-0167,,non_profit,small,3,False,True,2025-02-05 14:22:15,2025-05-04 08:39:10
ORG000373,Cornerstone Outreach Coalition,7780 Cedar Dr,Seattle,5,98101,To support families resilience care strengthen communities empower assist neighbors wellbeing.,https://www.cornerstoneoutreachcoali-000373.example,+1-202-555-0191,contact@cornerstoneoutreachcoali-000373.example,non_profit,small,2,True,False,2024-01-29 15:57:58,2024-02-19 08:07:25
ORG000374,Harbor Assistance Initiative,3446 Pine Ct,New Victoriafield,7,V8W 4B0,To empower opportunity strengthen assist support families connect wellbeing neighbors communities care.,https://www.harborassistanceinitiati-000374.example,+1-416-555-0166,contact@harborassistanceinitiati-000374.example,for_profit,medium,4,False,False,2024-06-26 02:26:58,2024-09-02 12:51:16
ORG000375,Beacon Family Initiative,1690 Lake Blvd,West Montrealville,8,H2Y 6A2,To uplift opportunity support communities serve resources assist relief families wellbeing neighbors.,https://www.beaconfamilyinitiative-000375.example,+1-416-555-0136,contact@beaconfamilyinitiative-000375.example,for_profit,medium,5,True,True,2024-07-26 16:01:54,2024-10-05 01:25:56
ORG000376,Beacon Relief Coalition,6752 Cedar Way,East Munichfield,17,80360,To strengthen uplift opportunity neighbors relief dignity resilience wellbeing empower resources support.,https://www.beaconreliefcoalition-000376.example,,contact@beaconreliefcoalition-000376.example,for_profit,large,4,True,False,2024-02-05 16:06:03,2024-05-07 14:12:27
ORG000377,Summit Family Foundation,6793 Sunset St,Fort Vancouverville,7,V6B 5J4,To strengthen care support families assist access opportunity volunteers.,https://www.summitfamilyfoundation-000377.example,+1-416-555-0113,contact@summitfamilyfoundation-000377.example,for_profit,small,5,False,False,2025-06-07 18:33:27,2025-06-17 19:58:13
ORG000378,Riverside Outreach Network,8941 Hill Ln,Green Munichburg,17,80382,To access communities uplift connect assist strengthen support relief volunteers opportunity.,https://www.riversideoutreachnetwork-000378.example,,,non_profit,medium,3,False,False,2024-11-15 17:04:01,2025-01-08 05:44:32
ORG000379,Guardian Family Services,393 Maple Rd,Norfolk,1,23510,To resources support dignity opportunity communities empower uplift neighbors.,https://www.guardianfamilyservices-000379.example,+1-202-555-0143,contact@guardianfamilyservices-000379.example,non_profit,large,2,False,True,2024-01-17 06:29:48,2024-02-08 02:03:11
ORG000380,Bright Support Collective,9051 Sunset Blvd,San Diego,2,92101,To relief strengthen wellbeing support dignity care connect neighbors volunteers resources.,https://www.brightsupportcollective-000380.example,+1-202-555-0109,contact@brightsupportcollective-000380.example,non_profit,small,5,False,False,2024-11-20 20:16:47,2025-03-03 22:27:23
ORG000381,Unity Family Society,7047 Maple Dr,Fort Vancouverville,7,V6B 5J4,To volunteers empower access communities resources connect uplift resilience.,https://www.unityfamilysociety-000381.example,+1-416-555-0176,contact@unityfamilysociety-000381.example,for_profit,small,1,True,False,2025-02-06 02:00:07,2025-05-21 07:26:45
ORG000382,Unity Hope Foundation,9194 Cedar Ln,Mount Berlinton,16,10160,To empower communities access care strengthen uplift serve families resources volunteers.,https://www.unityhopefoundation-000382.example,,contact@unityhopefoundation-000382.example,for_profit,large,5,True,True,2024-06-22 00:16:38,2024-08-11 05:06:53
ORG000383,Helping Outreach Center,9680 River St,Alexandria,1,22314,To volunteers support relief empower care dignity uplift opportunity neighbors communities access strengthen.,https://www.helpingoutreachcenter-000383.example,+1-202-555-0174,contact@helpingoutreachcenter-000383.example,for_profit,small,5,True,True,2024-04-08 18:35:26,2024-07-01 02:28:34
ORG000384,Unity Family Foundation,3793 Park Ave,South Glasgowburg,10,G1 3GA,To access serve relief neighbors dignity resources support care.,https://www.unityfamilyfoundation-000384.example,,contact@unityfamilyfoundation-000384.example,for_profit,medium,5,False,True,2024-02-24 00:16:18,2024-03-27 15:53:02
ORG000385,Helping Outreach Trust,6634 Washington St,Toronto,6,M5H 2N2,To uplift communities care opportunity resources support access relief wellbeing resilience empower.,https://www.helpingoutreachtrust-000385.example,+1-416-555-0118,contact@helpingoutreachtrust-000385.example,non_profit,large,1,True,True,2025-05-13 15:30:18,2025-08-21 00:08:42
ORG000386,Helping Alliance Network,78 Pine Rd,Lake Dallasburg,4,75288,To communities resources serve care support connect assist families strengthen relief wellbeing volunteers.,https://www.helpingalliancenetwork-000386.example,+1-202-555-0116,contact@helpingalliancenetwork-000386.example,for_profit,medium,5,True,True,2024-12-30 13:50:34,2025-03-27 08:30:52
ORG000387,Beacon Alliance Services,2449 Pine Ave,South Arlingtonton,1,22244,To volunteers communities access care resilience uplift connect families neighbors.,https://www.beaconallianceservices-000387.example,+1-202-555-0129,contact@beaconallianceservices-000387.example,non_profit,small,2,False,False,2025-03-13 15:25:30,2025-05-18 17:54:50
ORG000388,Beacon Foundation Trust,8804 Elm Rd,Fort Vancouverville,7,V6B 5J4,To wellbeing resilience communities families resources dignity support empower relief.,https://www.beaconfoundationtrust-000388.example,+1-416-555-0132,contact@beaconfoundationtrust-000388.example,for_profit,large,3,False,True,2024-05-19 08:44:56,2024-09-04 20:47:29
ORG000389,Guardian Care Society,6833 Lake Ave,Port Geelongford,15,3215,To families resources care volunteers relief communities dignity serve resilience assist empower support.,https://www.guardiancaresociety-000389.example,,contact@guardiancaresociety-000389.example,for_profit,small,3,False,False,2025-04-19 10:17:48,2025-07-04 05:20:24
ORG000390,Helping Network Collective,1795 Sunset Ct,Lake Quebecburg,8,G1R 1R0,To dignity neighbors assist empower communities relief resources connect access wellbeing.,https://www.helpingnetworkcollective-000390.example,+1-416-555-0184,contact@helpingnetworkcollective-000390.example,for_profit,large,4,False,False,2024-04-08 10:33:55,2024-07-12 10:52:46
ORG000391,Lighthouse Foundation Services,5050 Highland Ave,Manchester,9,M1 1AE,To empower neighbors volunteers resilience wellbeing resources assist communities.,https://www.lighthousefoundationserv-000391.example,,,for_profit,medium,4,False,True,2025-01-31 19:32:29,2025-02-24 02:58:44
ORG000392,Helping Neighbor Collective,8750 Hill Dr,Los Angeles,2,90012,To neighbors connect care support volunteers relief uplift empower strengthen.,https://www.helpingneighborcollectiv-000392.example,+1-202-555-0186,,for_profit,medium,2,False,True,2024-04-30 14:54:31,2024-08-06 08:34:12
ORG000393,Solace Relief Coalition,6612 Lake St,Geelong,15,3220,To serve dignity neighbors opportunity access resources empower uplift wellbeing support families.,https://www.solacereliefcoalition-000393.example,,contact@solacereliefcoalition-000393.example,for_profit,small,4,True,True,2025-04-11 22:13:07,2025-06-18 08:36:43
ORG000394,Solace Family Foundation,9574 Washington Blvd,Spokane,5,99201,To wellbeing opportunity volunteers families connect communities serve resources uplift.,https://www.solacefamilyfoundation-000394.example,+1-202-555-0133,,for_profit,large,5,True,False,2025-03-08 18:49:02,2025-05-04 14:20:12
ORG000395,Solace Alliance Collective,5271 Pine Ct,West Sanford,2,94158,To opportunity resilience communities access wellbeing empower support resources strengthen serve.,https://www.solacealliancecollective-000395.example,+1-202-555-0175,contact@solacealliancecollective-000395.example,non_profit,medium,5,True,True,2025-05-07 07:12:51,2025-06-28 20:53:43
ORG000396,Guardian Support Services,1751 Lake Ln,East Munichfield,17,80360,To support neighbors empower strengthen access assist care relief resources.,https://www.guardiansupportservices-000396.example,,contact@guardiansupportservices-000396.example,non_profit,medium,4,False,True,2025-07-25 19:12:45,2025-09-14 20:02:25
ORG000397,Guardian Community Society,7680 Oak Ct,Fort Buffalohaven,3,14201,To assist volunteers support dignity access care resilience uplift connect communities wellbeing.,https://www.guardiancommunitysociety-000397.example,+1-202-555-0172,contact@guardiancommunitysociety-000397.example,non_profit,large,3,True,True,2024-04-23 13:56:28,2024-07-06 12:44:12
ORG000398,Guardian Network Initiative,7183 Main Blvd,Port Losfield,2,90040,To families communities connect care volunteers serve relief empower strengthen neighbors.,https://www.guardiannetworkinitiativ-000398.example,+1-202-555-0139,,for_profit,medium,2,True,True,2025-04-17 21:08:59,2025-08-06 03:03:55
ORG000399,Evergreen Support Partners,6403 Sunset Ave,Ottawa,6,K1P 1J1,To resources empower strengthen care resilience wellbeing serve uplift support families.,https://www.evergreensupportpartners-000399.example,+1-416-555-0160,contact@evergreensupportpartners-000399.example,non_profit,small,1,False,False,2024-06-11 05:02:43,2024-07-07 18:41:44
ORG000400,Guardian Outreach Initiative,2929 Pine Blvd,Port Montrealburg,8,H2Y 5X6,To dignity neighbors communities volunteers serve resources connect wellbeing.,https://www.guardianoutreachinitiati-000400.example,+1-416-555-0195,contact@guardianoutreachinitiati-000400.example,non_profit,medium,5,False,True,2024-11-26 18:41:00,2025-01-07 02:28:40
