user_id,state_id,country_id,user_status_id,full_name,first_name,middle_name,last_name,primary_email_address,primary_phone_number,addr_ln1,addr_ln2,addr_ln3,city_name,zip_code,last_location,last_updated_at,time_zone,profile_picture_path,gender,language_1,language_2,language_3,promotion_wizard_stage,promotion_wizard_last_updated_at,external_auth_provider,dob,is_eu
a075e927-5110-b492-f442-7e0b61484bb3,15,5,1,Kendall Drew Meadows,Kendall,Drew,Meadows,kendall.meadows1122@example.org,,2726 Sunset Ln,Apt 15,,New Melbourneburg,3084,"(144.960137,-37.816965)",2024-12-08 07:02:20,Australia/Melbourne,s3://saayam-mock/profiles/a075e927-5110-b492-f442-7e0b61484bb3.jpg,MALE,4,2,,1,2024-11-04 19:20:41,GOOGLE,1960-03-03,False
9ea556aa-61ee-6c5b-deef-580f9c07a751,14,5,1,Finley Blake Wells,Finley,Blake,Wells,finley.wells3805@example.org,,8956 Maple Ave,,,South Sydneyhaven,2059,"(151.209132,-33.865192)",2025-07-02 14:56:56,Australia/Sydney,,PREFER_NOT_TO_SAY,11,1,,2,2025-05-13 18:10:59,COGNITO,1965-07-19,False
fe2110d0-4bbe-4aff-9326-dffd5be4bf51,15,5,1,Logan Holt,Logan,,Holt,logan.holt4498@example.org,,5773 Cedar Rd,Apt 318,,Melbourne,3000,"(144.965097,-37.811182)",2024-04-16 03:45:25,Australia/Melbourne,,MALE,1,10,8,5,2024-01-23 00:36:45,FACEBOOK,2000-08-02,False
21a4344f-bb7b-ee03-5d67-8bb1945ef2e4,2,1,1,Logan Ray Ives,Logan,Ray,Ives,logan.ives2878@example.org,+1-202-555-0161,4836 Sunset Dr,,,Lake Sanhaven,94171,"(-122.415519,37.781778)",2024-08-02 18:38:48,America/Los_Angeles,,PREFER_NOT_TO_SAY,9,12,,4,2024-09-08 16:40:59,COGNITO,1966-09-04,False
bfbf397b-ac3e-7b0d-5e5b-a13d746cdb77,14,5,1,Harper Lane Glade,Harper,Lane,Glade,harper.glade6087@example.org,,1036 River Ct,Apt 359,,Mount Newcastlewood,2341,"(151.784930,-32.924675)",2024-06-12 09:22:32,Australia/Sydney,,NON_BINARY,10,,,3,2024-05-05 09:30:26,GOOGLE,1974-08-12,False
b24cc64f-be3e-6e57-f30a-9e32aba4fc03,11,4,1,Frankie Lane Wells,Frankie,Lane,Wells,frankie.wells6798@example.org,,1628 River Dr,,,Fort Puneton,411710,"(73.852317,18.516452)",2024-07-03 11:42:51,Asia/Kolkata,s3://saayam-mock/profiles/b24cc64f-be3e-6e57-f30a-9e32aba4fc03.jpg,FEMALE,1,6,,3,2024-04-23 21:53:07,COGNITO,1953-06-08,False
90882eaf-c977-6598-203c-8c25fd235def,4,1,1,Casey Drew Reed,Casey,Drew,Reed,casey.reed9608@example.org,+1-202-555-0116,8851 Pine Blvd,,,Lake Dallasburg,75288,"(-96.797430,32.783139)",2024-08-12 20:22:11,America/Chicago,,MALE,10,,,4,2024-09-19 16:33:05,COGNITO,1958-12-14,False
104556e5-bee3-eb79-1d18-1ee986ad8a8c,10,3,1,Hayden Ray Vale,Hayden,Ray,Vale,hayden.vale7406@example.org,,6581 Washington Ave,,,Edinburgh,EH1 1YZ,"(-3.188552,55.956084)",2025-07-25 19:36:07,Europe/London,s3://saayam-mock/profiles/104556e5-bee3-eb79-1d18-1ee986ad8a8c.jpg,MALE,11,9,5,0,2025-06-16 01:18:42,FACEBOOK,1974-10-17,False
9afd4015-816b-cb9f-7426-b1934b7e6b3c,9,3,1,Jamie Reed,Jamie,,Reed,jamie.reed7047@example.org,,4177 Elm Blvd,,,Birmingham,B1 1BB,"(-1.889022,52.485075)",2025-04-15 19:19:26,Europe/London,s3://saayam-mock/profiles/9afd4015-816b-cb9f-7426-b1934b7e6b3c.jpg,FEMALE,7,12,,5,2025-07-11 04:17:29,COGNITO,1987-09-18,False
692ac139-1f4a-8ca1-ab85-fd595463adc7,7,2,1,Gray Ashby,Gray,,Ashby,gray.ashby9838@example.org,+1-416-555-0114,4565 Park Rd,,,Fort Vancouverville,V6B 5J4,"(-123.121307,49.278072)",2025-02-22 15:46:19,America/Vancouver,,FEMALE,4,3,8,4,2025-03-14 18:00:20,FACEBOOK,1951-03-09,False
ebe9e207-4f19-9ec0-c32d-4526b3e4110a,7,2,1,River Quill,River,,Quill,river.quill2348@example.org,+1-416-555-0148,6879 Lake Dr,,,South Victoriaburg,V8W 8M9,"(-123.368224,48.424279)",2025-11-03 17:14:40,America/Vancouver,s3://saayam-mock/profiles/ebe9e207-4f19-9ec0-c32d-4526b3e4110a.jpg,FEMALE,12,,,1,2025-08-24 01:28:47,COGNITO,1967-08-22,False
7129cec7-9b69-554d-7c54-535f6c8c3b6a,9,3,1,Kai Lee Frost,Kai,Lee,Frost,kai.frost5656@example.org,,898 Main Rd,,,London,SW1A 1AA,"(-0.126797,51.504673)",2025-06-22 17:06:59,Europe/London,s3://saayam-mock/profiles/7129cec7-9b69-554d-7c54-535f6c8c3b6a.jpg,FEMALE,10,8,9,0,2025-05-19 11:45:54,GOOGLE,1974-09-23,False
d556b37d-8f08-81ee-8011-316b3ae88926,14,5,1,River Holt,River,,Holt,river.holt694@example.org,,1888 Washington St,Apt 167,,Fort Sydneyhaven,2099,"(151.213951,-33.867201)",2025-06-10 00:23:42,Australia/Sydney,,FEMALE,6,,,3,2025-07-08 12:45:25,APPLE,1983-02-13,False
56ea57b3-beed-10b6-4f6e-274bdedab027,4,1,1,Parker Fields,Parker,,Fields,parker.fields8364@example.org,+1-202-555-0132,3233 Maple Blvd,,,Mount Dallaston,75202,"(-96.799470,32.772597)",2024-05-06 07:21:52,America/Chicago,s3://saayam-mock/profiles/56ea57b3-beed-10b6-4f6e-274bdedab027.jpg,PREFER_NOT_TO_SAY,6,11,,5,2024-08-23 20:13:52,FACEBOOK,2005-11-11,False
780b3657-117b-355b-7094-4bdb26a524e3,9,3,1,Micah Marie Brooks,Micah,Marie,Brooks,micah.brooks5767@example.org,,9734 Hill Way,,,Port Manchesterwood,M1 6YJ,"(-2.243274,53.480584)",2025-09-13 11:16:31,Europe/London,s3://saayam-mock/profiles/780b3657-117b-355b-7094-4bdb26a524e3.jpg,MALE,1,12,,2,2025-08-20 02:51:38,COGNITO,1978-02-26,False
fb7d9f1c-57eb-89b1-d65e-59dde62d2d06,15,5,1,Riley Drew Quill,Riley,Drew,Quill,riley.quill642@example.org,,5544 River St,,,New Melbourneburg,3084,"(144.959716,-37.812048)",2024-09-19 17:35:03,Australia/Melbourne,,NON_BINARY,9,10,3,2,2024-12-13 05:27:06,GOOGLE,1971-02-19,False
598ddaec-eaaf-e543-2434-a678a9e27ba9,6,2,1,Ellis Hart,Ellis,,Hart,ellis.hart5073@example.org,+1-416-555-0182,6938 Hill Dr,,,East Torontoton,M5H 3R1,"(-79.380231,43.656833)",2025-08-19 04:03:39,America/Toronto,s3://saayam-mock/profiles/598ddaec-eaaf-e543-2434-a678a9e27ba9.jpg,MALE,3,11,,1,2025-08-15 00:00:44,COGNITO,1982-09-27,False
09a9d1c1-86ca-c6f4-e238-fe93bd17c5e8,14,5,1,Parker Lane Lane,Parker,Lane,Lane,parker.lane9786@example.org,,4669 Highland Ct,,,Newcastle,2300,"(151.778962,-32.929114)",2025-03-01 05:08:04,Australia/Sydney,s3://saayam-mock/profiles/09a9d1c1-86ca-c6f4-e238-fe93bd17c5e8.jpg,PREFER_NOT_TO_SAY,10,3,8,3,2025-04-28 22:59:35,APPLE,1960-04-26,False
400035f0-df7d-0dd7-236e-16089acb394a,1,1,1,Jules Ray Vale,Jules,Ray,Vale,jules.vale8453@example.org,+1-202-555-0111,3638 Union Ct,,,South Arlingtonton,22244,"(-77.108514,38.878779)",2024-06-29 19:31:20,America/New_York,s3://saayam-mock/profiles/400035f0-df7d-0dd7-236e-16089acb394a.jpg,PREFER_NOT_TO_SAY,5,,,0,2024-06-24 01:07:08,COGNITO,2003-12-21,False
2339ba19-2563-7cc3-ca97-ebf555d596af,1,1,1,Logan Blake Lane,Logan,Blake,Lane,logan.lane7686@example.org,+1-202-555-0114,4721 Cedar Ln,Apt 63,,West Alexandriaford,22300,"(-77.045270,38.807703)",2025-05-29 00:51:36,America/New_York,s3://saayam-mock/profiles/2339ba19-2563-7cc3-ca97-ebf555d596af.jpg,FEMALE,1,,,3,2025-06-20 21:02:37,GOOGLE,1995-03-10,False
5a5226e6-9d64-2932-0066-853d6de299a1,5,1,1,Frankie Hart,Frankie,,Hart,frankie.hart8577@example.org,+1-202-555-0147,4156 Sunset St,,,Spokane,99201,"(-117.426657,47.658621)",2025-02-17 19:20:16,America/Los_Angeles,,NON_BINARY,9,12,1,1,2025-01-09 23:07:55,GOOGLE,2003-11-15,False
a1b970d0-7a81-04de-b205-07bbfb16f757,4,1,1,Quinn Nash,Quinn,,Nash,quinn.nash606@example.org,+1-202-555-0169,7757 Pine St,,,Austin,78701,"(-97.744206,30.266060)",2024-12-03 02:58:39,America/Chicago,s3://saayam-mock/profiles/a1b970d0-7a81-04de-b205-07bbfb16f757.jpg,NON_BINARY,1,,,2,2024-11-12 02:30:46,APPLE,1997-08-13,False
7f072cb9-2fd3-40c0-f945-f2fd56cb1ab0,14,5,1,Kendall Ray Wren,Kendall,Ray,Wren,kendall.wren1354@example.org,,4844 Pine Ct,,,Port Newcastlefield,2362,"(151.778713,-32.930741)",2025-04-01 09:56:00,Australia/Sydney,s3://saayam-mock/profiles/7f072cb9-2fd3-40c0-f945-f2fd56cb1ab0.jpg,NON_BINARY,9,,,4,2025-05-04 20:08:28,COGNITO,1954-11-21,False
cd14a03e-8359-9af6-5d01-f55f67fd64c4,16,6,1,Reese Wells,Reese,,Wells,reese.wells9955@example.org,,2514 River Ct,,,Berlin,10115,"(13.404198,52.519297)",2025-06-29 12:44:12,Europe/Berlin,s3://saayam-mock/profiles/cd14a03e-8359-9af6-5d01-f55f67fd64c4.jpg,PREFER_NOT_TO_SAY,11,,,2,2025-06-15 18:23:11,COGNITO,1997-03-16,True
8fc9c86b-e9dd-ebf5-6311-9aca848af440,3,1,1,Harper Marie Locke,Harper,Marie,Locke,harper.locke3516@example.org,+1-202-555-0191,7293 Oak Dr,Apt 342,,New York,10001,"(-74.008186,40.710244)",2024-10-29 01:32:49,America/New_York,,MALE,2,,,5,2025-01-19 06:38:42,FACEBOOK,1982-04-04,False
238d6f44-cac4-d0eb-3373-730efc31a597,5,1,1,Kendall Flint,Kendall,,Flint,kendall.flint9078@example.org,+1-202-555-0167,6731 Highland Way,Apt 295,,Spokane,99201,"(-117.428606,47.658189)",2025-09-19 16:34:19,America/Los_Angeles,s3://saayam-mock/profiles/238d6f44-cac4-d0eb-3373-730efc31a597.jpg,NON_BINARY,3,10,2,1,2025-11-30 14:10:28,GOOGLE,1999-03-14,False
0e2f8958-de43-1e06-e924-706980bbae52,18,6,1,Avery Drew Wells,Avery,Drew,Wells,avery.wells4983@example.org,,9025 Pine Blvd,Apt 321,,Hamburg,20095,"(9.996070,53.553176)",2024-08-24 16:53:40,Europe/Berlin,s3://saayam-mock/profiles/0e2f8958-de43-1e06-e924-706980bbae52.jpg,MALE,4,6,9,1,2024-09-10 10:07:56,FACEBOOK,2003-10-02,True
14cb0564-0743-7c3b-dd20-c3bfd342af08,1,1,1,Harper Lee Ives,Harper,Lee,Ives,harper.ives497@example.org,+1-202-555-0158,1196 Sunset St,,,Lake Norfolkdale,23597,"(-76.286919,36.849689)",2025-07-25 19:47:39,America/New_York,,NON_BINARY,5,8,4,5,2025-07-05 05:29:40,APPLE,1958-06-17,False
3de28859-51b1-943c-1b2e-dedb8fc85fc0,9,3,1,Avery Marie Locke,Avery,Marie,Locke,avery.locke4062@example.org,,9465 Sunset Dr,,,Lake Manchesterdale,M1 2JS,"(-2.246153,53.482016)",2024-07-27 04:32:49,Europe/London,,PREFER_NOT_TO_SAY,10,7,,0,2024-06-05 00:35:47,GOOGLE,1963-10-12,False
7eb162f1-4806-f804-0cf0-374c0c74dc0f,12,4,1,Jules Marie Rivers,Jules,Marie,Rivers,jules.rivers1762@example.org,,9065 Pine Ave,,,East Mysurufield,570465,"(76.634945,12.290709)",2025-06-23 07:14:08,Asia/Kolkata,,FEMALE,6,7,12,1,2025-03-30 02:20:06,FACEBOOK,1985-06-25,False
8255da61-9a3b-0319-32f5-751024eeb4a6,8,2,1,Taylor Meadows,Taylor,,Meadows,taylor.meadows2246@example.org,+1-416-555-0120,6439 Park Ln,Apt 304,,Lake Quebecburg,G1R 1R0,"(-71.202767,46.809407)",2025-03-24 17:08:00,America/Toronto,,NON_BINARY,10,,,3,2025-03-22 00:56:50,COGNITO,1976-10-10,False
df41e335-b9ae-d8e4-e615-99c8cbf81f86,14,5,1,Jordan Lane Orme,Jordan,Lane,Orme,jordan.orme4351@example.org,,3969 Main Ave,Apt 98,,Port Newcastlefield,2362,"(151.779833,-32.928212)",2025-09-25 16:24:12,Australia/Sydney,,PREFER_NOT_TO_SAY,10,,,4,2025-11-23 23:13:16,COGNITO,1995-03-17,False
ff84faef-5336-723b-8f96-468535145890,14,5,1,Jules Drew Glade,Jules,Drew,Glade,jules.glade5141@example.org,,7933 Cedar Rd,,,Newcastle,2300,"(151.782755,-32.926094)",2024-07-25 09:47:52,Australia/Sydney,,PREFER_NOT_TO_SAY,9,6,,2,2024-08-27 11:34:33,FACEBOOK,1968-02-19,False
e5508ea2-6133-a34d-8b0e-8eb1ad371d9e,8,2,1,River Ashby,River,,Ashby,river.ashby690@example.org,+1-416-555-0171,4451 Maple Ave,,,West Montrealville,H2Y 6A2,"(-73.562808,45.504946)",2024-11-21 14:09:04,America/Toronto,,MALE,11,5,,5,2024-11-20 08:11:48,FACEBOOK,1995-08-04,False
01539221-2331-0a28-c550-eca8ae62990c,11,4,1,Reese Jo Orme,Reese,Jo,Orme,reese.orme7823@example.org,,6847 Church Blvd,,,West Mumbaiton,400477,"(72.874402,19.076581)",2024-09-12 09:32:17,Asia/Kolkata,,NON_BINARY,1,2,10,0,2024-07-25 03:56:56,COGNITO,1971-05-15,False
8639bd41-8b15-bd94-a42d-0cd7fd359f6a,10,3,1,Quinn Drew Nash,Quinn,Drew,Nash,quinn.nash4471@example.org,,9303 River Rd,,,West Edinburghford,EH1 7SY,"(-3.184303,55.951498)",2024-10-06 01:13:37,Europe/London,s3://saayam-mock/profiles/8639bd41-8b15-bd94-a42d-0cd7fd359f6a.jpg,FEMALE,8,11,5,3,2024-10-09 15:32:18,APPLE,1970-04-01,False
725d4259-3c4b-1eec-6231-ee7342c2d2eb,16,6,1,Kai Ray Blythe,Kai,Ray,Blythe,kai.blythe9544@example.org,,6643 River Ln,Apt 354,,Mount Berlinton,10160,"(13.403114,52.521436)",2025-12-04 18:40:20,Europe/Berlin,s3://saayam-mock/profiles/725d4259-3c4b-1eec-6231-ee7342c2d2eb.jpg,MALE,12,4,,3,2025-08-29 00:04:19,FACEBOOK,1976-12-18,True
899ac252-c1e1-b94a-7888-3058e9ad0e9b,17,6,1,Sage Lee Hart,Sage,Lee,Hart,sage.hart8610@example.org,,8793 Maple Blvd,,,West Munichhaven,80322,"(11.576244,48.138677)",2025-05-29 05:28:36,Europe/Berlin,,PREFER_NOT_TO_SAY,10,,,0,2025-07-27 18:14:14,COGNITO,1979-03-17,True
0ec7d662-905c-7bdd-74f0-beae6a5943ce,11,4,1,Indie Marie Stone,Indie,Marie,Stone,indie.stone6488@example.org,,7735 Main Ln,Apt 210,,North Puneburg,411788,"(73.854662,18.521112)",2024-10-05 06:33:54,Asia/Kolkata,,NON_BINARY,2,1,7,3,2024-11-13 22:11:18,GOOGLE,1991-06-04,False
649f7d88-8989-c5ab-fe2b-34d82db0728d,11,4,1,Quinn Lee Rivers,Quinn,Lee,Rivers,quinn.rivers373@example.org,,4517 Cedar Ave,,,Pune,411001,"(73.858640,18.518885)",2024-12-25 19:33:45,Asia/Kolkata,,FEMALE,7,9,12,1,2024-11-28 01:50:24,COGNITO,1978-10-22,False
3ea6e5b2-0c76-0d28-df49-5037b40a9181,15,5,1,Taylor Jo Locke,Taylor,Jo,Locke,taylor.locke3840@example.org,,9797 Highland Dr,Apt 122,,Port Melbourneton,3088,"(144.967632,-37.812435)",2025-07-25 13:22:09,Australia/Melbourne,s3://saayam-mock/profiles/3ea6e5b2-0c76-0d28-df49-5037b40a9181.jpg,NON_BINARY,3,,,0,2025-09-16 10:45:42,GOOGLE,1990-11-14,False
f8e8035b-0c00-988a-7ee1-011a8e4c3ab5,7,2,1,Devon Drew Crane,Devon,Drew,Crane,devon.crane6822@example.org,+1-416-555-0190,2366 Highland Ct,,,Fort Vancouverhaven,V6B 2L1,"(-123.124823,49.289114)",2025-04-17 06:52:32,America/Vancouver,s3://saayam-mock/profiles/f8e8035b-0c00-988a-7ee1-011a8e4c3ab5.jpg,NON_BINARY,9,,,1,2025-04-06 09:25:23,APPLE,2004-06-03,False
30c36756-d453-f867-b97e-6224891f6912,1,1,1,Kai Jo Meadows,Kai,Jo,Meadows,kai.meadows1193@example.org,+1-202-555-0127,3114 Sunset Ave,,,South Arlingtonton,22244,"(-77.105993,38.877697)",2024-09-11 11:31:20,America/New_York,,PREFER_NOT_TO_SAY,4,8,12,1,2024-09-20 14:36:00,APPLE,1979-09-21,False
5c11ab6d-42f5-b3f5-4ef4-c34d5bf86f3c,10,3,1,Kendall Blake Vale,Kendall,Blake,Vale,kendall.vale7693@example.org,,9066 Church Way,Apt 152,,East Edinburghbridge,EH1 1TG,"(-3.185541,55.954393)",2025-01-04 22:47:56,Europe/London,,PREFER_NOT_TO_SAY,1,10,,4,2025-02-15 12:44:36,APPLE,1996-11-24,False
bb96f602-2b11-5c36-75f8-e3a87d97ac0f,17,6,1,River Lane,River,,Lane,river.lane8955@example.org,,105 Washington Blvd,Apt 323,,Nuremberg,90402,"(11.073903,49.454180)",2025-08-13 18:59:09,Europe/Berlin,s3://saayam-mock/profiles/bb96f602-2b11-5c36-75f8-e3a87d97ac0f.jpg,NON_BINARY,11,1,9,0,2025-08-03 11:41:55,APPLE,1992-08-01,True
694d7b00-8d38-8327-883f-13c601b158e9,1,1,1,Jordan Drew Wren,Jordan,Drew,Wren,jordan.wren8778@example.org,+1-202-555-0130,3145 Park Ln,Apt 182,,Norfolk,23510,"(-76.288258,36.848378)",2024-12-09 11:56:17,America/New_York,s3://saayam-mock/profiles/694d7b00-8d38-8327-883f-13c601b158e9.jpg,MALE,11,7,3,5,2024-11-17 19:16:44,COGNITO,1991-11-25,False
61177270-67c0-518b-17ef-a621081c79d4,8,2,1,Jules Rivers,Jules,,Rivers,jules.rivers2808@example.org,+1-416-555-0127,9287 Lake Ln,,,Quebec City,G1R 4P3,"(-71.205631,46.816415)",2024-06-21 09:52:01,America/Toronto,s3://saayam-mock/profiles/61177270-67c0-518b-17ef-a621081c79d4.jpg,FEMALE,6,10,2,1,2024-07-22 10:55:40,GOOGLE,1998-12-27,False
4c9d6907-13b2-2cec-edca-bf9465f6ba53,3,1,1,Finley Lane Glade,Finley,Lane,Glade,finley.glade8857@example.org,+1-202-555-0106,1601 Washington Rd,Apt 39,,New Newwood,10092,"(-74.009623,40.709387)",2025-03-14 17:27:12,America/New_York,,NON_BINARY,12,,,0,2025-02-25 06:39:15,APPLE,1964-06-18,False
2f8c83e5-6e8d-9644-601b-fbcbf0eebcce,14,5,1,Devon Ashby,Devon,,Ashby,devon.ashby4038@example.org,,1500 Main Ln,,,South Sydneyhaven,2059,"(151.204665,-33.865646)",2024-04-19 14:25:14,Australia/Sydney,s3://saayam-mock/profiles/2f8c83e5-6e8d-9644-601b-fbcbf0eebcce.jpg,PREFER_NOT_TO_SAY,12,11,,4,2024-05-27 03:43:15,COGNITO,1955-06-18,False
c8d0f9e5-9919-65ea-98d0-0c2c17d30f32,7,2,1,Devon Ashby,Devon,,Ashby,devon.ashby6780@example.org,+1-416-555-0134,4934 Pine Ct,Apt 75,,Vancouver,V6B 1A1,"(-123.122683,49.281984)",2025-03-28 20:13:16,America/Vancouver,s3://saayam-mock/profiles/c8d0f9e5-9919-65ea-98d0-0c2c17d30f32.jpg,FEMALE,4,10,9,2,2025-03-05 19:33:37,APPLE,1988-10-07,False
4dfe1117-22af-711f-1b62-8a9d75366b9f,1,1,1,Ellis Ray Glade,Ellis,Ray,Glade,ellis.glade5400@example.org,+1-202-555-0161,5148 Maple Way,Apt 164,,Richmond,23219,"(-77.437076,37.543384)",2025-06-23 15:59:28,America/New_York,,NON_BINARY,10,3,5,3,2025-05-01 07:50:59,GOOGLE,1987-09-06,False
06e3f949-8cd3-4c62-c482-9b71ae84b81c,15,5,1,Indie Lee Locke,Indie,Lee,Locke,indie.locke4774@example.org,,6933 Highland Way,,,Port Geelongford,3215,"(144.358031,-38.153675)",2024-05-27 14:20:56,Australia/Melbourne,s3://saayam-mock/profiles/06e3f949-8cd3-4c62-c482-9b71ae84b81c.jpg,PREFER_NOT_TO_SAY,11,,,4,2024-03-16 10:28:28,COGNITO,1956-04-22,False
a5a1c825-2a95-28c3-5ae1-dbadaa2960fd,13,4,1,Taylor Lane Holt,Taylor,Lane,Holt,taylor.holt5433@example.org,,6130 Washington Ct,,,New Delhi,110001,"(77.210481,28.614248)",2025-06-13 04:09:28,Asia/Kolkata,,PREFER_NOT_TO_SAY,4,9,,0,2025-04-23 01:58:11,COGNITO,2003-12-05,False
7490adeb-57d3-37d3-4fd8-0bbb592c1107,17,6,1,Sage Drew Orme,Sage,Drew,Orme,sage.orme5707@example.org,,5621 River Ave,,,Munich,80331,"(11.580802,48.136961)",2025-08-30 11:44:19,Europe/Berlin,s3://saayam-mock/profiles/7490adeb-57d3-37d3-4fd8-0bbb592c1107.jpg,MALE,8,6,2,2,2025-07-13 01:58:00,APPLE,1990-03-06,True
6544e313-6ea0-5d13-a845-54c3a3f66c61,1,1,1,Rowan Blake Kerr,Rowan,Blake,Kerr,rowan.kerr6371@example.org,+1-202-555-0146,5341 Cedar Ct,Apt 59,,Alexandria,22314,"(-77.046436,38.806597)",2024-04-25 22:46:53,America/New_York,s3://saayam-mock/profiles/6544e313-6ea0-5d13-a845-54c3a3f66c61.jpg,PREFER_NOT_TO_SAY,12,2,,4,2024-02-26 01:20:35,FACEBOOK,2004-08-20,False
b4bba73f-ac70-51d1-d051-267f2c2ac34b,17,6,1,Micah Lane Hart,Micah,Lane,Hart,micah.hart2195@example.org,,9772 Maple Way,Apt 217,,West Munichhaven,80322,"(11.577811,48.134552)",2025-02-06 06:00:17,Europe/Berlin,,MALE,3,,,4,2024-12-08 03:33:27,GOOGLE,1970-08-20,True
f3abea0d-5be9-fdb3-dd92-dd7c0db977a9,1,1,1,Kendall Marsh,Kendall,,Marsh,kendall.marsh6291@example.org,+1-202-555-0121,1355 Park St,Apt 390,,Norfolk,23510,"(-76.286406,36.852839)",2025-08-03 09:56:05,America/New_York,s3://saayam-mock/profiles/f3abea0d-5be9-fdb3-dd92-dd7c0db977a9.jpg,PREFER_NOT_TO_SAY,11,8,,4,2025-11-02 17:17:03,COGNITO,1986-02-09,False
fdab3441-d2c2-a960-8b09-01abc66dceb3,7,2,1,Taylor Blake Reed,Taylor,Blake,Reed,taylor.reed6966@example.org,+1-416-555-0144,1426 Lake Ave,,,New Victoriafield,V8W 4B0,"(-123.364115,48.421516)",2024-05-12 08:31:25,America/Vancouver,s3://saayam-mock/profiles/fdab3441-d2c2-a960-8b09-01abc66dceb3.jpg,PREFER_NOT_TO_SAY,5,,,1,2024-07-02 13:43:54,GOOGLE,2001-01-19,False
98cbaa52-47f5-3019-8843-8de259cf0b0d,11,4,1,Reese Ray Ashby,Reese,Ray,Ashby,reese.ashby4741@example.org,,2175 Cedar Blvd,Apt 365,,Mount Puneton,411343,"(73.856558,18.525490)",2025-09-10 15:20:03,Asia/Kolkata,s3://saayam-mock/profiles/98cbaa52-47f5-3019-8843-8de259cf0b0d.jpg,NON_BINARY,2,3,7,5,2025-10-02 06:22:36,COGNITO,1975-09-24,False
e097dedb-efb3-b939-b1d8-18874739cc7b,8,2,1,Indie Blake Crane,Indie,Blake,Crane,indie.crane9535@example.org,+1-416-555-0127,7040 Union Rd,Apt 254,,Montreal,H2Y 1C6,"(-73.566216,45.504001)",2024-04-19 17:27:21,America/Toronto,s3://saayam-mock/profiles/e097dedb-efb3-b939-b1d8-18874739cc7b.jpg,PREFER_NOT_TO_SAY,11,12,,2,2024-04-28 05:53:49,COGNITO,1956-11-26,False
1fce01e3-042b-03ca-75a7-2686d6321d31,18,6,1,Reese Blake Nash,Reese,Blake,Nash,reese.nash12@example.org,,5906 Pine Ave,,,New Hamburgville,20062,"(9.991870,53.558316)",2025-06-05 20:48:23,Europe/Berlin,,MALE,11,,,3,2025-06-05 18:30:04,COGNITO,1963-08-03,True
84fa4c72-39e7-a4f1-97fb-613a21f89d06,14,5,1,Hayden Rivers,Hayden,,Rivers,hayden.rivers5630@example.org,,5134 Elm Ln,,,South Sydneyhaven,2059,"(151.206037,-33.863599)",2024-08-16 03:25:51,Australia/Sydney,s3://saayam-mock/profiles/84fa4c72-39e7-a4f1-97fb-613a21f89d06.jpg,FEMALE,2,4,,4,2024-07-26 04:12:30,GOOGLE,1990-12-05,False
afc2ccfc-9db7-284b-6965-d1d1eb7e2e64,9,3,1,Sage Vale,Sage,,Vale,sage.vale2294@example.org,,9067 Park Ln,,,Port Manchesterwood,M1 6YJ,"(-2.240740,53.480349)",2024-05-11 01:42:43,Europe/London,s3://saayam-mock/profiles/afc2ccfc-9db7-284b-6965-d1d1eb7e2e64.jpg,MALE,7,6,,5,2024-06-26 13:27:27,GOOGLE,1981-07-04,False
980bc81e-a359-5d1f-7fe4-a42e3db788a6,2,1,1,Alex Ray Crane,Alex,Ray,Crane,alex.crane2163@example.org,+1-202-555-0175,1107 Main Ln,Apt 111,,San Francisco,94103,"(-122.416673,37.776522)",2025-02-08 15:58:41,America/Los_Angeles,,PREFER_NOT_TO_SAY,11,3,8,3,2025-05-01 15:32:03,GOOGLE,1967-02-10,False
3404c02a-ebc1-bb52-82e4-dd4a143ac1c5,17,6,1,Skyler Drew Crane,Skyler,Drew,Crane,skyler.crane6402@example.org,,4006 Oak Way,,,East Munichfield,80360,"(11.582755,48.133810)",2025-11-09 07:08:35,Europe/Berlin,,MALE,11,12,2,0,2025-08-26 03:57:37,COGNITO,1960-08-12,True
d28fcf68-c871-d7b3-8468-b74d85e3ade5,15,5,1,Harper Flint,Harper,,Flint,harper.flint2080@example.org,,9448 River Ave,,,Mount Geelongbridge,3295,"(144.362798,-38.150959)",2024-11-18 10:28:01,Australia/Melbourne,s3://saayam-mock/profiles/d28fcf68-c871-d7b3-8468-b74d85e3ade5.jpg,NON_BINARY,6,,,1,2024-11-04 12:53:43,COGNITO,1964-12-17,False
dce8e1c5-dbd3-0aec-0b46-117300a85473,1,1,1,Finley Orme,Finley,,Orme,finley.orme5964@example.org,+1-202-555-0128,5273 Cedar Way,Apt 369,,Norfolk,23510,"(-76.284081,36.852084)",2025-05-12 15:48:22,America/New_York,s3://saayam-mock/profiles/dce8e1c5-dbd3-0aec-0b46-117300a85473.jpg,FEMALE,9,,,1,2025-02-25 05:14:24,COGNITO,1979-05-25,False
161d5c87-53c9-fe59-4f89-e3b2d847dc53,11,4,1,Indie Flint,Indie,,Flint,indie.flint3288@example.org,,8955 Highland Rd,Apt 78,,West Mumbaiton,400477,"(72.875219,19.077980)",2024-12-17 04:04:53,Asia/Kolkata,s3://saayam-mock/profiles/161d5c87-53c9-fe59-4f89-e3b2d847dc53.jpg,FEMALE,10,4,8,2,2024-10-27 01:15:13,FACEBOOK,1956-04-17,False
7df59abf-6b79-0d01-3cf8-8d20fbad793f,1,1,1,Skyler Marie Hart,Skyler,Marie,Hart,skyler.hart720@example.org,+1-202-555-0109,9698 Park St,,,North Arlingtonford,22248,"(-77.101584,38.880295)",2024-09-11 08:45:00,America/New_York,,PREFER_NOT_TO_SAY,8,2,,5,2024-12-11 00:47:04,APPLE,1967-04-03,False
c7a9f33c-22d8-39d3-33e4-f986f18cccdc,16,6,1,Jamie Vale,Jamie,,Vale,jamie.vale2694@example.org,,7592 Pine Ave,Apt 47,,South Berlinwood,10187,"(13.404920,52.521539)",2025-07-02 09:13:11,Europe/Berlin,,FEMALE,9,,,1,2025-07-21 09:29:31,GOOGLE,1972-07-17,True
429a4a7c-4c80-d33a-ad5b-e3c80c880714,17,6,1,Dakota Holt,Dakota,,Holt,dakota.holt7409@example.org,,1011 Union Rd,Apt 67,,North Nurembergburg,90458,"(11.072138,49.451744)",2025-09-13 20:18:55,Europe/Berlin,,FEMALE,8,,,4,2025-10-07 17:34:07,COGNITO,1951-02-07,True
cf2e3296-7184-b713-a55f-65b7e709fba6,3,1,1,Riley Ray Frost,Riley,Ray,Frost,riley.frost700@example.org,+1-202-555-0145,3518 Church Blvd,Apt 141,,Buffalo,14202,"(-78.881223,42.887499)",2025-08-08 14:13:38,America/New_York,,MALE,7,12,8,5,2025-05-25 01:37:55,APPLE,1953-02-09,False
330faaa3-6b52-f93c-2321-e64e620d4a1f,13,4,1,Finley Drew Stone,Finley,Drew,Stone,finley.stone6267@example.org,,5225 Park Rd,,,South Newhaven,110123,"(77.210018,28.616733)",2025-04-12 08:38:41,Asia/Kolkata,,NON_BINARY,6,10,,4,2025-02-01 05:41:05,GOOGLE,1967-09-27,False
0e500785-bcaf-f931-ead1-8464ca8e858c,16,6,1,Emerson Lane Glade,Emerson,Lane,Glade,emerson.glade5814@example.org,,9235 Maple Rd,,,Mount Berlindale,10161,"(13.402998,52.514013)",2024-07-19 05:17:42,Europe/Berlin,s3://saayam-mock/profiles/0e500785-bcaf-f931-ead1-8464ca8e858c.jpg,MALE,12,6,,0,2024-09-02 05:15:58,GOOGLE,2001-03-11,True
cd6bb03b-eb35-37a0-2d6e-0291b7893986,18,6,1,Noel Stone,Noel,,Stone,noel.stone2421@example.org,,6482 Park Ave,Apt 173,,New Hamburgcrest,20060,"(9.998427,53.549265)",2025-09-10 13:44:36,Europe/Berlin,,PREFER_NOT_TO_SAY,9,,,5,2025-10-03 13:43:44,FACEBOOK,1964-11-19,True
4e8bf78a-60dd-c7f1-2ce3-d822d08012b8,15,5,1,Logan Quill,Logan,,Quill,logan.quill30@example.org,,9266 Oak Ct,Apt 73,,Port Geelongford,3215,"(144.358123,-38.150338)",2025-08-19 05:17:09,Australia/Melbourne,s3://saayam-mock/profiles/4e8bf78a-60dd-c7f1-2ce3-d822d08012b8.jpg,FEMALE,1,3,10,5,2025-11-03 18:41:45,FACEBOOK,1978-01-09,False
115affac-b173-fcdf-3fe1-e8f335adde88,7,2,1,Harper Rivers,Harper,,Rivers,harper.rivers789@example.org,+1-416-555-0112,7856 Highland Rd,,,Fort Vancouverhaven,V6B 2L1,"(-123.124706,49.286290)",2025-05-13 01:04:27,America/Vancouver,s3://saayam-mock/profiles/115affac-b173-fcdf-3fe1-e8f335adde88.jpg,FEMALE,7,,,0,2025-03-15 05:42:50,GOOGLE,1996-02-18,False
17d5b563-fa60-ede1-e5eb-772df11c0ac5,7,2,1,Jules Kerr,Jules,,Kerr,jules.kerr2704@example.org,+1-416-555-0184,4613 Pine Rd,Apt 50,,South Victoriaburg,V8W 8M9,"(-123.369567,48.427420)",2025-06-02 07:56:37,America/Vancouver,s3://saayam-mock/profiles/17d5b563-fa60-ede1-e5eb-772df11c0ac5.jpg,NON_BINARY,4,12,,0,2025-05-13 16:21:58,APPLE,1962-02-01,False
4ab427e3-a360-7681-2bbb-a89d34fadee1,2,1,1,Jules Blythe,Jules,,Blythe,jules.blythe6513@example.org,+1-202-555-0147,3057 Lake St,,,San Diego,92101,"(-117.160835,32.713809)",2025-05-31 08:50:59,America/Los_Angeles,s3://saayam-mock/profiles/4ab427e3-a360-7681-2bbb-a89d34fadee1.jpg,MALE,2,11,,5,2025-07-22 04:03:24,FACEBOOK,2001-09-14,False
3a3e46b0-96f8-4ff7-c1a7-2883f8802878,11,4,1,Morgan Jo Ives,Morgan,Jo,Ives,morgan.ives8774@example.org,,9359 Church Blvd,,,West Mumbaiton,400477,"(72.875378,19.077273)",2025-06-28 09:06:28,Asia/Kolkata,,MALE,5,2,,0,2025-06-25 06:39:42,GOOGLE,2002-11-05,False
51db1a37-4204-d733-9855-0b1ed5881c1c,15,5,1,Casey Glade,Casey,,Glade,casey.glade9116@example.org,,6791 Maple Blvd,,,Port Geelongford,3215,"(144.361717,-38.155117)",2025-05-19 06:20:00,Australia/Melbourne,s3://saayam-mock/profiles/51db1a37-4204-d733-9855-0b1ed5881c1c.jpg,FEMALE,9,8,,2,2025-06-02 20:17:16,APPLE,1966-07-21,False
7919955c-9be4-f19f-9270-1d607c4f48e4,1,1,1,Dakota Marie Holt,Dakota,Marie,Holt,dakota.holt2357@example.org,+1-202-555-0147,332 Elm Ln,Apt 160,,West Alexandriaford,22300,"(-77.046510,38.805544)",2025-04-19 09:09:02,America/New_York,,MALE,12,4,,1,2025-03-26 09:54:45,FACEBOOK,1967-12-14,False
301c8db3-16db-80db-a543-148e9adfe981,9,3,1,Sage Jo Pike,Sage,Jo,Pike,sage.pike8463@example.org,,8590 Church St,Apt 89,,Port Manchesterwood,M1 6YJ,"(-2.243619,53.481903)",2025-05-03 17:25:53,Europe/London,s3://saayam-mock/profiles/301c8db3-16db-80db-a543-148e9adfe981.jpg,PREFER_NOT_TO_SAY,2,,,0,2025-05-14 22:18:02,FACEBOOK,1973-08-17,False
1fb621ae-ec4e-8cbb-a2aa-378c659e0258,14,5,1,Jordan Lee Flint,Jordan,Lee,Flint,jordan.flint8009@example.org,,450 Washington St,,,South Sydneyhaven,2059,"(151.204720,-33.862617)",2025-07-09 21:49:44,Australia/Sydney,,MALE,9,6,11,2,2025-06-24 04:27:31,COGNITO,1980-03-21,False
022aadda-cd05-79e2-99e4-704c2c56e0cd,4,1,1,Harper Lane Blythe,Harper,Lane,Blythe,harper.blythe4512@example.org,+1-202-555-0174,1677 Main Dr,,,Mount Dallaston,75202,"(-96.801560,32.775242)",2025-05-26 07:14:05,America/Chicago,s3://saayam-mock/profiles/022aadda-cd05-79e2-99e4-704c2c56e0cd.jpg,FEMALE,5,4,,2,2025-04-14 18:15:17,FACEBOOK,1966-11-23,False
4c7d9313-a6c6-81b0-e472-9be5f3c2944a,4,1,1,Skyler Drew Thorn,Skyler,Drew,Thorn,skyler.thorn931@example.org,+1-202-555-0133,6858 Washington Way,Apt 378,,Dallas,75201,"(-96.799847,32.776684)",2025-05-20 01:12:55,America/Chicago,s3://saayam-mock/profiles/4c7d9313-a6c6-81b0-e472-9be5f3c2944a.jpg,MALE,12,,,5,2025-04-28 03:11:13,FACEBOOK,1982-05-28,False
e061f65f-a859-6f8c-d734-18fe2b843ef3,11,4,1,Dakota Marie Vale,Dakota,Marie,Vale,dakota.vale7714@example.org,,5032 Washington Dr,Apt 191,,North Puneburg,411788,"(73.856522,18.522063)",2024-06-18 23:10:53,Asia/Kolkata,s3://saayam-mock/profiles/e061f65f-a859-6f8c-d734-18fe2b843ef3.jpg,FEMALE,3,11,6,3,2024-09-02 14:48:53,APPLE,1983-05-14,False
26996aab-daaf-7529-deef-f82a0dd70158,3,1,1,Rowan Ray Ives,Rowan,Ray,Ives,rowan.ives9330@example.org,+1-202-555-0181,951 Main Ct,Apt 141,,Albany,12207,"(-73.757204,42.655520)",2025-07-21 18:57:43,America/New_York,s3://saayam-mock/profiles/26996aab-daaf-7529-deef-f82a0dd70158.jpg,FEMALE,3,2,8,1,2025-07-01 03:01:22,APPLE,1977-08-13,False
330ccff5-88a5-fa0d-09a8-5dc50131ff3b,15,5,1,Shiloh Crane,Shiloh,,Crane,shiloh.crane8701@example.org,,6285 Hill Ln,Apt 86,,Port Geelongford,3215,"(144.360375,-38.153125)",2024-07-19 19:01:29,Australia/Melbourne,,NON_BINARY,12,4,11,3,2024-11-05 06:51:21,APPLE,1972-04-06,False
cfdfc6f9-eb0f-827c-e82a-3879f2b5a7ea,8,2,1,Jordan Lee Snow,Jordan,Lee,Snow,jordan.snow2150@example.org,+1-416-555-0181,4191 Highland St,,,Lake Quebecburg,G1R 1R0,"(-71.203859,46.813321)",2024-10-28 11:43:30,America/Toronto,s3://saayam-mock/profiles/cfdfc6f9-eb0f-827c-e82a-3879f2b5a7ea.jpg,FEMALE,3,2,6,3,2024-09-30 20:09:12,FACEBOOK,1980-12-05,False
a15c159a-af8c-a888-b1f8-1ad9349b5089,1,1,1,Micah Jo Vale,Micah,Jo,Vale,micah.vale8525@example.org,+1-202-555-0136,1868 Highland Ave,Apt 255,,Norfolk,23510,"(-76.283916,36.848429)",2024-10-29 13:32:17,America/New_York,,NON_BINARY,7,,,5,2024-11-25 13:48:46,APPLE,1963-12-16,False
03438b64-00b3-700f-3c08-899054a27051,14,5,1,Riley Pike,Riley,,Pike,riley.pike2444@example.org,,821 Oak Blvd,,,Fort Sydneyhaven,2099,"(151.213237,-33.864777)",2024-05-19 22:25:13,Australia/Sydney,,FEMALE,2,5,4,0,2024-04-04 05:47:27,GOOGLE,1971-06-15,False
e0e3c5ce-44af-ecb7-9f2e-befcf480b91e,15,5,1,Riley Ray Dune,Riley,Ray,Dune,riley.dune2997@example.org,,2172 Sunset St,Apt 82,,Port Geelongford,3215,"(144.361013,-38.151298)",2024-08-21 15:56:20,Australia/Melbourne,s3://saayam-mock/profiles/e0e3c5ce-44af-ecb7-9f2e-befcf480b91e.jpg,PREFER_NOT_TO_SAY,7,8,,1,2024-07-14 10:14:51,COGNITO,2005-11-27,False
2172a0aa-e44a-913a-f933-a9faba2eeeb3,10,3,1,Kendall Ives,Kendall,,Ives,kendall.ives7221@example.org,,5543 Hill Ave,,,Glasgow,G1 1XW,"(-4.251651,55.865662)",2024-03-20 02:39:23,Europe/London,,PREFER_NOT_TO_SAY,1,11,,1,2024-06-04 05:14:20,COGNITO,1950-11-06,False
da143a47-7823-51d9-d94d-f188816ce054,10,3,1,Reese Pike,Reese,,Pike,reese.pike5254@example.org,,9389 Lake Ave,,,West Edinburghford,EH1 7SY,"(-3.186195,55.952823)",2024-09-19 11:04:44,Europe/London,s3://saayam-mock/profiles/da143a47-7823-51d9-d94d-f188816ce054.jpg,PREFER_NOT_TO_SAY,4,9,7,3,2024-09-08 12:52:03,COGNITO,2000-10-20,False
82226c16-e3de-4ec0-4dfa-21bea335b2c8,11,4,1,Sage Blake Dune,Sage,Blake,Dune,sage.dune5954@example.org,,7415 Oak Ave,,,North Puneburg,411788,"(73.856195,18.525029)",2024-02-26 03:17:22,Asia/Kolkata,,NON_BINARY,9,10,,4,2024-05-02 04:38:35,COGNITO,1960-08-05,False
b8b818cf-be15-3187-b783-e1d5d26404b9,8,2,1,Jamie Marie Marsh,Jamie,Marie,Marsh,jamie.marsh3073@example.org,+1-416-555-0181,9648 Oak Ct,,,West Quebecburg,G1R 4K3,"(-71.209369,46.818609)",2024-07-07 01:44:29,America/Toronto,s3://saayam-mock/profiles/b8b818cf-be15-3187-b783-e1d5d26404b9.jpg,FEMALE,12,,,4,2024-08-31 11:07:06,APPLE,1982-03-23,False
d0b3d752-bb01-b2a5-2c74-5800941c23fa,3,1,1,Jamie Jo Crane,Jamie,Jo,Crane,jamie.crane8260@example.org,+1-202-555-0117,2264 Washington Ln,,,Buffalo,14202,"(-78.875618,42.889223)",2025-03-10 21:26:57,America/New_York,s3://saayam-mock/profiles/d0b3d752-bb01-b2a5-2c74-5800941c23fa.jpg,MALE,4,5,7,1,2025-02-24 18:24:16,FACEBOOK,1993-03-23,False
2d852212-f554-e1f8-f9a5-5cf2a66c0fa1,10,3,1,Noel Eaves,Noel,,Eaves,noel.eaves9213@example.org,,1745 Main Way,Apt 75,,Lake Edinburghford,EH1 0ES,"(-3.193108,55.954381)",2025-05-14 09:54:30,Europe/London,,NON_BINARY,7,11,9,5,2025-06-08 08:29:45,FACEBOOK,1963-09-02,False
1a3c2131-73dd-3bc6-d064-05a85bd29cb1,13,4,1,Emerson Drew Glade,Emerson,Drew,Glade,emerson.glade3893@example.org,,882 Main Ln,,,New Delhi,110001,"(77.208499,28.615629)",2025-09-15 22:11:58,Asia/Kolkata,,NON_BINARY,1,7,11,4,2025-08-17 06:56:56,GOOGLE,1968-08-06,False
2fddb26a-1310-6665-aec2-bb19fbc398d8,4,1,1,Avery Jo Meadows,Avery,Jo,Meadows,avery.meadows7021@example.org,+1-202-555-0190,2537 Main Blvd,,,Houston,77002,"(-95.367724,29.757434)",2025-01-20 22:56:01,America/Chicago,,PREFER_NOT_TO_SAY,10,,,4,2024-12-22 13:20:58,FACEBOOK,1983-04-06,False
8150e0c9-c948-384b-1174-035785467426,3,1,1,Frankie Drew Holt,Frankie,Drew,Holt,frankie.holt1507@example.org,+1-202-555-0171,145 Oak Dr,Apt 229,,New Newwood,10092,"(-74.012207,40.712084)",2025-03-16 12:54:52,America/New_York,s3://saayam-mock/profiles/8150e0c9-c948-384b-1174-035785467426.jpg,FEMALE,6,12,11,5,2025-04-16 03:21:11,COGNITO,1974-05-18,False
e94d4fbe-0653-1d47-4867-7b30b9567731,11,4,1,Shiloh Drew Locke,Shiloh,Drew,Locke,shiloh.locke7976@example.org,,8815 Hill St,Apt 321,,Mumbai,400001,"(72.877783,19.078689)",2024-05-10 15:46:54,Asia/Kolkata,,PREFER_NOT_TO_SAY,6,,,0,2024-03-12 12:51:25,APPLE,1991-02-24,False
758fc8fa-0614-ac41-275c-75dcafa08cbe,15,5,1,Parker Hart,Parker,,Hart,parker.hart1201@example.org,,6627 Washington Dr,,,New Melbourneburg,3084,"(144.962999,-37.815110)",2024-03-12 07:50:57,Australia/Melbourne,,FEMALE,2,10,4,5,2024-05-09 16:35:10,COGNITO,1972-09-04,False
4d2551eb-af95-be79-c971-bf514a32bb22,12,4,1,Riley Marie Locke,Riley,Marie,Locke,riley.locke6250@example.org,,2361 Pine Dr,,,Port Mysuruwood,570431,"(76.642231,12.295064)",2025-04-21 10:08:32,Asia/Kolkata,s3://saayam-mock/profiles/4d2551eb-af95-be79-c971-bf514a32bb22.jpg,PREFER_NOT_TO_SAY,9,,,4,2025-04-20 08:20:43,FACEBOOK,1963-07-21,False
29344e15-2477-f047-8336-a758d9f93502,4,1,1,Emerson Lane Vance,Emerson,Lane,Vance,emerson.vance3184@example.org,+1-202-555-0132,1609 Cedar Ct,,,Austin,78701,"(-97.742232,30.264639)",2024-07-22 10:57:57,America/Chicago,s3://saayam-mock/profiles/29344e15-2477-f047-8336-a758d9f93502.jpg,FEMALE,1,9,8,1,2024-06-07 06:11:12,FACEBOOK,1994-10-05,False
cec56969-5d4f-7107-911d-dc7990c80420,6,2,1,Gray Rivers,Gray,,Rivers,gray.rivers5132@example.org,+1-416-555-0159,7297 Elm Ln,,,Green Torontocrest,M5H 9Y8,"(-79.389574,43.649995)",2024-10-02 13:23:52,America/Toronto,,MALE,7,5,6,4,2024-10-05 01:32:43,COGNITO,1996-02-01,False
07fc584e-a1b2-4627-81d6-7019d97e8d3c,17,6,1,Ellis Lane Reed,Ellis,Lane,Reed,ellis.reed601@example.org,,7614 Hill Ave,,,North Nurembergburg,90458,"(11.073722,49.448321)",2025-07-20 14:50:51,Europe/Berlin,,MALE,8,11,3,4,2025-08-05 07:45:08,GOOGLE,1997-12-16,True
38048786-0a58-f43c-5bda-0655f06dca24,16,6,1,Kendall Lee Fields,Kendall,Lee,Fields,kendall.fields4332@example.org,,761 Main Dr,,,Mount Berlindale,10161,"(13.402960,52.516012)",2025-03-21 12:55:59,Europe/Berlin,,NON_BINARY,9,,,4,2025-03-24 10:14:06,APPLE,1973-10-21,True
84440504-13ed-280a-d5e1-4d1fe5f22dfb,5,1,1,Devon Lee Holt,Devon,Lee,Holt,devon.holt5782@example.org,+1-202-555-0127,2462 Maple Blvd,,,South Seattlefield,98113,"(-122.334068,47.603606)",2025-04-03 04:32:44,America/Los_Angeles,s3://saayam-mock/profiles/84440504-13ed-280a-d5e1-4d1fe5f22dfb.jpg,NON_BINARY,1,9,3,5,2025-01-03 16:34:00,APPLE,1963-10-06,False
05bf0618-6930-b0c4-d557-6899a5b2c7ea,5,1,1,Taylor Pace,Taylor,,Pace,taylor.pace2208@example.org,+1-202-555-0176,9235 River St,,,Lake Seattledale,98193,"(-122.334432,47.607971)",2025-09-21 20:02:49,America/Los_Angeles,s3://saayam-mock/profiles/05bf0618-6930-b0c4-d557-6899a5b2c7ea.jpg,PREFER_NOT_TO_SAY,1,,,3,2025-06-29 18:51:02,GOOGLE,2000-10-27,False
a8debd88-9f8a-cdeb-2e8f-f5a8c47a3b7e,10,3,1,Harper Dune,Harper,,Dune,harper.dune7430@example.org,,9921 Oak Blvd,,,East Edinburghbridge,EH1 1TG,"(-3.190627,55.953081)",2024-05-26 18:21:14,Europe/London,s3://saayam-mock/profiles/a8debd88-9f8a-cdeb-2e8f-f5a8c47a3b7e.jpg,FEMALE,2,,,0,2024-05-12 13:33:21,COGNITO,1999-11-21,False
5ed10e7f-6bb1-f2bc-85a4-b0cb6e76936a,1,1,1,Gray Lee Orme,Gray,Lee,Orme,gray.orme6247@example.org,+1-202-555-0110,4642 Park Way,Apt 132,,Lake Norfolkdale,23597,"(-76.290944,36.848442)",2025-03-26 03:41:47,America/New_York,s3://saayam-mock/profiles/5ed10e7f-6bb1-f2bc-85a4-b0cb6e76936a.jpg,FEMALE,10,2,7,4,2024-12-25 16:33:00,FACEBOOK,1976-06-04,False
95dad216-a6cd-ae3c-6d13-0705279f91ab,5,1,1,Harper Drew Kerr,Harper,Drew,Kerr,harper.kerr9252@example.org,+1-202-555-0147,9161 Hill Ct,,,South Seattlefield,98113,"(-122.333394,47.605571)",2025-03-24 16:07:28,America/Los_Angeles,s3://saayam-mock/profiles/95dad216-a6cd-ae3c-6d13-0705279f91ab.jpg,MALE,4,7,,5,2025-01-26 03:32:11,GOOGLE,1956-04-17,False
cd04c001-56a3-dccc-c93c-9cc6668b28da,11,4,1,Morgan Glade,Morgan,,Glade,morgan.glade87@example.org,,6297 Church Way,,,West Mumbaiton,400477,"(72.874588,19.074374)",2024-05-10 12:09:02,Asia/Kolkata,,MALE,7,2,11,5,2024-06-06 03:31:11,FACEBOOK,1962-01-26,False
b2cd9a0a-840c-5cb0-82b3-43849979cf26,5,1,1,Reese Flint,Reese,,Flint,reese.flint3920@example.org,+1-202-555-0194,1125 Church Ave,Apt 282,,Seattle,98101,"(-122.332729,47.606716)",2024-04-17 08:03:54,America/Los_Angeles,s3://saayam-mock/profiles/b2cd9a0a-840c-5cb0-82b3-43849979cf26.jpg,NON_BINARY,6,11,,1,2024-03-18 20:35:16,APPLE,1986-01-09,False
1b414999-8198-d1f5-6839-f98f2ccf1472,11,4,1,Casey Drew Ashby,Casey,Drew,Ashby,casey.ashby5571@example.org,,5566 Highland Ct,,,North Puneburg,411788,"(73.858391,18.524108)",2024-07-14 01:47:03,Asia/Kolkata,s3://saayam-mock/profiles/1b414999-8198-d1f5-6839-f98f2ccf1472.jpg,PREFER_NOT_TO_SAY,10,5,8,5,2024-08-08 09:00:40,GOOGLE,2001-06-14,False
89207bc4-8439-9ed9-5a64-845ef49816ad,1,1,1,Harper Lee Ashby,Harper,Lee,Ashby,harper.ashby1524@example.org,+1-202-555-0127,9400 Pine Blvd,,,Norfolk,23510,"(-76.283312,36.850659)",2025-06-09 13:19:39,America/New_York,s3://saayam-mock/profiles/89207bc4-8439-9ed9-5a64-845ef49816ad.jpg,MALE,2,9,,2,2025-03-11 14:00:45,GOOGLE,2003-10-12,False
1eb05b4a-1b4f-fd5f-c768-833927ef5357,2,1,1,Kendall Lane Rivers,Kendall,Lane,Rivers,kendall.rivers8872@example.org,+1-202-555-0150,3639 Highland Blvd,,,San Diego,92101,"(-117.158887,32.715645)",2024-04-08 15:57:41,America/Los_Angeles,s3://saayam-mock/profiles/1eb05b4a-1b4f-fd5f-c768-833927ef5357.jpg,PREFER_NOT_TO_SAY,8,10,,5,2024-05-23 05:52:46,APPLE,1970-12-01,False
61223189-35f3-de4a-ac92-04b40306a258,12,4,1,Jamie Ray Flint,Jamie,Ray,Flint,jamie.flint4255@example.org,,6867 Sunset Dr,,,East Mysuruford,570546,"(76.643266,12.298098)",2024-08-15 16:27:51,Asia/Kolkata,s3://saayam-mock/profiles/61223189-35f3-de4a-ac92-04b40306a258.jpg,MALE,8,10,,0,2024-10-11 11:07:30,APPLE,2004-07-07,False
bd1116ee-f58a-b7c7-cccf-4130255603d4,3,1,1,Jules Quill,Jules,,Quill,jules.quill6907@example.org,+1-202-555-0150,1622 Sunset Blvd,Apt 31,,South Albanybridge,12243,"(-73.751802,42.653909)",2025-06-28 05:51:34,America/New_York,s3://saayam-mock/profiles/bd1116ee-f58a-b7c7-cccf-4130255603d4.jpg,NON_BINARY,9,12,6,2,2025-07-12 01:33:29,FACEBOOK,1972-01-14,False
adf9568b-de0b-de18-59e1-10eb1f096b9d,12,4,1,Rowan Lane Quill,Rowan,Lane,Quill,rowan.quill4664@example.org,,2374 Union Blvd,,,Port Mysuruwood,570431,"(76.646250,12.292869)",2025-02-11 09:24:11,Asia/Kolkata,s3://saayam-mock/profiles/adf9568b-de0b-de18-59e1-10eb1f096b9d.jpg,FEMALE,12,8,,0,2025-01-19 05:57:52,FACEBOOK,1991-05-23,False
653c8f74-a507-6897-9afa-826744791214,5,1,1,Hayden Ray Locke,Hayden,Ray,Locke,hayden.locke6783@example.org,+1-202-555-0126,2735 Washington Ave,Apt 49,,Mount Spokaneburg,99270,"(-117.431838,47.661055)",2024-10-11 06:29:04,America/Los_Angeles,s3://saayam-mock/profiles/653c8f74-a507-6897-9afa-826744791214.jpg,PREFER_NOT_TO_SAY,12,,,4,2024-09-25 17:00:17,GOOGLE,1955-11-13,False
bcd2e8eb-3f55-60cd-3ab7-127e4f32ea54,6,2,1,Hayden Lane,Hayden,,Lane,hayden.lane8631@example.org,+1-416-555-0170,7289 Maple Blvd,,,Ottawa,K1P 1J1,"(-75.697397,45.423725)",2024-09-12 08:43:38,America/Toronto,s3://saayam-mock/profiles/bcd2e8eb-3f55-60cd-3ab7-127e4f32ea54.jpg,NON_BINARY,6,8,,2,2024-08-24 02:17:33,COGNITO,1978-05-12,False
4db6f475-27dd-1ac4-4282-b6e46986305a,1,1,1,Alex Drew Lane,Alex,Drew,Lane,alex.lane5635@example.org,+1-202-555-0176,3789 Highland St,,,Norfolk,23510,"(-76.288845,36.850383)",2024-12-12 18:01:25,America/New_York,s3://saayam-mock/profiles/4db6f475-27dd-1ac4-4282-b6e46986305a.jpg,PREFER_NOT_TO_SAY,8,12,5,3,2024-11-18 08:39:27,GOOGLE,1983-10-26,False
48e09502-4598-f3c8-af44-9605b1a50a3d,14,5,1,Kai Jo Marsh,Kai,Jo,Marsh,kai.marsh1122@example.org,,318 Maple St,Apt 274,,Sydney,2000,"(151.207933,-33.868063)",2024-07-18 22:35:15,Australia/Sydney,,FEMALE,8,10,12,1,2024-07-16 17:18:38,GOOGLE,1971-07-10,False
ff7a884d-7f96-dd35-cca9-9089c9254bb5,8,2,1,Indie Dune,Indie,,Dune,indie.dune1315@example.org,+1-416-555-0148,207 Oak Rd,,,Montreal,H2Y 1C6,"(-73.567579,45.500053)",2024-07-24 18:04:51,America/Toronto,s3://saayam-mock/profiles/ff7a884d-7f96-dd35-cca9-9089c9254bb5.jpg,FEMALE,2,9,,4,2024-08-22 16:48:13,FACEBOOK,1970-03-21,False
effad15b-bea6-450f-0acc-b23cba6dbed8,11,4,1,Avery Marie Orme,Avery,Marie,Orme,avery.orme4896@example.org,,9580 Oak Way,Apt 125,,West Mumbaiton,400477,"(72.876806,19.074096)",2024-07-28 15:46:47,Asia/Kolkata,s3://saayam-mock/profiles/effad15b-bea6-450f-0acc-b23cba6dbed8.jpg,MALE,4,2,12,2,2024-10-28 23:11:13,APPLE,1955-11-20,False
ff39a117-f83b-1806-ee4c-1b1856a2d49d,16,6,1,Morgan Eaves,Morgan,,Eaves,morgan.eaves2522@example.org,,3162 Main Way,,,Mount Berlindale,10161,"(13.403404,52.518575)",2025-08-04 13:40:16,Europe/Berlin,s3://saayam-mock/profiles/ff39a117-f83b-1806-ee4c-1b1856a2d49d.jpg,NON_BINARY,6,,,4,2025-10-01 03:21:07,GOOGLE,1984-06-11,True
de1f1619-467b-a9e5-77e8-b762bb7eb979,18,6,1,Reese Wells,Reese,,Wells,reese.wells7363@example.org,,5966 Highland Rd,,,Hamburg,20095,"(9.993736,53.552502)",2025-01-22 11:26:47,Europe/Berlin,s3://saayam-mock/profiles/de1f1619-467b-a9e5-77e8-b762bb7eb979.jpg,PREFER_NOT_TO_SAY,1,11,,4,2024-11-18 12:52:43,APPLE,1991-06-04,True
1111ee29-a8ad-1539-85f0-786a18a440bd,1,1,1,Quinn Meadows,Quinn,,Meadows,quinn.meadows3311@example.org,+1-202-555-0167,9672 Pine St,Apt 188,,Lake Norfolkdale,23597,"(-76.287896,36.847911)",2024-07-20 02:13:05,America/New_York,,PREFER_NOT_TO_SAY,10,,,0,2024-06-18 20:15:29,APPLE,2002-06-26,False
9def57b4-d2da-43ec-0eec-c013b55beaaa,5,1,1,Taylor Blythe,Taylor,,Blythe,taylor.blythe1277@example.org,+1-202-555-0172,2932 Hill Way,Apt 383,,Mount Spokaneburg,99270,"(-117.432109,47.662702)",2024-10-30 19:28:49,America/Los_Angeles,s3://saayam-mock/profiles/9def57b4-d2da-43ec-0eec-c013b55beaaa.jpg,PREFER_NOT_TO_SAY,4,9,7,0,2024-08-31 06:41:31,FACEBOOK,1992-03-18,False
eefb2a24-7169-3ed5-9994-13ccff9957a8,7,2,1,Noel Drew Crane,Noel,Drew,Crane,noel.crane6091@example.org,+1-416-555-0146,7413 Lake Way,,,Fort Vancouverville,V6B 5J4,"(-123.119273,49.278707)",2025-04-05 00:29:25,America/Vancouver,s3://saayam-mock/profiles/eefb2a24-7169-3ed5-9994-13ccff9957a8.jpg,NON_BINARY,6,10,4,0,2025-04-06 12:41:46,FACEBOOK,1951-12-27,False
82e2b02d-8dbc-de5a-eb4a-ede646a52064,11,4,1,Skyler Meadows,Skyler,,Meadows,skyler.meadows7543@example.org,,6551 Park Rd,Apt 376,,North Puneburg,411788,"(73.853993,18.525595)",2025-02-10 04:19:47,Asia/Kolkata,,FEMALE,10,4,,4,2025-03-22 22:11:02,APPLE,1955-01-25,False
d13032db-e13a-14ca-5911-f42e559a8f54,9,3,1,Frankie Snow,Frankie,,Snow,frankie.snow9869@example.org,,8232 Sunset Rd,Apt 79,,Birmingham,B1 1BB,"(-1.890254,52.485116)",2024-04-15 18:18:28,Europe/London,s3://saayam-mock/profiles/d13032db-e13a-14ca-5911-f42e559a8f54.jpg,FEMALE,1,5,,1,2024-03-08 15:40:05,GOOGLE,1958-06-03,False
0c9fa6e6-becc-f760-9249-ee3a79d19c4e,11,4,1,Ellis Marie Hart,Ellis,Marie,Hart,ellis.hart6530@example.org,,9361 Cedar Rd,Apt 125,,West Mumbaiton,400477,"(72.875895,19.073338)",2025-09-05 12:10:27,Asia/Kolkata,,FEMALE,3,,,0,2025-08-22 12:17:07,FACEBOOK,1962-06-12,False
c509d558-0632-6b36-a7c8-f0c59808552c,6,2,1,Reese Ray Locke,Reese,Ray,Locke,reese.locke2390@example.org,+1-416-555-0114,894 Cedar Blvd,Apt 148,,East Torontoton,M5H 3R1,"(-79.380336,43.652086)",2025-06-23 14:19:20,America/Toronto,s3://saayam-mock/profiles/c509d558-0632-6b36-a7c8-f0c59808552c.jpg,NON_BINARY,4,,,1,2025-06-30 04:13:05,FACEBOOK,1985-08-20,False
b1f02ea8-242f-5829-fe07-832abadc4599,15,5,1,Jordan Jo Meadows,Jordan,Jo,Meadows,jordan.meadows4186@example.org,,4446 River Dr,Apt 56,,Melbourne,3000,"(144.962890,-37.810929)",2024-10-13 06:42:26,Australia/Melbourne,,FEMALE,10,5,1,2,2024-08-25 05:52:17,GOOGLE,1962-09-15,False
05804493-b664-6199-ed25-459e8f8937fa,1,1,1,Finley Drew Blythe,Finley,Drew,Blythe,finley.blythe5466@example.org,+1-202-555-0130,8213 Pine St,Apt 321,,Lake Norfolkdale,23597,"(-76.287641,36.847711)",2025-07-04 22:22:27,America/New_York,s3://saayam-mock/profiles/05804493-b664-6199-ed25-459e8f8937fa.jpg,NON_BINARY,6,,,3,2025-08-09 01:52:56,APPLE,1983-11-20,False
3a38b844-afbf-fde4-a022-6155df695d17,9,3,1,Finley Lane Wells,Finley,Lane,Wells,finley.wells6988@example.org,,5063 Sunset Blvd,,,London,SW1A 1AA,"(-0.127314,51.508504)",2025-02-22 09:03:27,Europe/London,s3://saayam-mock/profiles/3a38b844-afbf-fde4-a022-6155df695d17.jpg,MALE,3,4,12,2,2024-11-24 21:56:14,COGNITO,1961-06-27,False
078c3875-ba21-e269-2540-fbfee12ff6cd,16,6,1,Noel Jo Ives,Noel,Jo,Ives,noel.ives4971@example.org,,4373 Park Rd,Apt 306,,Mount Berlindale,10161,"(13.402189,52.514485)",2025-06-25 09:21:57,Europe/Berlin,,PREFER_NOT_TO_SAY,12,5,3,1,2025-06-03 04:30:37,FACEBOOK,1961-07-16,True
317979f9-29ed-e760-2334-08ba794e0838,4,1,1,Taylor Jo Rivers,Taylor,Jo,Rivers,taylor.rivers4422@example.org,+1-202-555-0178,8028 Sunset Dr,,,Mount Dallaston,75202,"(-96.803963,32.776742)",2025-04-22 05:36:44,America/Chicago,,PREFER_NOT_TO_SAY,4,,,5,2025-04-08 05:27:29,COGNITO,1983-02-15,False
0adbc4ff-e0b5-5615-d3b6-ef1b74f76d09,5,1,1,Ellis Glade,Ellis,,Glade,ellis.glade8457@example.org,+1-202-555-0188,8471 Church Blvd,,,Lake Seattledale,98193,"(-122.332662,47.604971)",2024-04-17 18:05:00,America/Los_Angeles,s3://saayam-mock/profiles/0adbc4ff-e0b5-5615-d3b6-ef1b74f76d09.jpg,MALE,5,12,,3,2024-04-13 01:46:29,GOOGLE,1979-10-23,False
74661e6f-e1ee-b1f1-33b1-d0dce552d0a8,2,1,1,Harper Ray Pace,Harper,Ray,Pace,harper.pace2025@example.org,+1-202-555-0148,9017 Washington St,Apt 394,,Lake Sanhaven,94171,"(-122.416756,37.781156)",2024-05-16 07:41:10,America/Los_Angeles,,MALE,6,2,9,1,2024-04-26 10:48:54,FACEBOOK,1969-12-25,False
a05f36c8-49ed-856e-723d-facdf601e005,4,1,1,Avery Marsh,Avery,,Marsh,avery.marsh58@example.org,+1-202-555-0175,7795 Lake Way,Apt 227,,Austin,78701,"(-97.742452,30.267161)",2024-12-01 09:45:27,America/Chicago,s3://saayam-mock/profiles/a05f36c8-49ed-856e-723d-facdf601e005.jpg,MALE,9,1,,0,2024-10-09 13:33:12,FACEBOOK,1952-03-28,False
d6881d3e-93fd-e248-aac0-4912084d7822,12,4,1,Micah Ray Hart,Micah,Ray,Hart,micah.hart804@example.org,,9486 Elm St,,,Port Mysuruwood,570431,"(76.644346,12.293956)",2024-06-02 10:08:34,Asia/Kolkata,,PREFER_NOT_TO_SAY,5,10,11,4,2024-04-30 07:41:18,COGNITO,1994-05-11,False
35b86d0a-864f-36dd-69ec-09d586eced99,15,5,1,Sage Lane Brooks,Sage,Lane,Brooks,sage.brooks1791@example.org,,9976 Union Dr,,,Melbourne,3000,"(144.964444,-37.812971)",2025-10-27 20:39:41,Australia/Melbourne,,PREFER_NOT_TO_SAY,8,,,4,2025-11-11 05:12:04,GOOGLE,1989-04-23,False
00679b62-318c-d979-fab0-a15d4a5d6cea,3,1,1,Jordan Blake Frost,Jordan,Blake,Frost,jordan.frost3397@example.org,+1-202-555-0132,1112 Pine Ln,,,New York,10001,"(-74.007726,40.713644)",2025-06-06 22:10:04,America/New_York,s3://saayam-mock/profiles/00679b62-318c-d979-fab0-a15d4a5d6cea.jpg,PREFER_NOT_TO_SAY,9,11,,5,2025-05-12 17:04:14,GOOGLE,1962-06-27,False
7aa6d6ea-ac27-3009-ec1a-86d356830783,10,3,1,Taylor Orme,Taylor,,Orme,taylor.orme2546@example.org,,8780 Main Rd,,,Edinburgh,EH1 1YZ,"(-3.186289,55.952096)",2025-07-28 14:01:30,Europe/London,s3://saayam-mock/profiles/7aa6d6ea-ac27-3009-ec1a-86d356830783.jpg,FEMALE,7,1,,2,2025-06-04 23:32:14,GOOGLE,1986-10-13,False
dd56030e-1de9-87a2-985e-7e892ff8107a,17,6,1,Micah Ray Meadows,Micah,Ray,Meadows,micah.meadows4449@example.org,,4954 Maple Ave,,,Munich,80331,"(11.581711,48.137804)",2025-06-06 18:30:01,Europe/Berlin,s3://saayam-mock/profiles/dd56030e-1de9-87a2-985e-7e892ff8107a.jpg,FEMALE,6,,,3,2025-06-23 03:41:08,FACEBOOK,1980-12-28,True
53cc6b95-c689-5836-4f73-ab1c860c7b68,3,1,1,Jamie Drew Lane,Jamie,Drew,Lane,jamie.lane3362@example.org,+1-202-555-0142,7650 Church St,,,Fort Buffalohaven,14201,"(-78.872198,42.892233)",2024-05-02 22:43:46,America/New_York,s3://saayam-mock/profiles/53cc6b95-c689-5836-4f73-ab1c860c7b68.jpg,NON_BINARY,2,1,5,5,2024-06-01 05:44:57,GOOGLE,1968-05-18,False
abcec90f-70ec-f41b-c5d5-601651b3ccf5,3,1,1,Kai Pace,Kai,,Pace,kai.pace4484@example.org,+1-202-555-0190,4642 Park Rd,Apt 88,,New York,10001,"(-74.006898,40.711711)",2024-07-14 20:14:03,America/New_York,s3://saayam-mock/profiles/abcec90f-70ec-f41b-c5d5-601651b3ccf5.jpg,FEMALE,2,4,9,3,2024-08-21 06:42:41,APPLE,1953-02-14,False
989b68c0-b465-c027-2dd1-d45b6454a82a,12,4,1,Hayden Lane Eaves,Hayden,Lane,Eaves,hayden.eaves5120@example.org,,7465 Pine Ct,Apt 241,,Lake Bengalurucrest,560658,"(77.590278,12.969801)",2025-01-03 20:41:45,Asia/Kolkata,,NON_BINARY,9,2,8,3,2024-12-30 14:44:30,FACEBOOK,2000-06-15,False
79af8348-10bb-c60d-07bf-63ee7ccd3dc0,2,1,1,River Blake Nash,River,Blake,Nash,river.nash2799@example.org,+1-202-555-0141,9112 River Ave,,,West Sanford,94158,"(-122.417637,37.775761)",2024-12-07 15:04:51,America/Los_Angeles,,MALE,9,,,3,2024-12-04 22:59:49,APPLE,2000-07-19,False
b1b2b5f8-8b66-1d1f-579a-7954c98e3f5b,5,1,1,Dakota Pike,Dakota,,Pike,dakota.pike1874@example.org,+1-202-555-0187,9772 Highland Way,,,Spokane,99201,"(-117.423265,47.656218)",2025-07-12 20:40:19,America/Los_Angeles,,FEMALE,3,5,,1,2025-07-13 00:03:40,FACEBOOK,1974-10-19,False
ae77e249-34a6-3e76-3217-35257279101c,6,2,1,Micah Lane Blythe,Micah,Lane,Blythe,micah.blythe7123@example.org,+1-416-555-0100,9176 Union Dr,,,Green Torontocrest,M5H 9Y8,"(-79.385265,43.645971)",2025-04-07 11:52:27,America/Toronto,,PREFER_NOT_TO_SAY,9,7,3,5,2025-01-28 10:01:25,APPLE,1977-09-07,False
239a046d-7991-2c51-2c64-9adfa998c8e1,4,1,1,Devon Ray Ives,Devon,Ray,Ives,devon.ives2528@example.org,+1-202-555-0184,7156 Maple Ave,,,Dallas,75201,"(-96.796110,32.774564)",2024-12-15 21:05:58,America/Chicago,,PREFER_NOT_TO_SAY,2,,,4,2024-11-15 20:40:35,APPLE,1974-06-08,False
01e6ee9a-9ac5-5023-6cbd-d9312f900058,12,4,1,Kendall Lee Wren,Kendall,Lee,Wren,kendall.wren6732@example.org,,1312 Maple Ln,,,Mysuru,570001,"(76.639300,12.295011)",2025-09-18 22:28:17,Asia/Kolkata,s3://saayam-mock/profiles/01e6ee9a-9ac5-5023-6cbd-d9312f900058.jpg,FEMALE,10,,,5,2025-10-03 21:14:39,FACEBOOK,1989-01-11,False
7807c947-02c2-b367-c74d-8df088f7f097,9,3,1,Jules Lane Dune,Jules,Lane,Dune,jules.dune6898@example.org,,7753 Park Blvd,Apt 294,,South Manchesterdale,M1 1MW,"(-2.238429,53.483529)",2025-02-03 17:57:11,Europe/London,s3://saayam-mock/profiles/7807c947-02c2-b367-c74d-8df088f7f097.jpg,FEMALE,12,,,1,2025-03-01 21:13:00,FACEBOOK,1966-03-20,False
41c7d9b3-db9c-9b7c-4674-a0eb47edc6dd,1,1,1,Avery Lane Quill,Avery,Lane,Quill,avery.quill9696@example.org,+1-202-555-0167,543 Elm Ave,,,Norfolk,23510,"(-76.284205,36.849217)",2024-09-17 11:21:54,America/New_York,,PREFER_NOT_TO_SAY,5,,,3,2024-07-05 03:57:09,GOOGLE,1963-10-24,False
a46b3932-0de8-4b63-5856-e1fcd7825ea3,5,1,1,Avery Pace,Avery,,Pace,avery.pace7603@example.org,+1-202-555-0118,8691 Union Way,Apt 7,,West Seattleburg,98123,"(-122.334597,47.605903)",2025-05-26 14:44:13,America/Los_Angeles,s3://saayam-mock/profiles/a46b3932-0de8-4b63-5856-e1fcd7825ea3.jpg,FEMALE,9,4,7,0,2025-06-10 17:59:52,APPLE,1989-11-28,False
445fdde1-4534-17b5-55c0-6c8e45c87f41,17,6,1,Jamie Marie Holt,Jamie,Marie,Holt,jamie.holt7555@example.org,,8973 Main St,Apt 35,,West Munichhaven,80322,"(11.577595,48.137846)",2024-09-18 00:50:20,Europe/Berlin,s3://saayam-mock/profiles/445fdde1-4534-17b5-55c0-6c8e45c87f41.jpg,MALE,9,,,5,2024-10-11 16:55:39,COGNITO,1989-02-02,True
e4db04c8-a817-4c85-9819-7749f041e4f7,18,6,1,Sage Lane Frost,Sage,Lane,Frost,sage.frost1966@example.org,,7651 River Ave,,,Hamburg,20095,"(9.996076,53.552274)",2024-05-04 17:53:21,Europe/Berlin,,NON_BINARY,11,10,3,2,2024-04-19 06:26:13,COGNITO,1974-07-11,True
f4a29332-421b-ecca-0f60-00f3fef72410,17,6,1,Harper Locke,Harper,,Locke,harper.locke1138@example.org,,1741 Church Ct,Apt 367,,North Nurembergburg,90458,"(11.074479,49.447844)",2025-05-22 17:44:01,Europe/Berlin,,PREFER_NOT_TO_SAY,11,,,0,2025-09-10 06:49:06,COGNITO,1952-11-13,True
546fcba3-b336-d143-26cf-bf5144352e6f,8,2,1,Alex Drew Pike,Alex,Drew,Pike,alex.pike7834@example.org,+1-416-555-0115,9294 Hill Dr,,,West Montrealville,H2Y 6A2,"(-73.565937,45.505969)",2025-05-12 23:35:27,America/Toronto,s3://saayam-mock/profiles/546fcba3-b336-d143-26cf-bf5144352e6f.jpg,NON_BINARY,9,,,0,2025-07-08 12:43:35,FACEBOOK,1991-04-06,False
62588ce9-f7ae-ede8-0a11-9bac8df21ad5,14,5,1,Rowan Marie Glade,Rowan,Marie,Glade,rowan.glade1750@example.org,,6370 Oak Ln,,,Newcastle,2300,"(151.778914,-32.931148)",2025-04-19 14:06:58,Australia/Sydney,s3://saayam-mock/profiles/62588ce9-f7ae-ede8-0a11-9bac8df21ad5.jpg,NON_BINARY,8,4,3,5,2025-01-08 12:13:09,APPLE,1993-09-05,False
ecc0baa6-3ba4-f2ba-9450-0024bdb58d06,2,1,1,Taylor Pike,Taylor,,Pike,taylor.pike313@example.org,+1-202-555-0112,7475 Park Blvd,Apt 303,,San Francisco,94103,"(-122.421367,37.772200)",2025-08-10 07:09:46,America/Los_Angeles,s3://saayam-mock/profiles/ecc0baa6-3ba4-f2ba-9450-0024bdb58d06.jpg,MALE,11,3,1,0,2025-08-08 10:29:36,APPLE,1970-02-22,False
5253b6f7-2328-051e-8bbf-1b30937292e6,18,6,1,Sage Quill,Sage,,Quill,sage.quill5497@example.org,,1638 Highland Way,Apt 399,,Lake Hamburgdale,20029,"(9.989279,53.551769)",2024-06-26 03:22:09,Europe/Berlin,s3://saayam-mock/profiles/5253b6f7-2328-051e-8bbf-1b30937292e6.jpg,FEMALE,3,6,,5,2024-05-28 07:13:27,APPLE,1994-08-23,True
a3cb9e18-24a1-67fd-34c6-ea9b207c0594,5,1,1,Hayden Jo Thorn,Hayden,Jo,Thorn,hayden.thorn2860@example.org,+1-202-555-0153,75 Hill Rd,Apt 99,,Mount Spokaneburg,99270,"(-117.429483,47.664240)",2024-04-16 07:51:08,America/Los_Angeles,,MALE,10,2,,3,2024-05-18 00:53:58,FACEBOOK,1953-04-04,False
d80213ba-af6c-2278-2633-1cc6cbeed3e3,10,3,1,Kendall Pace,Kendall,,Pace,kendall.pace707@example.org,,1711 Sunset St,Apt 276,,Edinburgh,EH1 1YZ,"(-3.189792,55.954001)",2024-06-05 05:54:50,Europe/London,s3://saayam-mock/profiles/d80213ba-af6c-2278-2633-1cc6cbeed3e3.jpg,MALE,7,,,5,2024-04-23 00:00:38,APPLE,1962-12-22,False
c76aec88-3ae5-6c8d-5360-16e7e5fbc1c0,2,1,1,Noel Lee Vale,Noel,Lee,Vale,noel.vale3885@example.org,+1-202-555-0118,3542 Church Ct,,,West Sanford,94158,"(-122.415429,37.773762)",2025-03-16 06:11:09,America/Los_Angeles,,NON_BINARY,2,,,1,2025-04-09 19:27:41,COGNITO,1967-03-04,False
6b10b786-7565-6daf-772d-416dda05d2fc,3,1,1,Parker Lee Ashby,Parker,Lee,Ashby,parker.ashby9890@example.org,+1-202-555-0152,8549 Lake Rd,,,New Albanybridge,12213,"(-73.753302,42.657350)",2024-08-08 13:40:43,America/New_York,s3://saayam-mock/profiles/6b10b786-7565-6daf-772d-416dda05d2fc.jpg,MALE,10,,,1,2024-07-21 19:17:11,GOOGLE,1986-01-14,False
fdc419b2-0a41-4919-0b52-46f3faed5777,10,3,1,Taylor Jo Holt,Taylor,Jo,Holt,taylor.holt7853@example.org,,2175 Elm Ln,,,Edinburgh,EH1 1YZ,"(-3.186782,55.954459)",2024-04-22 00:01:57,Europe/London,s3://saayam-mock/profiles/fdc419b2-0a41-4919-0b52-46f3faed5777.jpg,PREFER_NOT_TO_SAY,9,,,4,2024-07-15 17:32:44,APPLE,1999-03-28,False
ca342e3c-2f58-9a81-67c5-b29bb400a5e1,8,2,1,Indie Fields,Indie,,Fields,indie.fields6306@example.org,+1-416-555-0179,5501 Sunset St,,,Montreal,H2Y 1C6,"(-73.567145,45.503667)",2025-03-03 12:58:21,America/Toronto,s3://saayam-mock/profiles/ca342e3c-2f58-9a81-67c5-b29bb400a5e1.jpg,NON_BINARY,5,10,,3,2025-02-24 02:25:41,GOOGLE,1991-09-23,False
c6090b78-b597-1e43-8f8d-d99511274cb2,4,1,1,Quinn Ray Thorn,Quinn,Ray,Thorn,quinn.thorn8842@example.org,+1-202-555-0135,893 Oak Dr,,,Lake Dallasburg,75288,"(-96.795524,32.783377)",2024-06-30 22:23:54,America/Chicago,s3://saayam-mock/profiles/c6090b78-b597-1e43-8f8d-d99511274cb2.jpg,NON_BINARY,12,4,11,3,2024-07-15 17:22:30,COGNITO,1962-08-03,False
2dc69c90-e5df-c7af-6403-c4bc14860c2d,6,2,1,Casey Pace,Casey,,Pace,casey.pace4522@example.org,+1-416-555-0153,8871 Church Blvd,Apt 243,,Ottawa,K1P 1J1,"(-75.697076,45.422264)",2024-06-21 06:50:32,America/Toronto,s3://saayam-mock/profiles/2dc69c90-e5df-c7af-6403-c4bc14860c2d.jpg,FEMALE,4,,,0,2024-08-14 15:03:04,FACEBOOK,1976-10-11,False
5388d128-c96d-525e-a563-9cf4a7dfeb92,10,3,1,Hayden Blake Blythe,Hayden,Blake,Blythe,hayden.blythe9294@example.org,,5786 Pine Ct,,,South Glasgowburg,G1 3GA,"(-4.255323,55.864657)",2024-06-05 16:45:08,Europe/London,s3://saayam-mock/profiles/5388d128-c96d-525e-a563-9cf4a7dfeb92.jpg,MALE,4,8,,5,2024-08-12 16:00:59,GOOGLE,1965-02-02,False
2060917a-9314-14e8-510e-641ffe67e8e9,9,3,1,Harper Ray Quill,Harper,Ray,Quill,harper.quill3362@example.org,,4941 Oak St,,,Port Manchesterwood,M1 6YJ,"(-2.243249,53.482101)",2025-11-05 11:32:41,Europe/London,s3://saayam-mock/profiles/2060917a-9314-14e8-510e-641ffe67e8e9.jpg,FEMALE,6,3,,5,2025-10-07 23:24:23,FACEBOOK,1980-05-25,False
aab9278d-92df-cf99-fe7b-178dfb0e7c28,3,1,1,Hayden Ray Frost,Hayden,Ray,Frost,hayden.frost7848@example.org,+1-202-555-0157,5856 Oak Dr,,,Fort Buffalohaven,14201,"(-78.877643,42.891816)",2024-03-07 08:16:49,America/New_York,,NON_BINARY,5,,,1,2024-02-13 16:18:29,APPLE,1993-11-03,False
31c77a44-64f8-f226-8304-81c2f9d09e26,10,3,1,Noel Lane Brooks,Noel,Lane,Brooks,noel.brooks5916@example.org,,7301 Union Ave,,,South Glasgowburg,G1 3GA,"(-4.255317,55.864636)",2025-04-09 13:12:45,Europe/London,s3://saayam-mock/profiles/31c77a44-64f8-f226-8304-81c2f9d09e26.jpg,MALE,6,7,,5,2025-06-06 03:32:51,APPLE,1958-10-20,False
4da08e48-3531-518a-24c5-8b47160934d1,10,3,1,Parker Glade,Parker,,Glade,parker.glade1450@example.org,,3048 Union Way,,,Edinburgh,EH1 1YZ,"(-3.187965,55.954561)",2024-01-13 08:34:35,Europe/London,s3://saayam-mock/profiles/4da08e48-3531-518a-24c5-8b47160934d1.jpg,PREFER_NOT_TO_SAY,7,3,,1,2024-01-10 22:50:14,FACEBOOK,1990-11-16,False
e4871ab3-aa79-4de7-a760-49771fca0f16,6,2,1,Frankie Pike,Frankie,,Pike,frankie.pike4010@example.org,+1-416-555-0133,7800 Sunset Ave,,,Ottawa,K1P 1J1,"(-75.695727,45.421986)",2024-04-12 13:42:33,America/Toronto,s3://saayam-mock/profiles/e4871ab3-aa79-4de7-a760-49771fca0f16.jpg,FEMALE,2,10,,1,2024-03-11 03:45:01,GOOGLE,1972-03-02,False
a2e11798-6b65-450b-5c75-352c45cdb96b,7,2,1,Morgan Marie Ashby,Morgan,Marie,Ashby,morgan.ashby8678@example.org,+1-416-555-0187,4933 Pine Dr,,,Fort Vancouverville,V6B 5J4,"(-123.118136,49.280685)",2024-05-04 05:12:57,America/Vancouver,s3://saayam-mock/profiles/a2e11798-6b65-450b-5c75-352c45cdb96b.jpg,NON_BINARY,3,2,10,3,2024-05-11 12:11:47,GOOGLE,1956-04-05,False
303c1503-d4e2-0134-389a-e4fd80ddb386,17,6,1,Avery Jo Nash,Avery,Jo,Nash,avery.nash1252@example.org,,8571 Highland Dr,,,Nuremberg,90402,"(11.077846,49.449934)",2024-05-03 13:51:08,Europe/Berlin,s3://saayam-mock/profiles/303c1503-d4e2-0134-389a-e4fd80ddb386.jpg,MALE,6,5,,5,2024-05-28 23:07:14,GOOGLE,1955-07-23,True
13e675fd-1c99-d366-c8b6-2c18c355853e,1,1,1,Jules Jo Meadows,Jules,Jo,Meadows,jules.meadows3218@example.org,+1-202-555-0138,169 Highland Ave,,,Arlington,22201,"(-77.109086,38.878418)",2024-05-17 05:47:54,America/New_York,s3://saayam-mock/profiles/13e675fd-1c99-d366-c8b6-2c18c355853e.jpg,NON_BINARY,10,1,8,0,2024-05-01 15:45:29,FACEBOOK,1987-06-12,False
c7e2a618-8029-93b1-daea-544a291a4905,15,5,1,Finley Drew Fields,Finley,Drew,Fields,finley.fields1624@example.org,,8261 Union Ct,,,Port Geelongford,3215,"(144.361624,-38.151968)",2025-09-08 00:16:19,Australia/Melbourne,s3://saayam-mock/profiles/c7e2a618-8029-93b1-daea-544a291a4905.jpg,NON_BINARY,4,5,3,3,2025-10-08 16:05:27,APPLE,1957-06-04,False
22cb2720-850c-ddfd-1c3d-ae1977455560,10,3,1,Shiloh Marie Meadows,Shiloh,Marie,Meadows,shiloh.meadows1348@example.org,,9076 Washington Ln,Apt 220,,West Edinburghford,EH1 7SY,"(-3.184198,55.955535)",2024-12-10 15:50:47,Europe/London,s3://saayam-mock/profiles/22cb2720-850c-ddfd-1c3d-ae1977455560.jpg,PREFER_NOT_TO_SAY,8,10,,5,2024-12-15 12:35:57,COGNITO,1957-03-13,False
fa42156e-972e-c23e-b1ed-f3d3668f5032,2,1,1,Reese Flint,Reese,,Flint,reese.flint3262@example.org,+1-202-555-0197,9535 Park Ln,,,New Santon,94191,"(-122.412942,37.773361)",2025-03-05 04:01:24,America/Los_Angeles,,PREFER_NOT_TO_SAY,2,4,,3,2025-02-15 23:48:43,APPLE,1956-02-09,False
a0dcec7d-3b17-2319-7f4d-55b97d457a09,3,1,1,Jordan Brooks,Jordan,,Brooks,jordan.brooks1118@example.org,+1-202-555-0197,1254 River Ct,Apt 239,,Albany,12207,"(-73.757238,42.651417)",2025-08-18 21:32:43,America/New_York,s3://saayam-mock/profiles/a0dcec7d-3b17-2319-7f4d-55b97d457a09.jpg,NON_BINARY,10,11,,4,2025-08-03 06:49:13,APPLE,1957-07-15,False
714b5c03-6057-97cf-da55-f8255086f384,9,3,1,Taylor Quill,Taylor,,Quill,taylor.quill9121@example.org,,8038 River Ct,,,South Manchesterdale,M1 1MW,"(-2.239672,53.481957)",2024-11-27 23:13:56,Europe/London,s3://saayam-mock/profiles/714b5c03-6057-97cf-da55-f8255086f384.jpg,PREFER_NOT_TO_SAY,3,5,,4,2025-02-01 18:59:49,FACEBOOK,1953-01-19,False
5dcd0d40-d641-5102-20d1-968f0b8ce21f,7,2,1,Jordan Ray Glade,Jordan,Ray,Glade,jordan.glade1595@example.org,+1-416-555-0175,1392 Church Ave,Apt 157,,Fort Vancouverhaven,V6B 2L1,"(-123.126199,49.285426)",2025-04-04 20:56:46,America/Vancouver,s3://saayam-mock/profiles/5dcd0d40-d641-5102-20d1-968f0b8ce21f.jpg,PREFER_NOT_TO_SAY,1,11,,4,2025-05-19 09:39:27,APPLE,1987-01-11,False
528a34f3-63ea-c0a1-9202-b09c60b36938,12,4,1,Jamie Blake Vale,Jamie,Blake,Vale,jamie.vale3374@example.org,,1235 Union Rd,Apt 148,,Mysuru,570001,"(76.638197,12.298617)",2025-01-18 18:58:42,Asia/Kolkata,s3://saayam-mock/profiles/528a34f3-63ea-c0a1-9202-b09c60b36938.jpg,FEMALE,6,3,10,5,2025-03-29 18:39:28,FACEBOOK,1967-02-19,False
6d56cfd5-79ab-3018-87f3-c9a4cd1a810d,4,1,1,River Blythe,River,,Blythe,river.blythe8269@example.org,+1-202-555-0185,8972 Maple St,,,Lake Dallasburg,75288,"(-96.795033,32.781739)",2025-02-22 04:19:05,America/Chicago,s3://saayam-mock/profiles/6d56cfd5-79ab-3018-87f3-c9a4cd1a810d.jpg,PREFER_NOT_TO_SAY,4,7,,2,2025-03-03 19:17:25,APPLE,1986-12-21,False
5d411ac5-335d-ab46-85b3-75aa0f546781,9,3,1,Skyler Lee Wells,Skyler,Lee,Wells,skyler.wells4920@example.org,,2632 Pine Rd,Apt 208,,Lake Manchesterdale,M1 2JS,"(-2.246422,53.479299)",2025-04-10 04:22:10,Europe/London,,NON_BINARY,11,,,3,2025-05-23 15:48:22,COGNITO,1962-03-09,False
ca27cd69-4226-4ba4-0775-d77822ed1e25,17,6,1,Kai Drew Quill,Kai,Drew,Quill,kai.quill692@example.org,,1480 Washington Blvd,Apt 121,,West Munichhaven,80322,"(11.579181,48.138907)",2025-08-15 02:03:02,Europe/Berlin,s3://saayam-mock/profiles/ca27cd69-4226-4ba4-0775-d77822ed1e25.jpg,NON_BINARY,6,,,3,2025-09-02 11:19:33,COGNITO,1999-06-11,True
63d3ce8e-bcbb-859a-9596-6725d513da02,17,6,1,Finley Jo Reed,Finley,Jo,Reed,finley.reed2364@example.org,,1851 Elm Way,,,East Munichfield,80360,"(11.586071,48.131521)",2024-05-24 18:36:47,Europe/Berlin,,NON_BINARY,7,5,,0,2024-07-11 09:16:10,COGNITO,1994-11-08,True
4f2c386f-627b-0edd-8d7f-937140c37cbc,13,4,1,Shiloh Thorn,Shiloh,,Thorn,shiloh.thorn7249@example.org,,2626 Church Ct,Apt 324,,Lake Newburg,110642,"(77.213524,28.611200)",2025-05-16 06:25:15,Asia/Kolkata,s3://saayam-mock/profiles/4f2c386f-627b-0edd-8d7f-937140c37cbc.jpg,FEMALE,5,2,,3,2025-04-03 09:25:24,FACEBOOK,1995-07-27,False
b2cfba8b-290c-42f8-d30b-ef6519b38619,5,1,1,Casey Ray Ives,Casey,Ray,Ives,casey.ives9866@example.org,+1-202-555-0100,6565 Cedar Ln,,,West Seattleburg,98123,"(-122.334917,47.608309)",2025-07-29 13:36:02,America/Los_Angeles,,MALE,1,12,3,4,2025-10-10 22:10:49,APPLE,1980-12-05,False
97d02f8f-affd-d43b-2c69-1f0442bbeaae,17,6,1,Noel Marie Marsh,Noel,Marie,Marsh,noel.marsh1383@example.org,,7577 Cedar Ln,,,Green Munichburg,80382,"(11.579570,48.131489)",2025-03-07 08:50:52,Europe/Berlin,,MALE,10,4,,0,2025-04-17 01:47:32,COGNITO,1995-09-14,True
742632d7-eda4-13c6-eb84-66e4c5fae047,17,6,1,Kendall Snow,Kendall,,Snow,kendall.snow3329@example.org,,3103 Washington Blvd,,,Green Munichburg,80382,"(11.582034,48.132591)",2024-07-18 02:35:02,Europe/Berlin,,MALE,7,3,,2,2024-09-27 15:00:16,COGNITO,1950-08-05,True
b169fded-f972-3977-52c0-3f9bdf16eb70,8,2,1,Sage Jo Kerr,Sage,Jo,Kerr,sage.kerr9785@example.org,+1-416-555-0177,9802 Sunset St,Apt 3,,West Montrealville,H2Y 6A2,"(-73.565295,45.505071)",2024-12-07 23:26:00,America/Toronto,,MALE,1,,,4,2024-09-25 05:17:51,GOOGLE,1982-08-11,False
16f32b93-21c5-7a88-77d4-68eae0bdd765,6,2,1,Gray Vance,Gray,,Vance,gray.vance1915@example.org,+1-416-555-0178,4322 Hill Dr,,,Green Torontocrest,M5H 9Y8,"(-79.384823,43.647295)",2024-12-27 09:40:19,America/Toronto,,PREFER_NOT_TO_SAY,12,6,,0,2024-12-10 14:11:45,GOOGLE,1952-08-09,False
6fb9de37-7796-048f-b4b9-fb7329debccc,2,1,1,Kendall Locke,Kendall,,Locke,kendall.locke5842@example.org,+1-202-555-0126,4655 Maple Blvd,,,West Sanford,94158,"(-122.413054,37.771598)",2025-09-01 19:27:13,America/Los_Angeles,s3://saayam-mock/profiles/6fb9de37-7796-048f-b4b9-fb7329debccc.jpg,FEMALE,12,,,4,2025-11-04 18:40:57,COGNITO,1965-08-22,False
06a574ec-5422-ea97-e32a-878718246315,6,2,1,Avery Jo Flint,Avery,Jo,Flint,avery.flint9673@example.org,+1-416-555-0180,4413 Park St,,,Ottawa,K1P 1J1,"(-75.695216,45.422457)",2024-07-11 14:37:21,America/Toronto,,MALE,8,,,1,2024-08-06 21:00:42,FACEBOOK,1970-01-24,False
9a2fc701-f3af-bb09-8c12-6e0e121af952,8,2,1,Riley Jo Vance,Riley,Jo,Vance,riley.vance2917@example.org,+1-416-555-0115,4892 Lake Way,,,Quebec City,G1R 4P3,"(-71.208669,46.813314)",2024-10-12 18:43:09,America/Toronto,s3://saayam-mock/profiles/9a2fc701-f3af-bb09-8c12-6e0e121af952.jpg,FEMALE,3,,,2,2024-11-07 03:36:29,APPLE,1980-05-19,False
c1a95ee2-1718-cfde-6c4e-5a8c99afee64,9,3,1,Shiloh Lane Quill,Shiloh,Lane,Quill,shiloh.quill7113@example.org,,8639 River Ave,,,Manchester,M1 1AE,"(-2.244255,53.481917)",2025-03-23 02:21:41,Europe/London,,NON_BINARY,8,11,,1,2025-05-18 00:21:08,COGNITO,1985-02-02,False
6cc721f0-82ba-0fed-1b8d-c821836f224b,8,2,1,Jamie Blake Vance,Jamie,Blake,Vance,jamie.vance5824@example.org,+1-416-555-0105,1365 Washington Ln,,,West Quebecburg,G1R 4K3,"(-71.210320,46.815159)",2024-11-16 00:34:28,America/Toronto,,NON_BINARY,1,2,8,1,2024-10-15 08:11:36,FACEBOOK,2005-11-04,False
017f319f-0496-1795-88cc-ddbc6f0d7229,8,2,1,Avery Pace,Avery,,Pace,avery.pace7818@example.org,+1-416-555-0188,6472 Highland Ln,Apt 45,,West Montrealville,H2Y 6A2,"(-73.565475,45.508541)",2025-04-18 13:33:47,America/Toronto,s3://saayam-mock/profiles/017f319f-0496-1795-88cc-ddbc6f0d7229.jpg,MALE,12,10,8,0,2025-05-13 23:07:04,GOOGLE,1977-11-28,False
160a3a13-30df-c50c-89e0-8b89ca3e3238,6,2,1,Indie Orme,Indie,,Orme,indie.orme6913@example.org,+1-416-555-0102,7365 Park Rd,Apt 104,,North Ottawafield,K1P 8H0,"(-75.695955,45.425125)",2024-05-09 00:14:18,America/Toronto,s3://saayam-mock/profiles/160a3a13-30df-c50c-89e0-8b89ca3e3238.jpg,PREFER_NOT_TO_SAY,12,,,3,2024-05-11 03:58:34,FACEBOOK,1952-08-13,False
b98050a6-974e-598d-836b-47c37c711cc8,13,4,1,Kendall Lee Brooks,Kendall,Lee,Brooks,kendall.brooks8656@example.org,,7148 Main Blvd,,,New Delhi,110001,"(77.211335,28.611602)",2024-03-21 10:04:34,Asia/Kolkata,s3://saayam-mock/profiles/b98050a6-974e-598d-836b-47c37c711cc8.jpg,NON_BINARY,2,5,7,4,2024-05-09 21:18:49,GOOGLE,1968-12-23,False
d544c79b-6ab7-6840-f5b5-ac7163ef5e69,14,5,1,Shiloh Blake Pace,Shiloh,Blake,Pace,shiloh.pace3395@example.org,,8090 Pine Rd,,,Mount Newcastlewood,2341,"(151.780822,-32.924409)",2024-10-19 19:43:21,Australia/Sydney,s3://saayam-mock/profiles/d544c79b-6ab7-6840-f5b5-ac7163ef5e69.jpg,MALE,8,3,11,1,2025-01-30 23:49:56,COGNITO,1971-07-04,False
8fde042a-1ee5-6930-3a08-5f6a9e189a98,4,1,1,Kendall Marie Dune,Kendall,Marie,Dune,kendall.dune5821@example.org,+1-202-555-0190,827 Church Ct,,,Mount Dallaston,75202,"(-96.799118,32.774805)",2024-05-24 05:24:47,America/Chicago,,FEMALE,12,,,4,2024-02-23 18:24:07,COGNITO,2005-04-12,False
b54a31ba-4ac8-927e-ba75-1921283348ea,9,3,1,Kendall Wells,Kendall,,Wells,kendall.wells5960@example.org,,7761 Elm Ln,Apt 259,,Port Manchesterwood,M1 6YJ,"(-2.239668,53.483477)",2025-01-12 00:53:42,Europe/London,s3://saayam-mock/profiles/b54a31ba-4ac8-927e-ba75-1921283348ea.jpg,MALE,8,,,1,2025-03-15 05:34:44,GOOGLE,1958-07-14,False
7570d730-e5e7-9add-68c8-7ed8eb035cda,18,6,1,Shiloh Locke,Shiloh,,Locke,shiloh.locke2386@example.org,,1008 Washington St,,,New Hamburgville,20062,"(9.992089,53.555479)",2024-02-01 01:55:13,Europe/Berlin,,NON_BINARY,2,,,3,2024-03-04 05:36:08,FACEBOOK,1996-12-11,True
d3b68150-0205-e16a-581a-b26ce8c35a79,6,2,1,Skyler Jo Locke,Skyler,Jo,Locke,skyler.locke3361@example.org,+1-416-555-0104,8806 Elm Way,,,Toronto,M5H 2N2,"(-79.381548,43.655486)",2025-11-01 09:24:13,America/Toronto,s3://saayam-mock/profiles/d3b68150-0205-e16a-581a-b26ce8c35a79.jpg,FEMALE,8,6,7,4,2025-09-20 14:24:00,GOOGLE,1951-01-26,False
3dc8719c-4239-850b-97ae-50f08a39068b,18,6,1,Micah Jo Frost,Micah,Jo,Frost,micah.frost983@example.org,,9379 Sunset St,Apt 233,,Hamburg,20095,"(9.995239,53.553748)",2025-02-16 17:18:08,Europe/Berlin,,MALE,2,1,,2,2025-02-24 03:23:22,GOOGLE,1995-07-17,True
53edc74f-1af0-26df-3f64-e5eebccd9b8c,11,4,1,Rowan Ray Nash,Rowan,Ray,Nash,rowan.nash1606@example.org,,7310 Oak Dr,,,Mumbai,400001,"(72.875073,19.078331)",2024-08-15 01:01:42,Asia/Kolkata,s3://saayam-mock/profiles/53edc74f-1af0-26df-3f64-e5eebccd9b8c.jpg,NON_BINARY,2,12,,4,2024-08-03 03:55:21,APPLE,1996-07-27,False
208b326a-817b-2f21-24f3-df1429b01062,10,3,1,Indie Frost,Indie,,Frost,indie.frost3484@example.org,,1981 Elm Ln,,,South Glasgowburg,G1 3GA,"(-4.255338,55.868639)",2025-04-27 11:22:10,Europe/London,s3://saayam-mock/profiles/208b326a-817b-2f21-24f3-df1429b01062.jpg,PREFER_NOT_TO_SAY,9,,,0,2025-07-22 04:12:37,APPLE,1953-05-10,False
bd5a6112-d1b2-2e3c-2ede-2487373058be,10,3,1,Alex Eaves,Alex,,Eaves,alex.eaves1107@example.org,,9924 Maple Blvd,,,South Glasgowburg,G1 3GA,"(-4.252152,55.867616)",2024-05-23 13:13:04,Europe/London,s3://saayam-mock/profiles/bd5a6112-d1b2-2e3c-2ede-2487373058be.jpg,NON_BINARY,10,8,,0,2024-05-28 18:13:15,APPLE,1974-04-13,False
f544b28c-0bba-d72a-8a7e-9cce56c890a5,14,5,1,Hayden Marie Hart,Hayden,Marie,Hart,hayden.hart2714@example.org,,8549 Cedar Ct,,,Fort Sydneyhaven,2099,"(151.214359,-33.870130)",2024-02-12 01:40:24,Australia/Sydney,s3://saayam-mock/profiles/f544b28c-0bba-d72a-8a7e-9cce56c890a5.jpg,FEMALE,5,9,2,2,2024-05-06 09:56:43,APPLE,1955-09-20,False
0b840c50-96c1-b183-66dc-39895207c6cc,10,3,1,Jordan Ray Kerr,Jordan,Ray,Kerr,jordan.kerr2958@example.org,,2360 Maple Ln,Apt 394,,South Glasgowburg,G1 3GA,"(-4.257008,55.868807)",2025-04-08 23:38:43,Europe/London,s3://saayam-mock/profiles/0b840c50-96c1-b183-66dc-39895207c6cc.jpg,NON_BINARY,7,5,,1,2025-03-04 07:58:52,APPLE,1956-06-05,False
4207fb51-52ff-eff5-e49c-5edd69aec17b,8,2,1,Avery Marsh,Avery,,Marsh,avery.marsh3926@example.org,+1-416-555-0108,7933 Main Way,Apt 325,,Quebec City,G1R 4P3,"(-71.210636,46.813689)",2025-12-14 16:49:07,America/Toronto,,FEMALE,7,2,5,1,2025-11-29 10:13:22,GOOGLE,1969-10-14,False
a2c3b917-d8a5-aa52-157b-0495722be4aa,10,3,1,Sage Flint,Sage,,Flint,sage.flint8855@example.org,,2743 Main St,Apt 247,,Lake Edinburghford,EH1 0ES,"(-3.189948,55.955064)",2024-07-24 13:58:49,Europe/London,,MALE,8,1,11,4,2024-10-07 08:52:29,GOOGLE,1997-09-19,False
6532b3ae-16f7-91ac-4cf6-a29711e74656,15,5,1,Avery Wren,Avery,,Wren,avery.wren7078@example.org,,4030 River Dr,Apt 175,,Melbourne,3000,"(144.963911,-37.810722)",2024-10-19 14:34:49,Australia/Melbourne,,FEMALE,11,6,,4,2024-10-03 05:29:51,GOOGLE,1976-09-23,False
648df4c0-c330-ec14-7d2d-93e8b40b7288,11,4,1,Riley Stone,Riley,,Stone,riley.stone7294@example.org,,7581 Elm Rd,Apt 228,,Mount Puneton,411343,"(73.856080,18.524406)",2024-08-09 21:40:41,Asia/Kolkata,,NON_BINARY,6,7,3,1,2024-05-18 16:32:43,GOOGLE,1964-08-12,False
e78dcf32-7e2a-9f73-47df-a607096b7724,15,5,1,Sage Marsh,Sage,,Marsh,sage.marsh6490@example.org,,9637 Maple Ave,Apt 66,,Geelong,3220,"(144.359863,-38.148467)",2024-07-05 01:33:05,Australia/Melbourne,,NON_BINARY,3,9,,1,2024-08-10 14:38:16,FACEBOOK,1993-09-15,False
a4165dd1-6d57-5fd1-f019-955f00801ed9,14,5,1,Morgan Ray Kerr,Morgan,Ray,Kerr,morgan.kerr6667@example.org,,4554 Church Way,,,Mount Newcastlewood,2341,"(151.782729,-32.927782)",2024-10-08 00:55:54,Australia/Sydney,s3://saayam-mock/profiles/a4165dd1-6d57-5fd1-f019-955f00801ed9.jpg,FEMALE,8,6,,5,2024-11-05 11:10:37,GOOGLE,1962-03-11,False
a0135044-a041-301d-1016-8d654f90f91a,2,1,1,Jordan Blake Kerr,Jordan,Blake,Kerr,jordan.kerr394@example.org,+1-202-555-0109,9830 Park Ct,Apt 392,,Port Losfield,90040,"(-118.246384,34.051420)",2025-02-04 11:22:11,America/Los_Angeles,,FEMALE,4,6,,3,2025-01-18 15:19:56,GOOGLE,1953-08-02,False
6e8d0018-a04d-ac84-9c59-5e034d2d3557,2,1,1,Jamie Brooks,Jamie,,Brooks,jamie.brooks4832@example.org,+1-202-555-0149,7606 Highland Way,,,Los Angeles,90012,"(-118.241975,34.052944)",2025-03-10 17:50:29,America/Los_Angeles,s3://saayam-mock/profiles/6e8d0018-a04d-ac84-9c59-5e034d2d3557.jpg,NON_BINARY,4,10,,4,2025-02-19 00:12:39,COGNITO,1987-04-19,False
419bf74e-8247-23c3-a32a-4516204054fb,7,2,1,Frankie Blake Locke,Frankie,Blake,Locke,frankie.locke3047@example.org,+1-416-555-0139,9563 Church Blvd,,,Fort Vancouverville,V6B 5J4,"(-123.120782,49.280038)",2024-11-22 00:09:25,America/Vancouver,,MALE,3,,,0,2024-10-06 06:43:55,COGNITO,1977-06-07,False
e893786d-a3fb-6609-334b-92a2f9fc9c3f,4,1,1,Casey Ray Marsh,Casey,Ray,Marsh,casey.marsh7795@example.org,+1-202-555-0158,692 Lake Rd,,,East Houstonford,77067,"(-95.374351,29.763840)",2025-07-21 12:14:00,America/Chicago,s3://saayam-mock/profiles/e893786d-a3fb-6609-334b-92a2f9fc9c3f.jpg,PREFER_NOT_TO_SAY,10,6,12,5,2025-07-31 15:36:08,APPLE,1963-07-06,False
5ce195be-01b8-c14a-fd68-a5d7d37a430a,1,1,1,Casey Ray Stone,Casey,Ray,Stone,casey.stone9089@example.org,+1-202-555-0103,3263 Cedar Ln,Apt 90,,Norfolk,23510,"(-76.285386,36.852393)",2024-05-31 12:29:49,America/New_York,,MALE,11,,,1,2024-05-22 13:30:21,FACEBOOK,1956-01-27,False
a7a581e8-6101-14f4-2322-6464ad6d84ef,17,6,1,Avery Ray Reed,Avery,Ray,Reed,avery.reed4999@example.org,,1072 Oak Blvd,,,Munich,80331,"(11.584647,48.137963)",2025-05-07 09:48:35,Europe/Berlin,s3://saayam-mock/profiles/a7a581e8-6101-14f4-2322-6464ad6d84ef.jpg,PREFER_NOT_TO_SAY,11,3,,5,2025-05-13 18:12:30,GOOGLE,2004-09-10,True
3f46a43a-53e2-e047-2608-7b53ca226cfe,1,1,1,Kai Pike,Kai,,Pike,kai.pike3429@example.org,+1-202-555-0163,8502 Lake Blvd,,,South Arlingtonton,22244,"(-77.108881,38.880994)",2024-05-31 23:21:27,America/New_York,,PREFER_NOT_TO_SAY,2,3,9,2,2024-06-07 13:31:40,COGNITO,1963-04-07,False
6559b365-3c00-a0f0-dcf8-987873bb84e5,4,1,1,Micah Jo Glade,Micah,Jo,Glade,micah.glade9362@example.org,+1-202-555-0129,9568 Main Ct,,,New Houstonwood,77056,"(-95.366791,29.764121)",2024-08-03 10:46:02,America/Chicago,s3://saayam-mock/profiles/6559b365-3c00-a0f0-dcf8-987873bb84e5.jpg,PREFER_NOT_TO_SAY,3,,,2,2024-07-14 08:17:46,APPLE,1964-05-21,False
1519613c-e6c7-1f15-5bed-83be136d6cce,6,2,1,Riley Marie Snow,Riley,Marie,Snow,riley.snow1613@example.org,+1-416-555-0124,9897 Maple Ln,,,East Ottawaburg,K1P 9X0,"(-75.691462,45.417967)",2024-06-06 23:13:27,America/Toronto,,FEMALE,4,6,12,3,2024-07-24 04:11:11,APPLE,1964-04-24,False
3bd54863-7974-c90b-35ba-5e93bfc77282,11,4,1,Indie Blake Dune,Indie,Blake,Dune,indie.dune1407@example.org,,9462 Union Blvd,,,Mumbai,400001,"(72.877400,19.076351)",2024-11-18 07:19:31,Asia/Kolkata,,NON_BINARY,7,4,8,1,2025-01-09 05:11:37,APPLE,1998-12-18,False
05f30bc5-9642-b052-5379-f2794cb50625,12,4,1,Taylor Wells,Taylor,,Wells,taylor.wells5411@example.org,,7779 Oak Dr,,,Bengaluru,560001,"(77.592825,12.970944)",2025-10-25 14:56:48,Asia/Kolkata,s3://saayam-mock/profiles/05f30bc5-9642-b052-5379-f2794cb50625.jpg,MALE,10,7,11,0,2025-11-19 04:30:09,COGNITO,1961-04-03,False
48a84587-62c9-f4fc-f686-cfa7e94ded1e,4,1,1,Emerson Marie Fields,Emerson,Marie,Fields,emerson.fields7450@example.org,+1-202-555-0114,2116 Hill Way,,,Lake Dallasburg,75288,"(-96.792289,32.780454)",2024-04-18 02:41:55,America/Chicago,s3://saayam-mock/profiles/48a84587-62c9-f4fc-f686-cfa7e94ded1e.jpg,PREFER_NOT_TO_SAY,6,,,5,2024-05-24 11:43:38,FACEBOOK,1987-04-17,False
46834cc5-757e-2b43-af51-6850b77e5f7a,4,1,1,Alex Locke,Alex,,Locke,alex.locke1049@example.org,+1-202-555-0136,7477 Elm Ln,,,East Houstonford,77067,"(-95.373388,29.765325)",2025-05-27 10:17:30,America/Chicago,s3://saayam-mock/profiles/46834cc5-757e-2b43-af51-6850b77e5f7a.jpg,PREFER_NOT_TO_SAY,6,10,8,3,2025-04-04 02:02:59,COGNITO,1975-12-02,False
286e3f0a-dedb-aec4-e2b2-de4b3d5cab0e,6,2,1,Logan Reed,Logan,,Reed,logan.reed8086@example.org,+1-416-555-0157,2701 Pine Rd,Apt 260,,Toronto,M5H 2N2,"(-79.383174,43.654877)",2025-03-01 04:48:07,America/Toronto,,PREFER_NOT_TO_SAY,2,,,3,2025-04-11 01:33:17,GOOGLE,1975-01-01,False
eac97d37-b587-8d33-1d5b-d8b04027b283,3,1,1,Noel Blake Pike,Noel,Blake,Pike,noel.pike7559@example.org,+1-202-555-0120,2795 Union St,Apt 311,,Albany,12207,"(-73.753500,42.650442)",2024-04-16 15:10:29,America/New_York,s3://saayam-mock/profiles/eac97d37-b587-8d33-1d5b-d8b04027b283.jpg,FEMALE,12,,,5,2024-06-15 12:18:59,GOOGLE,1978-06-06,False
e4872e77-08d1-6094-b6e3-b91b3777d823,14,5,1,Sage Blake Brooks,Sage,Blake,Brooks,sage.brooks8567@example.org,,6139 Church Rd,Apt 103,,Mount Newcastlewood,2341,"(151.779653,-32.923409)",2024-06-07 21:44:40,Australia/Sydney,,FEMALE,1,10,,1,2024-08-06 01:36:12,GOOGLE,1996-03-02,False
d0ccc1a5-1b91-2adc-8333-34f66a6a0149,7,2,1,Noel Drew Marsh,Noel,Drew,Marsh,noel.marsh3394@example.org,+1-416-555-0151,5182 Main Way,,,Vancouver,V6B 1A1,"(-123.123065,49.281640)",2025-07-17 19:19:24,America/Vancouver,,NON_BINARY,4,,,0,2025-07-17 03:53:26,APPLE,1956-12-18,False
d9b81389-ec16-ddb7-fd93-754aca90001c,12,4,1,Reese Marie Vale,Reese,Marie,Vale,reese.vale9829@example.org,,7900 Oak Dr,,,Bengaluru,560001,"(77.592652,12.973170)",2025-02-11 20:08:56,Asia/Kolkata,,MALE,12,3,6,4,2025-02-13 03:44:38,COGNITO,1989-02-10,False
c1dadb7d-6db2-094b-bce7-e2983c847821,5,1,1,Riley Lane,Riley,,Lane,riley.lane6137@example.org,+1-202-555-0194,5386 Maple Ln,,,Lake Seattledale,98193,"(-122.335203,47.607976)",2025-08-30 19:45:59,America/Los_Angeles,,NON_BINARY,4,11,,0,2025-06-24 17:33:30,GOOGLE,1963-09-02,False
fd063a58-aa3d-d585-eaec-f4e0e81909ce,5,1,1,Emerson Lane Glade,Emerson,Lane,Glade,emerson.glade8544@example.org,+1-202-555-0106,2319 Cedar Blvd,Apt 47,,Lake Seattledale,98193,"(-122.330211,47.602856)",2025-02-03 20:44:12,America/Los_Angeles,s3://saayam-mock/profiles/fd063a58-aa3d-d585-eaec-f4e0e81909ce.jpg,PREFER_NOT_TO_SAY,2,,,2,2024-12-17 13:40:55,APPLE,1961-10-08,False
72c1e68e-9390-6193-490c-e3154d980202,13,4,1,Rowan Marie Orme,Rowan,Marie,Orme,rowan.orme1311@example.org,,325 Highland Way,,,Lake Newburg,110642,"(77.210938,28.611070)",2025-04-11 07:02:44,Asia/Kolkata,s3://saayam-mock/profiles/72c1e68e-9390-6193-490c-e3154d980202.jpg,MALE,8,7,,2,2025-02-21 11:43:39,FACEBOOK,1974-09-20,False
22fbe906-554e-d52c-126a-a3157b189d5d,15,5,1,Jules Lee Wells,Jules,Lee,Wells,jules.wells3107@example.org,,6114 Washington Ct,,,New Melbourneburg,3084,"(144.959960,-37.815061)",2024-03-20 12:22:28,Australia/Melbourne,s3://saayam-mock/profiles/22fbe906-554e-d52c-126a-a3157b189d5d.jpg,FEMALE,12,6,8,3,2024-05-04 04:05:44,APPLE,1966-12-12,False
a28e0841-7d16-5228-b589-717e8275b18a,14,5,1,Shiloh Glade,Shiloh,,Glade,shiloh.glade6948@example.org,,9920 Lake Blvd,Apt 131,,Port Newcastlefield,2362,"(151.777120,-32.927363)",2024-11-23 14:23:12,Australia/Sydney,s3://saayam-mock/profiles/a28e0841-7d16-5228-b589-717e8275b18a.jpg,FEMALE,11,12,,5,2024-12-10 04:55:47,COGNITO,1983-04-14,False
40bc2b56-6d47-72f8-d46a-77af2a736a67,14,5,1,Micah Drew Glade,Micah,Drew,Glade,micah.glade9603@example.org,,3433 Church Way,Apt 358,,Port Newcastlefield,2362,"(151.781610,-32.929291)",2024-12-03 23:26:54,Australia/Sydney,s3://saayam-mock/profiles/40bc2b56-6d47-72f8-d46a-77af2a736a67.jpg,PREFER_NOT_TO_SAY,2,12,10,4,2025-01-05 04:45:34,APPLE,1960-03-12,False
32b1792b-2263-960a-b43c-6fef2fb7e9bd,10,3,1,Dakota Drew Frost,Dakota,Drew,Frost,dakota.frost7384@example.org,,7221 River Ave,Apt 326,,South Glasgowburg,G1 3GA,"(-4.256458,55.867483)",2025-09-09 17:35:19,Europe/London,s3://saayam-mock/profiles/32b1792b-2263-960a-b43c-6fef2fb7e9bd.jpg,NON_BINARY,12,,,0,2025-10-16 22:41:43,COGNITO,1950-01-09,False
aa528f85-01d9-9b33-f488-e328c075e119,12,4,1,Taylor Reed,Taylor,,Reed,taylor.reed8558@example.org,,5621 Elm Rd,,,East Mysuruford,570546,"(76.645748,12.300621)",2024-02-26 16:41:55,Asia/Kolkata,,FEMALE,8,12,,0,2024-03-07 20:04:19,GOOGLE,1951-10-04,False
f378cb94-478b-2f00-87d7-5309de772156,15,5,1,Finley Ray Locke,Finley,Ray,Locke,finley.locke7786@example.org,,5902 Union St,Apt 377,,Melbourne,3000,"(144.965845,-37.811724)",2025-08-07 06:20:43,Australia/Melbourne,s3://saayam-mock/profiles/f378cb94-478b-2f00-87d7-5309de772156.jpg,FEMALE,11,,,2,2025-08-05 14:25:06,COGNITO,1996-07-10,False
24a63a6c-b641-d449-31f0-90219b6fbe20,11,4,1,Taylor Pike,Taylor,,Pike,taylor.pike1427@example.org,,3468 Maple Ave,,,Mumbai,400001,"(72.880430,19.075893)",2025-02-04 06:46:54,Asia/Kolkata,,PREFER_NOT_TO_SAY,3,8,,2,2024-12-04 05:52:37,APPLE,1992-02-22,False
a23036d2-88d7-d47c-ec38-704b22c0eee9,15,5,1,Kendall Dune,Kendall,,Dune,kendall.dune3667@example.org,,3663 Pine Ave,Apt 149,,Mount Geelongbridge,3295,"(144.361879,-38.147881)",2025-08-24 14:52:18,Australia/Melbourne,,FEMALE,7,12,,4,2025-09-29 08:59:01,APPLE,1986-12-01,False
891d47fe-970e-287a-0fd7-b0f24f908490,4,1,1,Devon Jo Crane,Devon,Jo,Crane,devon.crane5981@example.org,+1-202-555-0118,4864 Union Rd,,,Dallas,75201,"(-96.799945,32.778814)",2024-05-28 21:00:47,America/Chicago,,FEMALE,4,2,7,4,2024-06-19 11:15:22,COGNITO,1967-12-19,False
37387270-d424-d9f3-a18e-44407a70bcf8,10,3,1,Logan Jo Brooks,Logan,Jo,Brooks,logan.brooks5459@example.org,,2609 Main Way,,,West Edinburghford,EH1 7SY,"(-3.183474,55.955777)",2024-08-05 19:02:19,Europe/London,s3://saayam-mock/profiles/37387270-d424-d9f3-a18e-44407a70bcf8.jpg,NON_BINARY,4,1,3,2,2024-09-03 13:58:48,APPLE,1956-03-11,False
dda8b391-9494-065d-ca91-28fbc0948932,17,6,1,Morgan Marie Nash,Morgan,Marie,Nash,morgan.nash2682@example.org,,150 Elm Ave,,,East Munichfield,80360,"(11.582153,48.136011)",2025-12-01 17:53:11,Europe/Berlin,,MALE,5,3,,0,2025-08-27 00:58:55,COGNITO,1957-09-21,True
f84006f2-6f0e-ebef-97e8-905756a701ab,3,1,1,Ellis Lee Meadows,Ellis,Lee,Meadows,ellis.meadows1947@example.org,+1-202-555-0199,7597 Union Way,,,South Albanybridge,12243,"(-73.751859,42.658056)",2024-10-30 08:31:26,America/New_York,s3://saayam-mock/profiles/f84006f2-6f0e-ebef-97e8-905756a701ab.jpg,FEMALE,10,3,7,3,2024-11-25 19:29:51,GOOGLE,1951-10-19,False
4612d424-7ac0-67a6-9297-eaacfcc2ed18,14,5,1,Jamie Lane Quill,Jamie,Lane,Quill,jamie.quill6291@example.org,,324 Washington Ct,,,Port Newcastlefield,2362,"(151.777547,-32.930976)",2025-07-24 23:30:19,Australia/Sydney,,FEMALE,10,3,,1,2025-08-03 08:56:22,GOOGLE,1950-09-15,False
0a054950-1f7f-e5b0-5075-b55accee6b1c,3,1,1,Sage Hart,Sage,,Hart,sage.hart9216@example.org,+1-202-555-0131,4926 Main Ln,,,Buffalo,14202,"(-78.880370,42.889263)",2024-10-07 04:36:51,America/New_York,s3://saayam-mock/profiles/0a054950-1f7f-e5b0-5075-b55accee6b1c.jpg,NON_BINARY,5,6,9,4,2024-11-27 02:18:51,COGNITO,1992-01-08,False
4cb9be7b-2444-4f64-3025-985609676569,18,6,1,Sage Reed,Sage,,Reed,sage.reed9696@example.org,,7473 Oak Ln,,,New Hamburgville,20062,"(9.991589,53.555360)",2025-03-31 21:42:59,Europe/Berlin,s3://saayam-mock/profiles/4cb9be7b-2444-4f64-3025-985609676569.jpg,NON_BINARY,7,2,9,5,2025-04-02 13:21:31,FACEBOOK,1986-11-21,True
29feba14-9add-a7c8-82ec-e8aad20cd375,9,3,1,Skyler Ray Kerr,Skyler,Ray,Kerr,skyler.kerr6209@example.org,,1458 Elm Dr,Apt 399,,London,SW1A 1AA,"(-0.130140,51.507690)",2024-05-18 11:32:04,Europe/London,s3://saayam-mock/profiles/29feba14-9add-a7c8-82ec-e8aad20cd375.jpg,MALE,2,9,,3,2024-02-10 07:26:37,FACEBOOK,1987-08-04,False
9278f380-b351-0ddc-5951-86208769ee24,18,6,1,Logan Drew Wren,Logan,Drew,Wren,logan.wren9953@example.org,,9705 Maple Ln,,,Mount Hamburgdale,20013,"(9.993748,53.551250)",2024-07-11 14:52:28,Europe/Berlin,s3://saayam-mock/profiles/9278f380-b351-0ddc-5951-86208769ee24.jpg,NON_BINARY,3,6,,0,2024-08-07 09:50:43,GOOGLE,1993-10-14,True
705faecd-2edf-f02e-7531-8081b4effa29,7,2,1,Indie Drew Ashby,Indie,Drew,Ashby,indie.ashby4520@example.org,+1-416-555-0152,5124 Union Ave,Apt 325,,Fort Vancouverville,V6B 5J4,"(-123.118838,49.277945)",2025-06-16 08:51:06,America/Vancouver,s3://saayam-mock/profiles/705faecd-2edf-f02e-7531-8081b4effa29.jpg,FEMALE,5,,,5,2025-04-20 19:45:27,COGNITO,1977-11-17,False
7acabb76-22ec-f870-bb15-894aeeb47b07,10,3,1,Avery Jo Rivers,Avery,Jo,Rivers,avery.rivers3116@example.org,,7351 Maple Rd,Apt 90,,West Edinburghford,EH1 7SY,"(-3.182650,55.955380)",2024-04-25 12:00:06,Europe/London,,PREFER_NOT_TO_SAY,12,6,4,3,2024-02-26 12:50:51,FACEBOOK,1993-04-27,False
db992f51-c433-b3bd-d9cc-86568a03be43,3,1,1,Logan Marie Orme,Logan,Marie,Orme,logan.orme4810@example.org,+1-202-555-0159,8000 Main Dr,,,New York,10001,"(-74.003462,40.715375)",2024-11-10 00:22:53,America/New_York,s3://saayam-mock/profiles/db992f51-c433-b3bd-d9cc-86568a03be43.jpg,MALE,10,7,4,3,2024-11-12 15:07:14,APPLE,1962-02-17,False
6924e248-2759-9511-e604-bfbe83aa622f,3,1,1,Kendall Wells,Kendall,,Wells,kendall.wells4099@example.org,+1-202-555-0113,7186 River Ct,Apt 83,,New York,10001,"(-74.003647,40.713019)",2024-11-23 13:25:45,America/New_York,,MALE,6,7,,0,2024-09-13 09:27:31,APPLE,1976-12-11,False
aa8c662d-290a-3d67-0817-5dd0e6a7caf7,4,1,1,Jules Marie Frost,Jules,Marie,Frost,jules.frost6900@example.org,+1-202-555-0164,6371 Maple Ave,,,East Houstonford,77067,"(-95.371642,29.766550)",2025-06-01 06:54:23,America/Chicago,s3://saayam-mock/profiles/aa8c662d-290a-3d67-0817-5dd0e6a7caf7.jpg,MALE,12,3,6,0,2025-08-10 12:59:29,COGNITO,1977-08-10,False
c2ca55ed-1526-3fef-7c65-dbfb483fca72,9,3,1,Finley Lane Wells,Finley,Lane,Wells,finley.wells8377@example.org,,7765 Sunset Ave,,,Manchester,M1 1AE,"(-2.239634,53.479284)",2024-09-26 21:30:43,Europe/London,s3://saayam-mock/profiles/c2ca55ed-1526-3fef-7c65-dbfb483fca72.jpg,MALE,5,,,1,2024-07-25 20:42:51,FACEBOOK,1962-03-14,False
17478b5c-331b-d602-9dd0-ce040485742a,18,6,1,Morgan Jo Ives,Morgan,Jo,Ives,morgan.ives8602@example.org,,847 Pine Ave,,,Mount Hamburgdale,20013,"(9.991467,53.547551)",2025-03-10 19:25:40,Europe/Berlin,s3://saayam-mock/profiles/17478b5c-331b-d602-9dd0-ce040485742a.jpg,FEMALE,6,,,1,2024-11-15 07:43:56,FACEBOOK,1963-05-16,True
19cb84c8-9b45-03bc-e892-464d47b885fa,9,3,1,Dakota Marie Pike,Dakota,Marie,Pike,dakota.pike5957@example.org,,5921 Sunset Dr,,,Birmingham,B1 1BB,"(-1.888777,52.483982)",2025-01-04 12:31:11,Europe/London,,MALE,1,11,9,5,2025-03-14 13:14:08,GOOGLE,1962-12-15,False
f11afc00-132b-4f36-1940-4d24eced9c30,11,4,1,Parker Marie Orme,Parker,Marie,Orme,parker.orme3310@example.org,,7348 River Ave,Apt 224,,Fort Puneton,411710,"(73.853522,18.518054)",2025-08-24 01:08:34,Asia/Kolkata,,MALE,4,,,4,2025-08-06 06:17:20,COGNITO,1986-01-26,False
bd9f82d7-30b0-5a0b-b19d-1860f8f40e49,17,6,1,Ellis Blake Fields,Ellis,Blake,Fields,ellis.fields2712@example.org,,3569 Park St,,,North Nurembergburg,90458,"(11.073156,49.448085)",2025-06-24 00:57:51,Europe/Berlin,s3://saayam-mock/profiles/bd9f82d7-30b0-5a0b-b19d-1860f8f40e49.jpg,MALE,7,10,,2,2025-06-23 09:59:42,GOOGLE,1964-01-18,True
a3bdd4d6-0a01-d8b6-4ab6-3e0f3cfbc642,3,1,1,Kai Wren,Kai,,Wren,kai.wren845@example.org,+1-202-555-0141,1364 Sunset Ln,Apt 370,,Fort Buffalohaven,14201,"(-78.875707,42.891742)",2025-01-04 10:52:27,America/New_York,,FEMALE,11,,,2,2024-10-10 14:51:18,FACEBOOK,1951-09-22,False
f0636972-c737-327a-de34-106afa902bfb,16,6,1,Jamie Jo Vance,Jamie,Jo,Vance,jamie.vance9902@example.org,,7309 Cedar Way,Apt 189,,East Berlinville,10110,"(13.408104,52.523601)",2025-09-17 18:23:39,Europe/Berlin,s3://saayam-mock/profiles/f0636972-c737-327a-de34-106afa902bfb.jpg,MALE,6,,,1,2025-09-29 07:38:39,FACEBOOK,1951-05-06,True
64ea1dd3-d147-a0bf-2d7f-fe23e29ff19c,14,5,1,Rowan Wells,Rowan,,Wells,rowan.wells1181@example.org,,1634 Washington Way,Apt 11,,South Sydneyhaven,2059,"(151.204563,-33.863481)",2025-03-14 13:29:00,Australia/Sydney,s3://saayam-mock/profiles/64ea1dd3-d147-a0bf-2d7f-fe23e29ff19c.jpg,FEMALE,7,2,9,2,2025-03-31 13:07:58,COGNITO,2000-02-18,False
da4bdf2d-56a0-b8b4-d179-2ee0bc731d47,15,5,1,Riley Lee Lane,Riley,Lee,Lane,riley.lane7872@example.org,,8907 Oak St,Apt 23,,Geelong,3220,"(144.359627,-38.152565)",2025-09-06 03:25:06,Australia/Melbourne,,MALE,6,8,,0,2025-11-24 06:53:24,APPLE,1974-03-12,False
ebf3ef99-39d3-8f2b-496e-c0c9a7c5f960,14,5,1,Devon Pike,Devon,,Pike,devon.pike2779@example.org,,9905 Maple Blvd,,,South Sydneyhaven,2059,"(151.205741,-33.865821)",2024-07-07 21:49:45,Australia/Sydney,s3://saayam-mock/profiles/ebf3ef99-39d3-8f2b-496e-c0c9a7c5f960.jpg,NON_BINARY,2,10,,4,2024-08-05 01:29:14,COGNITO,1967-08-22,False
cf8b4eb2-43f1-5176-eed1-58095e7e2813,15,5,1,Casey Wells,Casey,,Wells,casey.wells2402@example.org,,1482 Elm Blvd,,,New Melbourneburg,3084,"(144.961000,-37.811798)",2025-01-07 23:55:55,Australia/Melbourne,s3://saayam-mock/profiles/cf8b4eb2-43f1-5176-eed1-58095e7e2813.jpg,PREFER_NOT_TO_SAY,8,2,11,4,2025-03-05 09:45:36,GOOGLE,1974-07-18,False
7e1b2034-88a5-316f-89eb-56c17f421889,11,4,1,Emerson Jo Hart,Emerson,Jo,Hart,emerson.hart9519@example.org,,9149 Lake Blvd,Apt 57,,Mount Puneton,411343,"(73.852456,18.519552)",2025-04-21 13:31:43,Asia/Kolkata,,MALE,12,4,2,2,2025-05-05 06:30:43,APPLE,1965-04-27,False
2346f26d-bf3b-1681-0e4d-364e397e8bfb,3,1,1,Skyler Jo Stone,Skyler,Jo,Stone,skyler.stone6959@example.org,+1-202-555-0118,5985 Maple Ave,Apt 126,,New York,10001,"(-74.003975,40.715023)",2025-03-28 23:53:54,America/New_York,s3://saayam-mock/profiles/2346f26d-bf3b-1681-0e4d-364e397e8bfb.jpg,MALE,10,2,8,5,2025-03-24 09:03:36,APPLE,1996-06-15,False
0361b157-b1fb-b587-a514-b3fcc809a0b4,6,2,1,Avery Brooks,Avery,,Brooks,avery.brooks527@example.org,+1-416-555-0173,8223 Pine Rd,,,Ottawa,K1P 1J1,"(-75.694511,45.421226)",2024-07-31 03:43:24,America/Toronto,,MALE,7,11,,5,2024-07-24 13:49:03,GOOGLE,1975-03-27,False
9ae6befe-8f2d-e908-f9da-4f55bef99394,18,6,1,Casey Blake Orme,Casey,Blake,Orme,casey.orme5132@example.org,,9883 Highland Dr,Apt 15,,Lake Hamburgdale,20029,"(9.987127,53.549787)",2025-03-11 14:16:07,Europe/Berlin,s3://saayam-mock/profiles/9ae6befe-8f2d-e908-f9da-4f55bef99394.jpg,FEMALE,11,7,,2,2025-03-15 14:22:43,COGNITO,1965-05-03,True
0b7ce5c6-9096-8629-91f3-90f4fa069889,12,4,1,Jules Brooks,Jules,,Brooks,jules.brooks5155@example.org,,1596 Elm Way,,,Bengaluru,560001,"(77.592769,12.973111)",2024-06-08 22:01:59,Asia/Kolkata,,PREFER_NOT_TO_SAY,7,9,,4,2024-07-25 19:18:32,GOOGLE,1993-08-03,False
f3ebe658-17e1-e8f6-a03e-7003e29cb897,15,5,1,Emerson Lee Wells,Emerson,Lee,Wells,emerson.wells2639@example.org,,7060 Main Way,Apt 123,,New Melbourneburg,3084,"(144.962245,-37.815522)",2025-08-15 20:50:47,Australia/Melbourne,s3://saayam-mock/profiles/f3ebe658-17e1-e8f6-a03e-7003e29cb897.jpg,PREFER_NOT_TO_SAY,9,6,8,0,2025-09-09 01:56:27,FACEBOOK,1985-02-16,False
2b729d66-504f-de7c-746e-49a81817dac5,6,2,1,Reese Wren,Reese,,Wren,reese.wren9446@example.org,+1-416-555-0132,7243 River Blvd,,,East Ottawaburg,K1P 9X0,"(-75.690881,45.418015)",2025-03-10 21:28:58,America/Toronto,s3://saayam-mock/profiles/2b729d66-504f-de7c-746e-49a81817dac5.jpg,PREFER_NOT_TO_SAY,12,,,4,2025-05-05 17:13:32,FACEBOOK,1982-10-11,False
69c718ee-aea4-b7d6-155f-a2f45fa9b21a,10,3,1,Hayden Marie Meadows,Hayden,Marie,Meadows,hayden.meadows935@example.org,,6542 Union Ave,,,Lake Edinburghford,EH1 0ES,"(-3.189706,55.951041)",2024-11-07 04:57:57,Europe/London,s3://saayam-mock/profiles/69c718ee-aea4-b7d6-155f-a2f45fa9b21a.jpg,PREFER_NOT_TO_SAY,3,,,0,2024-09-18 13:38:41,APPLE,1999-07-07,False
513994a1-1081-34dc-5427-092566ca0baf,7,2,1,Kendall Lee Orme,Kendall,Lee,Orme,kendall.orme1874@example.org,+1-416-555-0176,6231 Main Dr,,,South Victoriaburg,V8W 8M9,"(-123.371150,48.425376)",2024-11-09 00:16:29,America/Vancouver,s3://saayam-mock/profiles/513994a1-1081-34dc-5427-092566ca0baf.jpg,PREFER_NOT_TO_SAY,8,,,2,2024-11-14 19:13:39,GOOGLE,1954-05-13,False
b6532dba-dfaf-c6cf-4c5f-ccfb14eae37c,9,3,1,Frankie Drew Reed,Frankie,Drew,Reed,frankie.reed4251@example.org,,7791 Hill Blvd,,,North Manchesterwood,M1 8JP,"(-2.240357,53.474913)",2024-11-01 08:42:21,Europe/London,,MALE,6,5,,0,2024-10-08 07:43:36,GOOGLE,1970-11-27,False
d34298be-be2a-85c6-bbfe-cb11f06046a1,15,5,1,Noel Wells,Noel,,Wells,noel.wells7515@example.org,,2060 River Ct,,,Port Melbourneton,3088,"(144.967047,-37.811047)",2024-06-13 02:09:07,Australia/Melbourne,,PREFER_NOT_TO_SAY,11,,,5,2024-08-09 06:33:44,GOOGLE,1972-04-07,False
f481b9cb-93ab-8d5e-adfc-1dc4f8c43f7a,1,1,1,Shiloh Ray Stone,Shiloh,Ray,Stone,shiloh.stone4948@example.org,+1-202-555-0152,5763 Elm Way,,,Norfolk,23510,"(-76.285905,36.853794)",2024-12-23 05:52:06,America/New_York,s3://saayam-mock/profiles/f481b9cb-93ab-8d5e-adfc-1dc4f8c43f7a.jpg,NON_BINARY,12,,,1,2025-01-20 21:03:29,APPLE,1974-05-28,False
6fff95cc-ae26-f348-b044-db1ba8dbe9a1,13,4,1,Logan Lane Vale,Logan,Lane,Vale,logan.vale1436@example.org,,7277 Hill St,Apt 342,,Lake Newburg,110642,"(77.212406,28.610403)",2024-06-08 17:55:50,Asia/Kolkata,s3://saayam-mock/profiles/6fff95cc-ae26-f348-b044-db1ba8dbe9a1.jpg,PREFER_NOT_TO_SAY,7,2,8,0,2024-05-12 02:48:23,APPLE,1976-11-23,False
01f268f5-6553-b5aa-bdbc-34f8c8ddd9bb,8,2,1,Emerson Drew Ashby,Emerson,Drew,Ashby,emerson.ashby4385@example.org,+1-416-555-0101,431 Maple Dr,,,Montreal,H2Y 1C6,"(-73.570375,45.504354)",2024-12-13 05:15:07,America/Toronto,,PREFER_NOT_TO_SAY,11,4,,1,2024-12-08 07:06:36,APPLE,2003-01-26,False
20fda784-6dd9-a879-93ee-36eeee93a4d0,13,4,1,Devon Holt,Devon,,Holt,devon.holt5213@example.org,,4264 Union Blvd,Apt 166,,Lake Newburg,110642,"(77.212713,28.609686)",2025-06-24 14:54:14,Asia/Kolkata,,MALE,12,,,0,2025-09-01 13:02:12,COGNITO,1986-07-01,False
fbc1085b-216b-9833-bbf2-82a9be09f835,9,3,1,River Thorn,River,,Thorn,river.thorn3634@example.org,,848 Pine Ave,,,South Manchesterdale,M1 1MW,"(-2.239286,53.483748)",2025-01-21 10:29:59,Europe/London,s3://saayam-mock/profiles/fbc1085b-216b-9833-bbf2-82a9be09f835.jpg,FEMALE,12,,,0,2024-11-19 00:51:50,GOOGLE,1955-02-16,False
d69bdeb1-e9a7-f5e0-5c84-88dbd83940c9,4,1,1,Ellis Pike,Ellis,,Pike,ellis.pike360@example.org,+1-202-555-0181,7388 Highland Blvd,Apt 93,,Lake Dallasburg,75288,"(-96.793323,32.780241)",2025-06-22 17:14:16,America/Chicago,,FEMALE,4,,,0,2025-04-11 23:02:19,COGNITO,1960-09-24,False
315e4e80-1f20-c257-ed34-8e324126fa8f,12,4,1,Jordan Drew Stone,Jordan,Drew,Stone,jordan.stone8487@example.org,,2074 Pine Ln,Apt 247,,Port Mysuruwood,570431,"(76.641089,12.291414)",2025-06-20 00:59:30,Asia/Kolkata,,PREFER_NOT_TO_SAY,2,4,,5,2025-09-20 04:41:27,APPLE,1962-05-06,False
e327119f-d895-ccea-afe2-ff5c32a807cc,15,5,1,Kai Jo Vale,Kai,Jo,Vale,kai.vale9563@example.org,,1763 Park Way,Apt 220,,New Melbourneburg,3084,"(144.960075,-37.813074)",2024-12-31 02:47:53,Australia/Melbourne,,PREFER_NOT_TO_SAY,8,7,12,1,2025-03-08 16:22:29,APPLE,1968-10-27,False
f713c245-f34b-fa59-a525-23e3e09397d5,11,4,1,River Jo Stone,River,Jo,Stone,river.stone1879@example.org,,2377 Highland Dr,Apt 63,,Pune,411001,"(73.855172,18.518691)",2024-09-29 20:13:11,Asia/Kolkata,s3://saayam-mock/profiles/f713c245-f34b-fa59-a525-23e3e09397d5.jpg,NON_BINARY,6,,,1,2024-09-12 21:52:08,GOOGLE,1983-04-04,False
9b9f9efe-b75d-2f0c-472e-2f3b8f9afd51,17,6,1,Casey Lane Ives,Casey,Lane,Ives,casey.ives7131@example.org,,2034 Lake Blvd,Apt 308,,East Munichfield,80360,"(11.583886,48.137127)",2025-01-10 02:48:13,Europe/Berlin,s3://saayam-mock/profiles/9b9f9efe-b75d-2f0c-472e-2f3b8f9afd51.jpg,FEMALE,8,,,3,2024-12-28 00:05:37,COGNITO,1984-09-02,True
11c7beb2-042a-6bd7-a510-04b8565f2ea8,10,3,1,Jamie Jo Blythe,Jamie,Jo,Blythe,jamie.blythe4501@example.org,,1990 Union Dr,Apt 317,,Edinburgh,EH1 1YZ,"(-3.191018,55.952091)",2024-12-18 22:17:05,Europe/London,s3://saayam-mock/profiles/11c7beb2-042a-6bd7-a510-04b8565f2ea8.jpg,NON_BINARY,6,8,10,5,2025-02-21 09:39:15,COGNITO,1962-12-26,False
899d6cd2-e723-2e8a-d0ef-0cd45e6ee398,1,1,1,Morgan Marie Meadows,Morgan,Marie,Meadows,morgan.meadows1816@example.org,+1-202-555-0117,9560 Lake Ave,Apt 65,,Richmond,23219,"(-77.434250,37.539977)",2024-03-09 13:01:10,America/New_York,,PREFER_NOT_TO_SAY,12,10,,5,2024-04-17 15:11:49,GOOGLE,1986-08-22,False
5268c879-47d1-931c-f9f2-09ab7d7771f8,16,6,1,Jules Lee Hart,Jules,Lee,Hart,jules.hart4323@example.org,,3482 Main Rd,,,South Berlinwood,10187,"(13.406940,52.517368)",2024-11-24 22:11:43,Europe/Berlin,s3://saayam-mock/profiles/5268c879-47d1-931c-f9f2-09ab7d7771f8.jpg,NON_BINARY,4,11,12,2,2025-01-29 21:46:31,COGNITO,1958-04-12,True
de2bfe58-73d2-939e-f99d-d6d562b51781,13,4,1,Rowan Jo Marsh,Rowan,Jo,Marsh,rowan.marsh1125@example.org,,1806 Cedar St,Apt 236,,Port Newville,110735,"(77.211249,28.614725)",2024-10-15 13:53:16,Asia/Kolkata,s3://saayam-mock/profiles/de2bfe58-73d2-939e-f99d-d6d562b51781.jpg,NON_BINARY,10,11,,0,2025-02-07 15:16:05,APPLE,1963-03-13,False
556ff3c1-8207-7e01-6e4c-1501808f8cb9,1,1,1,Hayden Marie Flint,Hayden,Marie,Flint,hayden.flint1603@example.org,+1-202-555-0167,9953 Lake Way,,,South Arlingtonton,22244,"(-77.110073,38.876759)",2024-05-13 12:32:00,America/New_York,s3://saayam-mock/profiles/556ff3c1-8207-7e01-6e4c-1501808f8cb9.jpg,FEMALE,4,5,,4,2024-03-26 12:29:20,COGNITO,1967-04-20,False
645416be-6791-346c-b740-3274b3133c8e,8,2,1,Jamie Lee Wren,Jamie,Lee,Wren,jamie.wren8113@example.org,+1-416-555-0112,3033 Hill Ct,Apt 379,,West Montrealville,H2Y 6A2,"(-73.563057,45.505390)",2024-11-23 13:05:23,America/Toronto,s3://saayam-mock/profiles/645416be-6791-346c-b740-3274b3133c8e.jpg,FEMALE,11,5,,1,2024-08-22 01:47:42,GOOGLE,1950-11-16,False
2d71a040-0554-e88b-5584-92ba6d8c5504,5,1,1,Casey Rivers,Casey,,Rivers,casey.rivers9733@example.org,+1-202-555-0129,8607 Hill Blvd,Apt 387,,West Seattleburg,98123,"(-122.338042,47.608477)",2025-01-08 03:56:51,America/Los_Angeles,,PREFER_NOT_TO_SAY,4,8,,3,2025-03-31 12:11:16,APPLE,1966-06-15,False
4d171ebc-5a45-b8ea-d3e7-63d10378bcb7,15,5,1,Parker Drew Orme,Parker,Drew,Orme,parker.orme1848@example.org,,8157 Main Rd,,,Geelong,3220,"(144.363838,-38.148944)",2024-11-28 17:47:33,Australia/Melbourne,s3://saayam-mock/profiles/4d171ebc-5a45-b8ea-d3e7-63d10378bcb7.jpg,PREFER_NOT_TO_SAY,1,3,7,5,2024-10-17 15:30:26,APPLE,1983-03-09,False
e353a243-594d-e8d7-add7-4b0fe90b3651,7,2,1,Ellis Lane Ives,Ellis,Lane,Ives,ellis.ives4527@example.org,+1-416-555-0136,1806 Main Ct,Apt 351,,Victoria,V8W 1P6,"(-123.367862,48.430172)",2025-02-07 19:35:55,America/Vancouver,,MALE,12,6,10,2,2025-01-14 00:07:28,FACEBOOK,1950-08-02,False
97d38ab9-d352-0a91-4873-d25237a2a180,3,1,1,Morgan Blake Blythe,Morgan,Blake,Blythe,morgan.blythe84@example.org,+1-202-555-0164,9188 Maple Ave,Apt 366,,New York,10001,"(-74.007491,40.711901)",2025-06-18 03:10:30,America/New_York,,NON_BINARY,1,,,1,2025-03-21 12:42:15,GOOGLE,2001-11-21,False
f7873461-662c-4f00-6c2d-1b9662e0adf7,2,1,1,Harper Marie Blythe,Harper,Marie,Blythe,harper.blythe2840@example.org,+1-202-555-0153,9082 Cedar Ln,Apt 157,,Port Losfield,90040,"(-118.247279,34.047687)",2025-10-12 19:13:30,America/Los_Angeles,s3://saayam-mock/profiles/f7873461-662c-4f00-6c2d-1b9662e0adf7.jpg,PREFER_NOT_TO_SAY,10,3,,0,2025-08-18 15:12:40,FACEBOOK,1982-11-23,False
6d7bba17-5aac-72b1-77e7-ad815b88fc72,9,3,1,Frankie Jo Nash,Frankie,Jo,Nash,frankie.nash454@example.org,,8392 Elm Blvd,,,Lake Manchesterdale,M1 2JS,"(-2.243952,53.478638)",2025-10-06 18:53:14,Europe/London,,MALE,3,,,3,2025-10-19 10:19:17,APPLE,2003-01-03,False
fc75de3d-d473-f3b5-452a-2da70e00583d,14,5,1,Jamie Ray Vale,Jamie,Ray,Vale,jamie.vale4761@example.org,,3360 Hill Blvd,,,Sydney,2000,"(151.210743,-33.867754)",2025-10-05 04:59:18,Australia/Sydney,,MALE,2,,,2,2025-10-22 10:31:20,COGNITO,2001-08-20,False
113038f5-1d5d-8f65-3361-1134b01200ab,1,1,1,Skyler Lane Frost,Skyler,Lane,Frost,skyler.frost8517@example.org,+1-202-555-0138,6629 Lake Blvd,,,Richmond,23219,"(-77.436337,37.538034)",2024-06-18 01:05:45,America/New_York,,FEMALE,1,9,,3,2024-04-28 12:14:17,GOOGLE,2002-12-22,False
bdddbd36-82f2-a59e-2bb7-f1463d9d542a,15,5,1,Rowan Blake Orme,Rowan,Blake,Orme,rowan.orme4752@example.org,,6831 Union Way,Apt 76,,Melbourne,3000,"(144.961751,-37.814285)",2024-12-21 09:43:01,Australia/Melbourne,s3://saayam-mock/profiles/bdddbd36-82f2-a59e-2bb7-f1463d9d542a.jpg,NON_BINARY,6,11,,0,2025-01-15 03:04:19,APPLE,1952-06-05,False
75566ff1-b91a-ce28-e1e6-8d3577c8c297,6,2,1,Alex Eaves,Alex,,Eaves,alex.eaves8203@example.org,+1-416-555-0183,9227 Elm Ct,,,Toronto,M5H 2N2,"(-79.385823,43.654136)",2025-06-17 00:13:45,America/Toronto,,PREFER_NOT_TO_SAY,9,7,12,0,2025-09-25 11:53:21,APPLE,1988-11-06,False
81c974a0-ed6a-e39f-b560-4484937749f6,16,6,1,Harper Crane,Harper,,Crane,harper.crane9648@example.org,,1741 Lake Ct,,,East Berlinville,10110,"(13.406668,52.524508)",2025-11-24 20:27:54,Europe/Berlin,s3://saayam-mock/profiles/81c974a0-ed6a-e39f-b560-4484937749f6.jpg,MALE,2,1,,5,2025-12-10 09:26:05,COGNITO,1953-10-09,True
bffbbc83-d8c8-0184-0994-3e761d4e2772,2,1,1,Hayden Ray Stone,Hayden,Ray,Stone,hayden.stone2852@example.org,+1-202-555-0162,7169 River Ln,Apt 116,,San Francisco,94103,"(-122.418957,37.773098)",2024-12-15 02:37:01,America/Los_Angeles,,MALE,3,11,,0,2025-02-06 13:25:10,COGNITO,1963-01-26,False
5c0c309c-0157-2a56-e4ae-b85f23fbe8f2,16,6,1,Frankie Lane Fields,Frankie,Lane,Fields,frankie.fields5583@example.org,,5769 Elm Blvd,,,East Berlinville,10110,"(13.407632,52.521356)",2024-09-27 19:42:02,Europe/Berlin,s3://saayam-mock/profiles/5c0c309c-0157-2a56-e4ae-b85f23fbe8f2.jpg,MALE,11,9,8,4,2024-08-16 09:54:29,GOOGLE,1953-10-18,True
d24289ea-3959-7465-05c5-581054b728fa,6,2,1,Harper Jo Eaves,Harper,Jo,Eaves,harper.eaves1114@example.org,+1-416-555-0169,1817 Park Ct,,,East Ottawaburg,K1P 9X0,"(-75.692513,45.418862)",2024-06-15 04:30:50,America/Toronto,s3://saayam-mock/profiles/d24289ea-3959-7465-05c5-581054b728fa.jpg,FEMALE,4,9,10,1,2024-07-07 11:57:20,FACEBOOK,1998-11-02,False
ce3fde9a-12aa-5ab4-7e59-a0d13c5168b0,12,4,1,Taylor Ray Fields,Taylor,Ray,Fields,taylor.fields6820@example.org,,5739 Washington Ct,,,Bengaluru,560001,"(77.592224,12.971580)",2024-07-14 09:32:07,Asia/Kolkata,s3://saayam-mock/profiles/ce3fde9a-12aa-5ab4-7e59-a0d13c5168b0.jpg,MALE,12,1,,4,2024-06-09 15:13:51,COGNITO,1985-08-02,False
b2086418-6092-0068-c403-b430631a9c3c,3,1,1,Gray Jo Lane,Gray,Jo,Lane,gray.lane1894@example.org,+1-202-555-0129,1508 Park St,,,Buffalo,14202,"(-78.879341,42.888908)",2025-06-29 06:33:41,America/New_York,,FEMALE,6,4,,5,2025-04-24 14:01:42,GOOGLE,1978-03-10,False
9a37ef9d-5983-ce94-506a-8dd30b31324f,14,5,1,Finley Marie Lane,Finley,Marie,Lane,finley.lane9931@example.org,,7267 Sunset Ln,,,Sydney,2000,"(151.211930,-33.870565)",2025-03-21 20:57:40,Australia/Sydney,,NON_BINARY,2,12,5,5,2025-04-22 16:48:10,FACEBOOK,1976-12-20,False
341c2d10-1415-0ad9-479f-ea147c781b98,3,1,1,Emerson Marie Reed,Emerson,Marie,Reed,emerson.reed2012@example.org,+1-202-555-0114,349 Lake St,Apt 139,,Albany,12207,"(-73.753333,42.653790)",2025-03-07 18:44:55,America/New_York,s3://saayam-mock/profiles/341c2d10-1415-0ad9-479f-ea147c781b98.jpg,PREFER_NOT_TO_SAY,1,,,3,2025-01-19 21:17:18,COGNITO,1964-04-13,False
88516447-6e5b-9598-a8f0-e3e02f369832,1,1,1,Micah Eaves,Micah,,Eaves,micah.eaves426@example.org,+1-202-555-0193,936 Highland Ave,,,South Arlingtonton,22244,"(-77.106855,38.879428)",2025-03-13 15:10:42,America/New_York,,PREFER_NOT_TO_SAY,4,1,6,3,2025-02-22 17:28:37,FACEBOOK,1960-07-15,False
3cfc7050-ecb6-97a2-fe1b-e3e9bee1dc65,3,1,1,Alex Marie Wren,Alex,Marie,Wren,alex.wren1402@example.org,+1-202-555-0183,9962 Main Ave,,,Buffalo,14202,"(-78.879754,42.885012)",2024-10-24 11:12:32,America/New_York,s3://saayam-mock/profiles/3cfc7050-ecb6-97a2-fe1b-e3e9bee1dc65.jpg,FEMALE,7,1,10,3,2024-09-14 16:20:43,APPLE,1990-09-07,False
f057712b-945e-b87f-0eff-6a6b689ab92d,2,1,1,Kai Lane Crane,Kai,Lane,Crane,kai.crane1050@example.org,+1-202-555-0179,813 Cedar Ave,Apt 336,,San Diego,92101,"(-117.163337,32.716482)",2025-06-23 07:12:17,America/Los_Angeles,s3://saayam-mock/profiles/f057712b-945e-b87f-0eff-6a6b689ab92d.jpg,FEMALE,5,8,,4,2025-06-26 21:20:34,FACEBOOK,1966-01-22,False
5a742a53-d972-c236-db84-7c06d84d6427,11,4,1,Taylor Lane Thorn,Taylor,Lane,Thorn,taylor.thorn5730@example.org,,6816 Oak Way,Apt 145,,Fort Puneton,411710,"(73.851478,18.515008)",2024-06-02 07:22:51,Asia/Kolkata,s3://saayam-mock/profiles/5a742a53-d972-c236-db84-7c06d84d6427.jpg,PREFER_NOT_TO_SAY,9,,,5,2024-06-08 02:51:07,COGNITO,1960-06-02,False
e9707c9e-266a-8b90-ee28-b2f44a76a0ea,12,4,1,Jordan Reed,Jordan,,Reed,jordan.reed5130@example.org,,1286 Oak Rd,,,Lake Bengalurucrest,560658,"(77.589144,12.972740)",2025-08-21 04:25:33,Asia/Kolkata,s3://saayam-mock/profiles/e9707c9e-266a-8b90-ee28-b2f44a76a0ea.jpg,FEMALE,10,6,4,4,2025-09-18 09:28:17,APPLE,1970-05-07,False
e93bda3b-4b06-53e2-9343-2c76d604ae9f,5,1,1,Parker Lee Flint,Parker,Lee,Flint,parker.flint3783@example.org,+1-202-555-0146,7933 Park Rd,,,Lake Seattledale,98193,"(-122.333259,47.604548)",2025-05-11 14:39:59,America/Los_Angeles,,MALE,4,8,7,3,2025-07-07 14:29:15,FACEBOOK,2000-05-11,False
6893a38a-14dd-9314-1e32-e3e150581a4a,9,3,1,Skyler Lane Pike,Skyler,Lane,Pike,skyler.pike3246@example.org,,1655 Maple St,Apt 221,,London,SW1A 1AA,"(-0.129220,51.507727)",2024-07-25 01:08:42,Europe/London,,PREFER_NOT_TO_SAY,7,,,3,2024-08-18 03:25:54,GOOGLE,1995-05-04,False
e5fa855d-d320-8f77-e5bd-bb3e5639117a,7,2,1,Jamie Fields,Jamie,,Fields,jamie.fields5816@example.org,+1-416-555-0119,128 Park Dr,,,South Victoriaburg,V8W 8M9,"(-123.367822,48.428496)",2025-05-23 09:08:39,America/Vancouver,s3://saayam-mock/profiles/e5fa855d-d320-8f77-e5bd-bb3e5639117a.jpg,NON_BINARY,7,5,8,0,2025-05-04 08:11:49,COGNITO,1986-09-17,False
ed944378-d814-abe0-821b-390c946f9f07,9,3,1,Logan Ray Glade,Logan,Ray,Glade,logan.glade5220@example.org,,5691 Pine Blvd,Apt 61,,Manchester,M1 1AE,"(-2.242485,53.481251)",2024-09-02 03:17:48,Europe/London,s3://saayam-mock/profiles/ed944378-d814-abe0-821b-390c946f9f07.jpg,NON_BINARY,12,4,7,4,2024-10-05 17:02:06,FACEBOOK,1959-02-07,False
c13ed0d3-823a-0b12-d6ba-f0f28d5a9549,3,1,1,Jordan Lane Meadows,Jordan,Lane,Meadows,jordan.meadows8845@example.org,+1-202-555-0193,7289 Hill Blvd,Apt 233,,New Albanybridge,12213,"(-73.757904,42.657871)",2025-07-19 13:46:29,America/New_York,,PREFER_NOT_TO_SAY,6,,,3,2025-09-05 23:06:26,GOOGLE,1967-12-22,False
cdbb6c1f-5a8d-785e-f7eb-a7e91dd07ec8,2,1,1,Emerson Crane,Emerson,,Crane,emerson.crane2568@example.org,+1-202-555-0155,1646 Church Dr,,,San Diego,92101,"(-117.159859,32.714589)",2025-08-27 15:20:09,America/Los_Angeles,,MALE,12,9,2,1,2025-08-18 08:12:43,GOOGLE,1966-08-05,False
bbcaa210-2fe6-1a89-d059-b5947c08a960,10,3,1,Logan Marsh,Logan,,Marsh,logan.marsh1454@example.org,,2919 Main Way,Apt 353,,West Edinburghford,EH1 7SY,"(-3.188211,55.954759)",2025-08-01 05:24:28,Europe/London,,PREFER_NOT_TO_SAY,7,,,4,2025-09-05 14:43:32,GOOGLE,1968-11-16,False
6467e0c0-a149-7b65-cbf7-8eb17d7f2fed,12,4,1,River Drew Orme,River,Drew,Orme,river.orme4841@example.org,,7615 Elm Ave,,,East Mysurufield,570465,"(76.636626,12.294377)",2024-07-07 20:57:52,Asia/Kolkata,s3://saayam-mock/profiles/6467e0c0-a149-7b65-cbf7-8eb17d7f2fed.jpg,PREFER_NOT_TO_SAY,7,8,,4,2024-05-31 13:22:57,FACEBOOK,1967-09-07,False
68b49b00-c867-68b2-d9da-5f47e3caa0c4,1,1,1,Noel Marie Crane,Noel,Marie,Crane,noel.crane6738@example.org,+1-202-555-0139,7335 Washington Rd,,,North Arlingtonford,22248,"(-77.102156,38.878576)",2025-04-14 06:17:05,America/New_York,s3://saayam-mock/profiles/68b49b00-c867-68b2-d9da-5f47e3caa0c4.jpg,NON_BINARY,1,5,,1,2025-04-23 16:29:11,COGNITO,2001-07-03,False
e987cfb2-5552-5e11-b469-3821c7ca7ddc,7,2,1,Casey Reed,Casey,,Reed,casey.reed5933@example.org,+1-416-555-0152,3533 Hill Rd,Apt 7,,Fort Vancouverville,V6B 5J4,"(-123.117844,49.282887)",2025-07-05 07:17:25,America/Vancouver,s3://saayam-mock/profiles/e987cfb2-5552-5e11-b469-3821c7ca7ddc.jpg,PREFER_NOT_TO_SAY,7,4,5,0,2025-07-23 00:29:54,GOOGLE,1990-12-08,False
1fa70e6b-bffa-749e-45bf-d2c308a5ad03,17,6,1,Devon Jo Lane,Devon,Jo,Lane,devon.lane4424@example.org,,9637 Highland Way,,,North Nurembergburg,90458,"(11.071615,49.451963)",2024-07-14 20:54:52,Europe/Berlin,s3://saayam-mock/profiles/1fa70e6b-bffa-749e-45bf-d2c308a5ad03.jpg,FEMALE,12,7,1,2,2024-05-02 01:16:38,FACEBOOK,1991-10-16,True
17d2efe7-6df5-fa4a-4a8e-9dd260679824,4,1,1,Frankie Drew Wren,Frankie,Drew,Wren,frankie.wren7920@example.org,+1-202-555-0147,8956 Sunset Ave,Apt 232,,Mount Dallaston,75202,"(-96.804257,32.774161)",2024-10-22 20:23:46,America/Chicago,s3://saayam-mock/profiles/17d2efe7-6df5-fa4a-4a8e-9dd260679824.jpg,PREFER_NOT_TO_SAY,7,,,4,2024-11-02 03:53:53,GOOGLE,2001-11-03,False
352aa2af-2b54-57b7-8f96-2ff2186b6a71,18,6,1,Kendall Lane Thorn,Kendall,Lane,Thorn,kendall.thorn1375@example.org,,6748 Pine Dr,Apt 78,,Mount Hamburgdale,20013,"(9.993474,53.547537)",2024-08-21 16:18:19,Europe/Berlin,,NON_BINARY,9,10,,5,2024-06-20 15:30:24,APPLE,1970-11-08,True
7ba5a5df-b578-6277-761c-7a2b5263f8e0,10,3,1,Riley Kerr,Riley,,Kerr,riley.kerr1270@example.org,,640 Church Way,Apt 254,,East Edinburghbridge,EH1 1TG,"(-3.186237,55.950942)",2025-05-02 06:19:08,Europe/London,,PREFER_NOT_TO_SAY,9,,,3,2025-01-20 22:55:27,FACEBOOK,1996-11-09,False
e3b93a34-9d77-39b2-5287-e5f485c14181,8,2,1,Reese Ashby,Reese,,Ashby,reese.ashby8573@example.org,+1-416-555-0121,8592 Sunset Ct,Apt 6,,Montreal,H2Y 1C6,"(-73.567623,45.504517)",2024-08-20 09:15:27,America/Toronto,,FEMALE,10,5,8,2,2024-10-26 10:58:07,COGNITO,1984-08-11,False
77fc562b-9ffe-3709-0fa4-c293183f36db,12,4,1,Reese Eaves,Reese,,Eaves,reese.eaves9162@example.org,,5010 Elm Way,,,East Mysurufield,570465,"(76.636379,12.295871)",2024-11-10 17:52:04,Asia/Kolkata,s3://saayam-mock/profiles/77fc562b-9ffe-3709-0fa4-c293183f36db.jpg,FEMALE,5,,,5,2024-09-16 04:51:16,COGNITO,1958-09-19,False
548560db-6208-c875-c41c-233da513964e,12,4,1,Kai Lane Orme,Kai,Lane,Orme,kai.orme3430@example.org,,7791 Union St,Apt 166,,Mysuru,570001,"(76.641977,12.296490)",2024-06-27 14:23:05,Asia/Kolkata,s3://saayam-mock/profiles/548560db-6208-c875-c41c-233da513964e.jpg,PREFER_NOT_TO_SAY,2,,,2,2024-07-30 02:38:21,GOOGLE,1985-07-13,False
797763fe-b4cc-7214-62b2-15adc61f98b1,7,2,1,Micah Drew Crane,Micah,Drew,Crane,micah.crane8695@example.org,+1-416-555-0171,7236 Lake Ln,Apt 351,,Fort Vancouverville,V6B 5J4,"(-123.117650,49.281691)",2024-07-15 18:34:35,America/Vancouver,s3://saayam-mock/profiles/797763fe-b4cc-7214-62b2-15adc61f98b1.jpg,NON_BINARY,11,,,3,2024-06-29 02:15:59,APPLE,1963-10-18,False
f07cfca7-ebac-d8e1-ff76-61bbe054dba1,4,1,1,Devon Ray Quill,Devon,Ray,Quill,devon.quill175@example.org,+1-202-555-0132,8238 Church St,Apt 311,,Dallas,75201,"(-96.796483,32.775671)",2024-10-10 08:05:03,America/Chicago,s3://saayam-mock/profiles/f07cfca7-ebac-d8e1-ff76-61bbe054dba1.jpg,NON_BINARY,1,,,2,2024-10-08 01:00:25,COGNITO,2005-12-16,False
7458d92c-a1da-7c7a-9b88-26edff4a9185,10,3,1,Dakota Blake Vale,Dakota,Blake,Vale,dakota.vale626@example.org,,7265 River St,Apt 161,,South Glasgowburg,G1 3GA,"(-4.257057,55.867932)",2025-03-23 18:34:09,Europe/London,,FEMALE,3,12,11,2,2025-05-01 07:34:54,FACEBOOK,1995-03-19,False
842ee348-5dc2-fd9b-f1bd-b57bb8dddfc2,1,1,1,Ellis Jo Brooks,Ellis,Jo,Brooks,ellis.brooks1065@example.org,+1-202-555-0188,8282 Washington Blvd,,,Norfolk,23510,"(-76.286240,36.849453)",2024-11-01 01:29:03,America/New_York,s3://saayam-mock/profiles/842ee348-5dc2-fd9b-f1bd-b57bb8dddfc2.jpg,FEMALE,2,3,,2,2024-09-14 20:03:30,COGNITO,1986-08-03,False
2eb86221-172f-0d9b-eb02-c6611dc35362,15,5,1,Riley Crane,Riley,,Crane,riley.crane9686@example.org,,3131 Sunset Blvd,Apt 159,,Port Geelongford,3215,"(144.358461,-38.154703)",2024-04-21 00:01:17,Australia/Melbourne,s3://saayam-mock/profiles/2eb86221-172f-0d9b-eb02-c6611dc35362.jpg,NON_BINARY,11,,,3,2024-02-18 21:07:56,GOOGLE,1961-05-09,False
17a85108-43b9-3b02-7089-8400b2932bfb,10,3,1,River Lane Flint,River,Lane,Flint,river.flint5716@example.org,,7109 Elm Ln,Apt 107,,South Glasgowburg,G1 3GA,"(-4.255240,55.866156)",2025-08-23 17:47:27,Europe/London,,FEMALE,3,1,10,4,2025-09-26 06:09:53,APPLE,1966-01-04,False
2fb9950b-a190-aa44-a888-7521845c10ea,10,3,1,Quinn Blake Crane,Quinn,Blake,Crane,quinn.crane6100@example.org,,6905 Lake Dr,,,Edinburgh,EH1 1YZ,"(-3.187092,55.954077)",2025-08-13 03:40:59,Europe/London,s3://saayam-mock/profiles/2fb9950b-a190-aa44-a888-7521845c10ea.jpg,PREFER_NOT_TO_SAY,6,,,4,2025-08-23 22:11:28,APPLE,1987-10-23,False
793c04f7-663a-b809-bb1f-db986f5a181a,18,6,1,Finley Marie Flint,Finley,Marie,Flint,finley.flint9846@example.org,,6978 Highland Ln,,,Hamburg,20095,"(9.995279,53.553505)",2024-12-15 06:15:35,Europe/Berlin,,MALE,1,4,,4,2025-03-18 04:52:07,FACEBOOK,2000-01-03,True
2436c8de-c40c-fbde-caf9-19244f2c8cfd,17,6,1,River Blake Holt,River,Blake,Holt,river.holt2709@example.org,,7153 Oak Rd,,,West Munichhaven,80322,"(11.577379,48.134186)",2025-08-02 20:42:39,Europe/Berlin,s3://saayam-mock/profiles/2436c8de-c40c-fbde-caf9-19244f2c8cfd.jpg,FEMALE,3,,,3,2025-06-26 07:07:53,GOOGLE,1980-11-13,True
3e245711-b4cb-1a42-76a6-e2e6d4d32808,16,6,1,Jamie Jo Lane,Jamie,Jo,Lane,jamie.lane5216@example.org,,9609 Main Rd,Apt 312,,Mount Berlindale,10161,"(13.401096,52.517049)",2024-06-16 09:12:41,Europe/Berlin,s3://saayam-mock/profiles/3e245711-b4cb-1a42-76a6-e2e6d4d32808.jpg,FEMALE,11,7,,4,2024-08-01 10:47:24,GOOGLE,1958-08-07,True
6f766a77-4d4b-cdb2-3613-52a00b53d4e6,2,1,1,Parker Jo Quill,Parker,Jo,Quill,parker.quill6975@example.org,+1-202-555-0150,8477 Union Ave,,,Lake Sanhaven,94171,"(-122.415249,37.779325)",2024-07-18 16:05:30,America/Los_Angeles,,PREFER_NOT_TO_SAY,8,1,5,0,2024-06-24 04:28:00,APPLE,1993-08-01,False
ab91e501-f5bd-62cd-a760-90e77c73a166,8,2,1,Gray Blythe,Gray,,Blythe,gray.blythe6963@example.org,+1-416-555-0114,2931 Washington Way,Apt 346,,Lake Quebecburg,G1R 1R0,"(-71.203440,46.812840)",2024-09-22 19:39:52,America/Toronto,s3://saayam-mock/profiles/ab91e501-f5bd-62cd-a760-90e77c73a166.jpg,MALE,8,9,6,4,2025-01-05 04:27:02,APPLE,1977-01-15,False
de2e7abc-1f1d-fed9-0a33-3eef481e67f3,10,3,1,Indie Ray Brooks,Indie,Ray,Brooks,indie.brooks9820@example.org,,7320 Elm Ln,Apt 326,,South Glasgowburg,G1 3GA,"(-4.255951,55.864687)",2025-01-28 05:13:23,Europe/London,s3://saayam-mock/profiles/de2e7abc-1f1d-fed9-0a33-3eef481e67f3.jpg,PREFER_NOT_TO_SAY,5,1,9,1,2025-02-04 20:01:27,GOOGLE,1996-03-21,False
46527e16-e489-149f-6e5c-9ae77e52c22c,7,2,1,Indie Lane Thorn,Indie,Lane,Thorn,indie.thorn8578@example.org,+1-416-555-0148,8399 Sunset Ave,,,Fort Vancouverhaven,V6B 2L1,"(-123.126783,49.289879)",2025-11-09 08:29:29,America/Vancouver,s3://saayam-mock/profiles/46527e16-e489-149f-6e5c-9ae77e52c22c.jpg,NON_BINARY,6,1,,5,2025-10-28 22:58:09,APPLE,1957-04-19,False
9d96bf5e-4d9e-9bb9-feb2-f90442cf4e6d,10,3,1,Finley Flint,Finley,,Flint,finley.flint9394@example.org,,4669 Pine St,Apt 209,,East Edinburghbridge,EH1 1TG,"(-3.189065,55.953974)",2025-08-08 05:31:07,Europe/London,s3://saayam-mock/profiles/9d96bf5e-4d9e-9bb9-feb2-f90442cf4e6d.jpg,PREFER_NOT_TO_SAY,5,3,,4,2025-08-09 12:09:05,GOOGLE,1964-01-23,False
9c83cfae-1050-1d65-3897-3d1553199080,6,2,1,Indie Lane Ives,Indie,Lane,Ives,indie.ives9753@example.org,+1-416-555-0159,8176 Cedar Blvd,,,Ottawa,K1P 1J1,"(-75.698282,45.423436)",2025-01-23 04:07:24,America/Toronto,s3://saayam-mock/profiles/9c83cfae-1050-1d65-3897-3d1553199080.jpg,FEMALE,1,6,11,5,2025-02-03 19:46:35,GOOGLE,1997-09-12,False
50b9ff30-c038-32d0-4ab4-ea294dd516c8,9,3,1,Indie Wells,Indie,,Wells,indie.wells9584@example.org,,6149 Church Blvd,,,North Manchesterwood,M1 8JP,"(-2.236836,53.474520)",2024-10-06 07:29:01,Europe/London,s3://saayam-mock/profiles/50b9ff30-c038-32d0-4ab4-ea294dd516c8.jpg,FEMALE,7,1,,4,2024-07-27 10:17:46,APPLE,1985-07-12,False
e6847984-6b0d-d81d-37be-a260c053f253,12,4,1,Kai Ray Flint,Kai,Ray,Flint,kai.flint1731@example.org,,2911 Washington Ln,,,East Mysurufield,570465,"(76.637643,12.293185)",2025-01-03 16:15:45,Asia/Kolkata,,FEMALE,4,7,,3,2025-02-04 22:01:00,APPLE,1962-11-01,False
9c15b25e-2379-750a-3964-afe69e6ea7d7,13,4,1,Riley Lane Ives,Riley,Lane,Ives,riley.ives375@example.org,,8378 Union Rd,,,Port Newville,110735,"(77.216348,28.612095)",2025-03-01 11:26:40,Asia/Kolkata,,MALE,11,8,2,2,2024-12-15 13:20:07,COGNITO,1963-10-15,False
9a6e868d-af05-1197-3ebb-65f1758daaee,9,3,1,Finley Nash,Finley,,Nash,finley.nash8196@example.org,,530 River Way,,,Port Manchesterwood,M1 6YJ,"(-2.242713,53.484637)",2024-08-12 16:58:11,Europe/London,s3://saayam-mock/profiles/9a6e868d-af05-1197-3ebb-65f1758daaee.jpg,NON_BINARY,4,,,5,2024-07-01 08:39:10,COGNITO,1978-08-27,False
cfc91b52-4aff-a0a0-0f4e-2726b9dd378e,8,2,1,Taylor Ray Holt,Taylor,Ray,Holt,taylor.holt8382@example.org,+1-416-555-0192,2769 Elm Way,Apt 337,,West Montrealville,H2Y 6A2,"(-73.562210,45.508210)",2025-07-21 06:40:37,America/Toronto,s3://saayam-mock/profiles/cfc91b52-4aff-a0a0-0f4e-2726b9dd378e.jpg,FEMALE,3,,,2,2025-06-17 20:54:36,APPLE,1998-04-25,False
b06f0681-4b98-42c5-57aa-5681428f54aa,9,3,1,Parker Blake Vance,Parker,Blake,Vance,parker.vance9310@example.org,,5943 Sunset Ln,,,Port Manchesterwood,M1 6YJ,"(-2.242355,53.479018)",2024-10-29 22:43:07,Europe/London,s3://saayam-mock/profiles/b06f0681-4b98-42c5-57aa-5681428f54aa.jpg,PREFER_NOT_TO_SAY,3,,,5,2024-11-15 08:50:39,GOOGLE,1959-10-10,False
a302db2f-41de-ca4c-625c-ade5dbf11941,5,1,1,Jordan Lee Blythe,Jordan,Lee,Blythe,jordan.blythe2431@example.org,+1-202-555-0182,2554 Park Dr,,,Seattle,98101,"(-122.332238,47.608600)",2025-12-10 00:57:33,America/Los_Angeles,,PREFER_NOT_TO_SAY,9,12,7,1,2025-10-21 21:17:05,COGNITO,1971-04-10,False
473fb005-266c-3392-396c-613534d88c51,12,4,1,Avery Lee Eaves,Avery,Lee,Eaves,avery.eaves8173@example.org,,3319 Elm St,,,Port Mysuruwood,570431,"(76.645986,12.295282)",2025-05-28 20:02:57,Asia/Kolkata,s3://saayam-mock/profiles/473fb005-266c-3392-396c-613534d88c51.jpg,FEMALE,12,,,0,2025-06-12 22:31:55,GOOGLE,1966-12-06,False
db869a02-a69b-4d21-efb3-8c42b0901da2,5,1,1,Emerson Blake Quill,Emerson,Blake,Quill,emerson.quill660@example.org,+1-202-555-0131,9596 Highland Ct,Apt 238,,Lake Seattledale,98193,"(-122.332295,47.602801)",2025-01-20 03:37:55,America/Los_Angeles,,MALE,4,2,3,3,2024-10-14 16:22:35,GOOGLE,1956-09-19,False
4cca3dda-7cbb-2627-9929-c7c73709d7d3,12,4,1,Alex Lane Kerr,Alex,Lane,Kerr,alex.kerr1828@example.org,,2893 Elm Ct,Apt 264,,Bengaluru,560001,"(77.593110,12.971043)",2025-06-20 14:29:32,Asia/Kolkata,s3://saayam-mock/profiles/4cca3dda-7cbb-2627-9929-c7c73709d7d3.jpg,NON_BINARY,10,8,1,2,2025-06-24 22:44:56,APPLE,1957-03-16,False
f96f4a1b-e4b3-b66b-51b7-95ed01ab1df1,10,3,1,Jules Blake Pace,Jules,Blake,Pace,jules.pace2930@example.org,,1782 Highland Rd,Apt 110,,East Edinburghbridge,EH1 1TG,"(-3.188671,55.954067)",2024-04-17 09:32:52,Europe/London,s3://saayam-mock/profiles/f96f4a1b-e4b3-b66b-51b7-95ed01ab1df1.jpg,NON_BINARY,8,,,4,2024-04-04 17:26:28,FACEBOOK,1960-04-25,False
da341653-2bf9-98ad-c92a-eb0c656ffbd8,3,1,1,Reese Ray Orme,Reese,Ray,Orme,reese.orme9753@example.org,+1-202-555-0195,5167 Lake Ln,,,New Newwood,10092,"(-74.011743,40.708219)",2025-06-08 21:18:02,America/New_York,,FEMALE,8,5,,3,2025-04-18 05:08:22,APPLE,1999-05-01,False
356766ec-33c4-3cd1-b44f-8e12d18b621e,14,5,1,Harper Marie Flint,Harper,Marie,Flint,harper.flint388@example.org,,1751 Oak Rd,Apt 83,,Newcastle,2300,"(151.783134,-32.926515)",2025-01-26 22:27:54,Australia/Sydney,,FEMALE,9,12,,5,2025-01-14 21:49:09,APPLE,1965-05-20,False
19f7f775-0f2f-633b-6001-3e38960b9746,1,1,1,Parker Marie Flint,Parker,Marie,Flint,parker.flint7179@example.org,+1-202-555-0173,3277 Hill Ave,Apt 225,,North Arlingtonford,22248,"(-77.100123,38.882506)",2024-12-31 06:18:50,America/New_York,s3://saayam-mock/profiles/19f7f775-0f2f-633b-6001-3e38960b9746.jpg,NON_BINARY,2,6,7,5,2024-10-20 17:19:57,COGNITO,2005-12-23,False
da7a9b4f-f50b-1168-505f-c360bd32ebda,7,2,1,Hayden Lee Quill,Hayden,Lee,Quill,hayden.quill5264@example.org,+1-416-555-0117,1953 River Way,,,New Victoriafield,V8W 4B0,"(-123.363535,48.422877)",2025-06-25 18:22:56,America/Vancouver,s3://saayam-mock/profiles/da7a9b4f-f50b-1168-505f-c360bd32ebda.jpg,NON_BINARY,4,11,,0,2025-07-06 05:31:55,FACEBOOK,2000-09-16,False
a266530e-5570-cefc-9327-1b56485b841f,2,1,1,Casey Lane Hart,Casey,Lane,Hart,casey.hart9148@example.org,+1-202-555-0198,7061 Union Ln,,,Los Angeles,90012,"(-118.243040,34.055158)",2024-08-17 01:20:32,America/Los_Angeles,s3://saayam-mock/profiles/a266530e-5570-cefc-9327-1b56485b841f.jpg,MALE,2,10,8,5,2024-07-08 12:40:24,APPLE,1951-07-19,False
d4066625-9faa-2180-01a0-69a24b37617d,8,2,1,Jordan Snow,Jordan,,Snow,jordan.snow5282@example.org,+1-416-555-0183,3283 Highland Dr,,,Port Montrealburg,H2Y 5X6,"(-73.564684,45.502681)",2025-04-01 20:06:03,America/Toronto,s3://saayam-mock/profiles/d4066625-9faa-2180-01a0-69a24b37617d.jpg,MALE,10,,,0,2025-03-17 06:55:48,COGNITO,1999-03-18,False
53d47caf-11bb-797a-f464-a31f5938949e,6,2,1,Emerson Lee Marsh,Emerson,Lee,Marsh,emerson.marsh4964@example.org,+1-416-555-0115,6146 Main Ct,,,Green Torontocrest,M5H 9Y8,"(-79.390216,43.650863)",2024-07-13 10:20:42,America/Toronto,s3://saayam-mock/profiles/53d47caf-11bb-797a-f464-a31f5938949e.jpg,MALE,6,,,1,2024-09-23 10:55:06,COGNITO,1955-03-17,False
84391819-b97a-08ba-940b-b34de9ccedab,3,1,1,Reese Lee Frost,Reese,Lee,Frost,reese.frost8014@example.org,+1-202-555-0161,4183 Hill Ave,Apt 234,,New York,10001,"(-74.003089,40.714599)",2025-02-19 21:46:20,America/New_York,s3://saayam-mock/profiles/84391819-b97a-08ba-940b-b34de9ccedab.jpg,NON_BINARY,4,,,2,2025-04-19 10:48:20,FACEBOOK,1964-12-03,False
63c279aa-cf67-4365-a4c1-c966a682c0fb,10,3,1,Jordan Marie Crane,Jordan,Marie,Crane,jordan.crane744@example.org,,639 Main Rd,,,Edinburgh,EH1 1YZ,"(-3.188188,55.951141)",2024-07-11 11:38:28,Europe/London,s3://saayam-mock/profiles/63c279aa-cf67-4365-a4c1-c966a682c0fb.jpg,MALE,3,,,1,2024-09-21 08:21:23,GOOGLE,1973-02-26,False
343e623f-7f5f-ca4f-07ac-c717299152e6,6,2,1,Ellis Ray Vance,Ellis,Ray,Vance,ellis.vance5261@example.org,+1-416-555-0197,9806 Sunset Blvd,Apt 81,,East Torontoton,M5H 3R1,"(-79.378967,43.651429)",2024-03-14 16:26:27,America/Toronto,,FEMALE,1,3,,3,2024-03-29 23:15:58,APPLE,1958-10-26,False
79eb1797-4fb9-ef37-002f-4aeea308f1ea,10,3,1,Harper Crane,Harper,,Crane,harper.crane8848@example.org,,3594 Hill Blvd,Apt 74,,Edinburgh,EH1 1YZ,"(-3.188343,55.955287)",2025-01-21 03:49:30,Europe/London,s3://saayam-mock/profiles/79eb1797-4fb9-ef37-002f-4aeea308f1ea.jpg,FEMALE,8,,,1,2025-02-07 12:54:31,FACEBOOK,1971-12-15,False
8453d803-8519-469e-973d-a9cbab196705,12,4,1,Kai Crane,Kai,,Crane,kai.crane6915@example.org,,559 Union Rd,,,Mysuru,570001,"(76.641165,12.298677)",2025-01-21 00:40:07,Asia/Kolkata,,MALE,1,7,12,5,2025-05-11 00:35:05,GOOGLE,1979-10-09,False
beb5ba0f-1e29-64f1-709a-dc958bbec119,6,2,1,Parker Ray Quill,Parker,Ray,Quill,parker.quill4183@example.org,+1-416-555-0108,5988 Washington St,Apt 279,,Toronto,M5H 2N2,"(-79.382192,43.652254)",2025-01-14 15:42:42,America/Toronto,s3://saayam-mock/profiles/beb5ba0f-1e29-64f1-709a-dc958bbec119.jpg,NON_BINARY,11,2,,1,2025-04-06 12:09:03,APPLE,1985-02-28,False
65c65e05-2ebf-af4c-8135-92e7f8c00141,17,6,1,Rowan Snow,Rowan,,Snow,rowan.snow274@example.org,,3776 Sunset Blvd,Apt 192,,North Nurembergburg,90458,"(11.076687,49.450131)",2024-10-18 14:28:02,Europe/Berlin,,MALE,10,3,12,5,2024-08-12 02:26:49,GOOGLE,1967-01-13,True
85915047-e6a5-17d0-63c8-1fb94be730a1,9,3,1,Jules Blake Crane,Jules,Blake,Crane,jules.crane2231@example.org,,6724 Maple Blvd,,,London,SW1A 1AA,"(-0.129547,51.508801)",2025-02-08 16:30:06,Europe/London,s3://saayam-mock/profiles/85915047-e6a5-17d0-63c8-1fb94be730a1.jpg,PREFER_NOT_TO_SAY,9,11,5,3,2025-01-17 15:20:09,FACEBOOK,1954-04-09,False
1f9bd2b4-66c4-ce9b-e483-f4f123f3e5c5,15,5,1,Skyler Lee Locke,Skyler,Lee,Locke,skyler.locke2334@example.org,,7181 Pine Ave,,,Mount Geelongbridge,3295,"(144.359822,-38.151975)",2024-12-06 23:05:36,Australia/Melbourne,,NON_BINARY,9,,,2,2024-10-15 07:54:37,FACEBOOK,1957-11-15,False
e0516aaa-2b1f-eecd-95c1-27e66d0879b4,15,5,1,Kendall Marie Snow,Kendall,Marie,Snow,kendall.snow8567@example.org,,1724 Union Ln,,,Geelong,3220,"(144.363720,-38.147121)",2024-08-08 20:27:10,Australia/Melbourne,s3://saayam-mock/profiles/e0516aaa-2b1f-eecd-95c1-27e66d0879b4.jpg,NON_BINARY,6,4,8,2,2024-04-25 11:53:23,APPLE,1965-10-16,False
aa66a0ed-6f0b-5b2b-9751-4f4938ace486,5,1,1,Jamie Blake Glade,Jamie,Blake,Glade,jamie.glade9939@example.org,+1-202-555-0146,9505 River Way,,,Mount Spokaneburg,99270,"(-117.429792,47.660250)",2025-06-21 18:05:52,America/Los_Angeles,s3://saayam-mock/profiles/aa66a0ed-6f0b-5b2b-9751-4f4938ace486.jpg,PREFER_NOT_TO_SAY,2,10,12,4,2025-10-04 22:26:27,APPLE,1992-01-07,False
a169d799-062e-5424-2e44-d34991225311,7,2,1,Jamie Marie Ives,Jamie,Marie,Ives,jamie.ives465@example.org,+1-416-555-0158,4312 Highland Blvd,,,Victoria,V8W 1P6,"(-123.366940,48.430102)",2025-08-01 11:04:12,America/Vancouver,,NON_BINARY,6,12,4,1,2025-07-30 09:16:57,FACEBOOK,1972-10-18,False
f74575cd-d613-8a1e-ce1e-aeb5bd676ba0,5,1,1,Noel Marie Vale,Noel,Marie,Vale,noel.vale1482@example.org,+1-202-555-0143,7173 Church Dr,Apt 387,,Seattle,98101,"(-122.333512,47.607444)",2025-03-13 05:40:38,America/Los_Angeles,s3://saayam-mock/profiles/f74575cd-d613-8a1e-ce1e-aeb5bd676ba0.jpg,NON_BINARY,3,7,4,4,2025-05-20 16:14:49,GOOGLE,1975-10-23,False
172dc647-17e6-ae99-32d8-bc2913707fcb,15,5,1,Ellis Marie Wells,Ellis,Marie,Wells,ellis.wells5574@example.org,,7251 Union St,,,New Melbourneburg,3084,"(144.961214,-37.811732)",2025-09-23 04:26:39,Australia/Melbourne,s3://saayam-mock/profiles/172dc647-17e6-ae99-32d8-bc2913707fcb.jpg,MALE,2,5,,1,2025-10-20 03:53:49,GOOGLE,1959-01-10,False
db872c8f-0551-7102-f6ef-66e43e61d359,13,4,1,Jules Blake Ives,Jules,Blake,Ives,jules.ives9115@example.org,,4285 Sunset Dr,,,New Delhi,110001,"(77.209485,28.614664)",2025-09-03 10:33:00,Asia/Kolkata,s3://saayam-mock/profiles/db872c8f-0551-7102-f6ef-66e43e61d359.jpg,MALE,9,,,2,2025-11-07 01:28:16,GOOGLE,1956-09-23,False
1ad4ac13-5040-89fa-890d-58e579c9f246,17,6,1,Emerson Ray Snow,Emerson,Ray,Snow,emerson.snow7624@example.org,,9175 Lake St,,,East Munichfield,80360,"(11.583877,48.133802)",2025-01-01 07:57:46,Europe/Berlin,s3://saayam-mock/profiles/1ad4ac13-5040-89fa-890d-58e579c9f246.jpg,NON_BINARY,10,8,,4,2024-11-05 02:54:48,APPLE,1977-12-25,True
65706108-fc78-090e-2223-ab94f157f169,4,1,1,Hayden Marie Blythe,Hayden,Marie,Blythe,hayden.blythe5416@example.org,+1-202-555-0178,868 Sunset Dr,Apt 301,,New Houstonwood,77056,"(-95.365420,29.765872)",2024-09-05 22:56:29,America/Chicago,s3://saayam-mock/profiles/65706108-fc78-090e-2223-ab94f157f169.jpg,MALE,7,3,9,5,2024-09-20 11:30:45,GOOGLE,2003-03-01,False
ba89eda3-7eb6-af51-edc7-8d7ba63f89b5,3,1,1,Parker Vale,Parker,,Vale,parker.vale6612@example.org,+1-202-555-0139,5819 Maple Way,,,New York,10001,"(-74.008169,40.711860)",2025-09-03 16:08:36,America/New_York,s3://saayam-mock/profiles/ba89eda3-7eb6-af51-edc7-8d7ba63f89b5.jpg,FEMALE,7,8,,2,2025-10-07 11:16:40,COGNITO,1988-01-18,False
