user_id,cat_id,skill_level,created_at,last_updated_at
a075e927-5110-b492-f442-7e0b61484bb3,6.3,ADVANCED,2024-09-01 10:44:31,2024-09-01 11:04:55
9ea556aa-61ee-6c5b-deef-580f9c07a751,6.3,INTERMEDIATE,2025-05-15 07:27:41,2025-06-25 02:58:52
fe2110d0-4bbe-4aff-9326-dffd5be4bf51,2.2,EXPERT,2024-01-28 09:53:11,2024-03-13 15:25:20
fe2110d0-4bbe-4aff-9326-dffd5be4bf51,3,ADVANCED,2024-01-10 22:58:42,2024-02-14 02:50:41
fe2110d0-4bbe-4aff-9326-dffd5be4bf51,6.3,INTERMEDIATE,2024-02-08 13:02:05,2024-03-22 18:39:38
21a4344f-bb7b-ee03-5d67-8bb1945ef2e4,9.1,EXPERT,2024-07-31 09:00:13,2024-09-27 19:30:12
bfbf397b-ac3e-7b0d-5e5b-a13d746cdb77,2.3,EXPERT,2024-04-28 17:23:45,2024-06-20 08:36:35
bfbf397b-ac3e-7b0d-5e5b-a13d746cdb77,10.2,BEGINNER,2024-04-22 17:18:28,2024-06-20 09:10:21
bfbf397b-ac3e-7b0d-5e5b-a13d746cdb77,2,EXPERT,2024-05-18 22:20:12,2024-06-29 09:18:45
bfbf397b-ac3e-7b0d-5e5b-a13d746cdb77,6.1,INTERMEDIATE,2024-05-15 23:55:42,2024-06-03 10:04:10
b24cc64f-be3e-6e57-f30a-9e32aba4fc03,8,EXPERT,2024-04-14 15:40:57,2024-04-21 02:16:27
b24cc64f-be3e-6e57-f30a-9e32aba4fc03,7.1,BEGINNER,2024-04-21 16:30:15,2024-05-10 14:14:18
b24cc64f-be3e-6e57-f30a-9e32aba4fc03,7,INTERMEDIATE,2024-04-18 02:59:23,2024-05-26 02:56:59
90882eaf-c977-6598-203c-8c25fd235def,1.3,EXPERT,2024-08-11 01:46:01,2024-09-02 18:49:53
90882eaf-c977-6598-203c-8c25fd235def,10.1,BEGINNER,2024-09-02 08:55:43,2024-09-14 01:19:26
90882eaf-c977-6598-203c-8c25fd235def,1.1,ADVANCED,2024-09-07 22:28:18,2024-11-07 04:25:32
104556e5-bee3-eb79-1d18-1ee986ad8a8c,4,EXPERT,2025-06-14 23:15:42,2025-07-23 23:18:41
9afd4015-816b-cb9f-7426-b1934b7e6b3c,2.3,INTERMEDIATE,2025-04-08 00:09:13,2025-06-05 10:20:37
9afd4015-816b-cb9f-7426-b1934b7e6b3c,5.1,ADVANCED,2025-04-19 04:28:30,2025-04-28 23:44:09
692ac139-1f4a-8ca1-ab85-fd595463adc7,5.2,INTERMEDIATE,2024-12-07 20:33:28,2025-01-03 08:51:21
692ac139-1f4a-8ca1-ab85-fd595463adc7,4,BEGINNER,2024-12-12 11:23:14,2024-12-13 08:07:39
692ac139-1f4a-8ca1-ab85-fd595463adc7,5,BEGINNER,2024-12-08 10:15:18,2025-01-21 17:19:58
692ac139-1f4a-8ca1-ab85-fd595463adc7,7.2,ADVANCED,2024-11-19 02:04:26,2024-12-20 04:16:00
ebe9e207-4f19-9ec0-c32d-4526b3e4110a,4.3,BEGINNER,2025-08-12 23:43:22,2025-10-06 17:59:28
ebe9e207-4f19-9ec0-c32d-4526b3e4110a,7.1,BEGINNER,2025-08-15 12:30:39,2025-10-09 03:42:47
7129cec7-9b69-554d-7c54-535f6c8c3b6a,9,INTERMEDIATE,2025-03-18 00:29:48,2025-05-05 23:20:52
7129cec7-9b69-554d-7c54-535f6c8c3b6a,2.2,BEGINNER,2025-03-30 07:42:11,2025-05-16 12:10:49
7129cec7-9b69-554d-7c54-535f6c8c3b6a,2.3,BEGINNER,2025-04-07 05:07:55,2025-05-26 11:54:15
7129cec7-9b69-554d-7c54-535f6c8c3b6a,4.1,ADVANCED,2025-04-03 12:28:04,2025-05-28 21:26:15
d556b37d-8f08-81ee-8011-316b3ae88926,3.3,ADVANCED,2025-03-26 19:02:02,2025-04-10 00:42:14
d556b37d-8f08-81ee-8011-316b3ae88926,1.3,INTERMEDIATE,2025-04-13 08:57:59,2025-06-07 23:02:52
d556b37d-8f08-81ee-8011-316b3ae88926,7.1,BEGINNER,2025-04-11 01:48:33,2025-04-21 06:23:53
d556b37d-8f08-81ee-8011-316b3ae88926,7,INTERMEDIATE,2025-03-26 06:34:24,2025-04-28 23:36:03
56ea57b3-beed-10b6-4f6e-274bdedab027,6.3,BEGINNER,2024-05-25 05:15:26,2024-05-25 17:16:02
56ea57b3-beed-10b6-4f6e-274bdedab027,1.2,BEGINNER,2024-05-23 14:21:48,2024-05-30 22:10:28
56ea57b3-beed-10b6-4f6e-274bdedab027,3,EXPERT,2024-05-15 18:36:13,2024-06-26 10:35:49
780b3657-117b-355b-7094-4bdb26a524e3,7,INTERMEDIATE,2025-06-25 02:58:45,2025-07-17 23:28:15
780b3657-117b-355b-7094-4bdb26a524e3,8.1,INTERMEDIATE,2025-06-18 05:15:52,2025-07-02 09:34:32
780b3657-117b-355b-7094-4bdb26a524e3,4.2,EXPERT,2025-07-03 23:36:25,2025-07-14 11:23:26
fb7d9f1c-57eb-89b1-d65e-59dde62d2d06,3,ADVANCED,2024-09-25 06:25:02,2024-11-18 13:50:10
fb7d9f1c-57eb-89b1-d65e-59dde62d2d06,1.2,EXPERT,2024-09-17 19:55:24,2024-10-14 10:41:52
fb7d9f1c-57eb-89b1-d65e-59dde62d2d06,8.2,INTERMEDIATE,2024-10-11 19:57:51,2024-11-02 06:40:16
598ddaec-eaaf-e543-2434-a678a9e27ba9,4,EXPERT,2025-08-13 11:05:31,2025-09-01 17:30:40
598ddaec-eaaf-e543-2434-a678a9e27ba9,4.2,INTERMEDIATE,2025-07-30 15:23:18,2025-08-19 10:49:21
598ddaec-eaaf-e543-2434-a678a9e27ba9,3.3,EXPERT,2025-08-02 08:17:46,2025-08-13 05:42:45
598ddaec-eaaf-e543-2434-a678a9e27ba9,6.3,INTERMEDIATE,2025-08-01 11:43:34,2025-08-15 00:20:16
598ddaec-eaaf-e543-2434-a678a9e27ba9,8.2,INTERMEDIATE,2025-08-04 21:25:26,2025-09-23 02:06:51
09a9d1c1-86ca-c6f4-e238-fe93bd17c5e8,7.2,BEGINNER,2025-02-03 21:05:58,2025-02-12 12:26:37
09a9d1c1-86ca-c6f4-e238-fe93bd17c5e8,6,BEGINNER,2025-02-10 17:00:15,2025-02-15 17:01:13
400035f0-df7d-0dd7-236e-16089acb394a,2.1,ADVANCED,2024-05-14 17:15:01,2024-06-02 19:38:40
400035f0-df7d-0dd7-236e-16089acb394a,6,BEGINNER,2024-05-26 08:36:09,2024-07-10 13:54:28
400035f0-df7d-0dd7-236e-16089acb394a,6.2,BEGINNER,2024-06-02 11:16:45,2024-07-28 15:27:11
2339ba19-2563-7cc3-ca97-ebf555d596af,7.2,BEGINNER,2025-04-27 11:08:39,2025-06-26 16:07:07
2339ba19-2563-7cc3-ca97-ebf555d596af,3.1,INTERMEDIATE,2025-04-29 05:09:53,2025-05-23 20:34:23
2339ba19-2563-7cc3-ca97-ebf555d596af,10.2,INTERMEDIATE,2025-04-29 04:38:41,2025-06-20 16:38:09
2339ba19-2563-7cc3-ca97-ebf555d596af,9,BEGINNER,2025-04-19 04:32:39,2025-05-25 16:29:00
2339ba19-2563-7cc3-ca97-ebf555d596af,5,EXPERT,2025-05-03 15:05:08,2025-05-12 10:24:51
5a5226e6-9d64-2932-0066-853d6de299a1,2.3,EXPERT,2025-02-04 07:53:52,2025-03-21 10:16:30
5a5226e6-9d64-2932-0066-853d6de299a1,3.3,ADVANCED,2025-01-05 07:31:11,2025-01-31 12:55:05
a1b970d0-7a81-04de-b205-07bbfb16f757,9.2,INTERMEDIATE,2024-11-12 15:34:10,2025-01-08 20:37:51
a1b970d0-7a81-04de-b205-07bbfb16f757,5,EXPERT,2024-11-19 00:19:18,2024-12-16 10:21:35
7f072cb9-2fd3-40c0-f945-f2fd56cb1ab0,6.1,BEGINNER,2025-03-27 12:36:33,2025-05-26 07:37:20
cd14a03e-8359-9af6-5d01-f55f67fd64c4,7,ADVANCED,2025-04-05 22:10:48,2025-05-19 06:55:12
cd14a03e-8359-9af6-5d01-f55f67fd64c4,3.3,INTERMEDIATE,2025-04-05 03:02:54,2025-05-02 16:48:15
cd14a03e-8359-9af6-5d01-f55f67fd64c4,9,ADVANCED,2025-04-23 21:54:20,2025-05-29 04:25:38
8fc9c86b-e9dd-ebf5-6311-9aca848af440,8.1,BEGINNER,2024-11-19 05:04:22,2024-12-31 15:59:54
238d6f44-cac4-d0eb-3373-730efc31a597,2.4,INTERMEDIATE,2025-09-03 23:44:55,2025-09-15 10:49:04
0e2f8958-de43-1e06-e924-706980bbae52,2,BEGINNER,2024-06-18 13:21:46,2024-08-09 00:17:44
14cb0564-0743-7c3b-dd20-c3bfd342af08,8.2,INTERMEDIATE,2025-06-20 02:40:57,2025-06-27 04:26:05
14cb0564-0743-7c3b-dd20-c3bfd342af08,6.1,BEGINNER,2025-06-24 05:33:23,2025-07-05 08:18:28
3de28859-51b1-943c-1b2e-dedb8fc85fc0,4.1,EXPERT,2024-06-05 22:43:51,2024-06-18 14:36:03
3de28859-51b1-943c-1b2e-dedb8fc85fc0,4,BEGINNER,2024-06-13 10:14:48,2024-07-02 09:58:25
3de28859-51b1-943c-1b2e-dedb8fc85fc0,1.3,INTERMEDIATE,2024-06-07 17:35:18,2024-06-12 22:47:34
3de28859-51b1-943c-1b2e-dedb8fc85fc0,2.1,BEGINNER,2024-06-22 05:39:30,2024-08-05 09:24:18
7eb162f1-4806-f804-0cf0-374c0c74dc0f,3.2,EXPERT,2025-04-10 21:06:41,2025-05-21 15:25:19
7eb162f1-4806-f804-0cf0-374c0c74dc0f,6,INTERMEDIATE,2025-04-03 10:14:29,2025-04-30 19:06:51
8255da61-9a3b-0319-32f5-751024eeb4a6,1,EXPERT,2024-12-09 03:04:51,2025-02-05 02:08:30
8255da61-9a3b-0319-32f5-751024eeb4a6,4.3,BEGINNER,2024-12-10 22:22:26,2025-01-25 12:23:13
8255da61-9a3b-0319-32f5-751024eeb4a6,5.1,BEGINNER,2024-12-18 19:23:27,2025-02-15 07:08:10
8255da61-9a3b-0319-32f5-751024eeb4a6,3.1,EXPERT,2024-12-26 09:20:22,2025-01-15 23:43:09
8255da61-9a3b-0319-32f5-751024eeb4a6,2,INTERMEDIATE,2024-12-19 15:53:17,2025-01-20 02:28:04
df41e335-b9ae-d8e4-e615-99c8cbf81f86,3.1,EXPERT,2025-09-07 14:41:15,2025-11-03 05:02:14
df41e335-b9ae-d8e4-e615-99c8cbf81f86,1.2,EXPERT,2025-08-30 17:42:55,2025-09-09 17:31:19
ff84faef-5336-723b-8f96-468535145890,2.4,BEGINNER,2024-07-22 10:23:29,2024-08-31 14:48:52
e5508ea2-6133-a34d-8b0e-8eb1ad371d9e,3.2,EXPERT,2024-10-22 19:35:31,2024-11-09 05:47:32
e5508ea2-6133-a34d-8b0e-8eb1ad371d9e,3,INTERMEDIATE,2024-11-03 12:25:15,2024-12-28 05:42:29
e5508ea2-6133-a34d-8b0e-8eb1ad371d9e,4,EXPERT,2024-11-07 02:51:53,2024-12-04 16:46:03
e5508ea2-6133-a34d-8b0e-8eb1ad371d9e,2.2,ADVANCED,2024-11-12 08:27:28,2024-11-16 19:12:58
01539221-2331-0a28-c550-eca8ae62990c,4.2,INTERMEDIATE,2024-08-23 10:11:31,2024-09-19 01:11:50
01539221-2331-0a28-c550-eca8ae62990c,10,INTERMEDIATE,2024-08-03 14:40:01,2024-09-12 04:19:08
8639bd41-8b15-bd94-a42d-0cd7fd359f6a,5.1,INTERMEDIATE,2024-07-18 12:49:33,2024-08-13 20:02:53
8639bd41-8b15-bd94-a42d-0cd7fd359f6a,6.1,ADVANCED,2024-08-14 23:02:08,2024-10-11 14:52:25
8639bd41-8b15-bd94-a42d-0cd7fd359f6a,6.3,INTERMEDIATE,2024-08-03 23:05:22,2024-09-30 03:26:12
8639bd41-8b15-bd94-a42d-0cd7fd359f6a,2.4,EXPERT,2024-08-08 07:00:25,2024-09-29 14:32:01
8639bd41-8b15-bd94-a42d-0cd7fd359f6a,9,INTERMEDIATE,2024-08-13 12:41:42,2024-10-08 16:06:30
725d4259-3c4b-1eec-6231-ee7342c2d2eb,6,ADVANCED,2025-08-29 08:33:45,2025-09-26 21:22:57
725d4259-3c4b-1eec-6231-ee7342c2d2eb,2.1,INTERMEDIATE,2025-08-31 13:40:35,2025-10-19 15:10:50
725d4259-3c4b-1eec-6231-ee7342c2d2eb,10,INTERMEDIATE,2025-08-29 09:37:03,2025-10-21 05:07:38
725d4259-3c4b-1eec-6231-ee7342c2d2eb,9.1,INTERMEDIATE,2025-09-03 17:37:12,2025-09-24 13:33:46
725d4259-3c4b-1eec-6231-ee7342c2d2eb,8.2,BEGINNER,2025-09-05 05:29:40,2025-10-14 00:36:58
899ac252-c1e1-b94a-7888-3058e9ad0e9b,10,BEGINNER,2025-04-12 09:35:47,2025-05-10 08:28:41
899ac252-c1e1-b94a-7888-3058e9ad0e9b,9.2,EXPERT,2025-04-12 09:58:32,2025-04-30 10:00:13
0ec7d662-905c-7bdd-74f0-beae6a5943ce,6.3,EXPERT,2024-10-01 14:15:53,2024-10-26 07:26:31
649f7d88-8989-c5ab-fe2b-34d82db0728d,2.2,INTERMEDIATE,2024-11-10 06:29:24,2024-12-09 15:40:01
649f7d88-8989-c5ab-fe2b-34d82db0728d,5,ADVANCED,2024-11-11 23:50:49,2025-01-06 10:26:19
649f7d88-8989-c5ab-fe2b-34d82db0728d,8.2,EXPERT,2024-11-06 10:37:32,2024-12-01 03:39:12
3ea6e5b2-0c76-0d28-df49-5037b40a9181,7.1,BEGINNER,2025-07-25 17:30:13,2025-08-15 12:18:49
3ea6e5b2-0c76-0d28-df49-5037b40a9181,3.2,BEGINNER,2025-08-04 07:52:41,2025-09-19 06:01:12
3ea6e5b2-0c76-0d28-df49-5037b40a9181,6,INTERMEDIATE,2025-08-04 17:57:04,2025-08-11 10:07:49
f8e8035b-0c00-988a-7ee1-011a8e4c3ab5,6.3,BEGINNER,2025-03-05 23:24:50,2025-03-27 01:56:15
30c36756-d453-f867-b97e-6224891f6912,7.2,BEGINNER,2024-08-07 10:14:52,2024-08-14 18:29:07
30c36756-d453-f867-b97e-6224891f6912,7.1,INTERMEDIATE,2024-08-02 01:21:43,2024-08-05 22:15:27
30c36756-d453-f867-b97e-6224891f6912,3,INTERMEDIATE,2024-07-27 04:48:56,2024-09-13 11:58:51
30c36756-d453-f867-b97e-6224891f6912,10.2,BEGINNER,2024-07-28 14:07:06,2024-09-15 10:49:31
30c36756-d453-f867-b97e-6224891f6912,2.1,BEGINNER,2024-07-28 13:17:43,2024-09-09 12:02:09
5c11ab6d-42f5-b3f5-4ef4-c34d5bf86f3c,3.3,BEGINNER,2024-12-11 16:36:34,2025-01-18 07:36:56
bb96f602-2b11-5c36-75f8-e3a87d97ac0f,6.3,ADVANCED,2025-05-20 07:59:54,2025-06-30 07:39:12
bb96f602-2b11-5c36-75f8-e3a87d97ac0f,9.2,ADVANCED,2025-06-02 02:31:20,2025-06-12 09:19:58
bb96f602-2b11-5c36-75f8-e3a87d97ac0f,3.1,ADVANCED,2025-05-25 21:19:53,2025-06-11 09:27:34
bb96f602-2b11-5c36-75f8-e3a87d97ac0f,7.1,EXPERT,2025-05-29 15:27:34,2025-07-10 13:00:23
bb96f602-2b11-5c36-75f8-e3a87d97ac0f,4,INTERMEDIATE,2025-05-21 20:05:58,2025-06-14 23:53:57
694d7b00-8d38-8327-883f-13c601b158e9,5.2,INTERMEDIATE,2024-11-18 04:25:11,2024-12-11 18:28:52
694d7b00-8d38-8327-883f-13c601b158e9,4,INTERMEDIATE,2024-11-07 17:46:24,2024-11-09 02:46:37
61177270-67c0-518b-17ef-a621081c79d4,4,EXPERT,2024-04-18 11:23:52,2024-05-26 17:22:23
61177270-67c0-518b-17ef-a621081c79d4,9.1,BEGINNER,2024-04-12 20:13:17,2024-05-25 03:17:56
61177270-67c0-518b-17ef-a621081c79d4,7,ADVANCED,2024-04-23 01:48:28,2024-06-01 03:42:28
4c9d6907-13b2-2cec-edca-bf9465f6ba53,5.2,INTERMEDIATE,2024-12-20 10:35:23,2024-12-30 13:38:46
2f8c83e5-6e8d-9644-601b-fbcbf0eebcce,8,BEGINNER,2024-03-18 19:43:50,2024-03-20 05:32:52
2f8c83e5-6e8d-9644-601b-fbcbf0eebcce,6.3,BEGINNER,2024-03-25 15:33:38,2024-05-23 21:41:36
c8d0f9e5-9919-65ea-98d0-0c2c17d30f32,3.2,ADVANCED,2025-02-24 19:16:52,2025-04-22 14:01:27
c8d0f9e5-9919-65ea-98d0-0c2c17d30f32,1,INTERMEDIATE,2025-02-09 12:31:33,2025-03-11 15:18:17
c8d0f9e5-9919-65ea-98d0-0c2c17d30f32,2.3,EXPERT,2025-02-07 14:12:40,2025-03-03 14:15:11
c8d0f9e5-9919-65ea-98d0-0c2c17d30f32,2.1,BEGINNER,2025-02-28 02:13:08,2025-02-28 21:10:10
4dfe1117-22af-711f-1b62-8a9d75366b9f,5.1,EXPERT,2025-04-21 03:29:34,2025-05-08 09:45:18
4dfe1117-22af-711f-1b62-8a9d75366b9f,9,EXPERT,2025-04-20 20:08:54,2025-06-15 15:02:48
4dfe1117-22af-711f-1b62-8a9d75366b9f,3.3,BEGINNER,2025-04-13 17:59:42,2025-04-28 16:54:29
06e3f949-8cd3-4c62-c482-9b71ae84b81c,6.3,INTERMEDIATE,2024-04-07 14:17:41,2024-05-01 12:15:04
06e3f949-8cd3-4c62-c482-9b71ae84b81c,2.1,ADVANCED,2024-03-22 22:23:53,2024-04-18 04:01:18
06e3f949-8cd3-4c62-c482-9b71ae84b81c,8.2,EXPERT,2024-03-26 10:32:49,2024-04-05 08:21:45
a5a1c825-2a95-28c3-5ae1-dbadaa2960fd,7.2,INTERMEDIATE,2025-04-13 16:22:05,2025-05-06 12:51:33
a5a1c825-2a95-28c3-5ae1-dbadaa2960fd,6.3,ADVANCED,2025-04-13 13:21:38,2025-06-11 09:31:16
a5a1c825-2a95-28c3-5ae1-dbadaa2960fd,8,INTERMEDIATE,2025-04-03 08:53:53,2025-04-14 03:02:45
a5a1c825-2a95-28c3-5ae1-dbadaa2960fd,2.1,BEGINNER,2025-04-12 10:25:11,2025-06-04 00:21:18
a5a1c825-2a95-28c3-5ae1-dbadaa2960fd,4.3,INTERMEDIATE,2025-04-01 15:36:06,2025-04-18 09:18:16
7490adeb-57d3-37d3-4fd8-0bbb592c1107,9.1,EXPERT,2025-05-26 00:04:45,2025-06-20 16:47:37
7490adeb-57d3-37d3-4fd8-0bbb592c1107,2.3,INTERMEDIATE,2025-05-10 06:51:33,2025-06-06 05:39:39
7490adeb-57d3-37d3-4fd8-0bbb592c1107,6,INTERMEDIATE,2025-05-23 08:57:55,2025-07-16 07:55:43
6544e313-6ea0-5d13-a845-54c3a3f66c61,9.2,INTERMEDIATE,2024-01-31 10:44:22,2024-03-29 13:28:41
b4bba73f-ac70-51d1-d051-267f2c2ac34b,5.2,INTERMEDIATE,2024-12-16 18:16:20,2024-12-18 03:23:33
b4bba73f-ac70-51d1-d051-267f2c2ac34b,4,ADVANCED,2024-12-13 09:19:23,2024-12-29 23:26:50
b4bba73f-ac70-51d1-d051-267f2c2ac34b,10.1,ADVANCED,2024-12-08 00:16:03,2025-01-15 09:37:27
b4bba73f-ac70-51d1-d051-267f2c2ac34b,2.2,BEGINNER,2024-11-22 21:42:58,2024-12-30 13:23:37
f3abea0d-5be9-fdb3-dd92-dd7c0db977a9,1.2,BEGINNER,2025-07-30 10:26:01,2025-09-23 23:14:35
f3abea0d-5be9-fdb3-dd92-dd7c0db977a9,9.1,BEGINNER,2025-08-13 00:19:10,2025-10-08 12:02:41
f3abea0d-5be9-fdb3-dd92-dd7c0db977a9,6,BEGINNER,2025-08-11 03:13:19,2025-10-07 05:43:35
f3abea0d-5be9-fdb3-dd92-dd7c0db977a9,6.2,EXPERT,2025-08-01 09:28:24,2025-09-16 06:27:30
fdab3441-d2c2-a960-8b09-01abc66dceb3,6.1,EXPERT,2024-04-25 18:29:30,2024-06-10 08:43:09
fdab3441-d2c2-a960-8b09-01abc66dceb3,4.2,EXPERT,2024-04-18 09:36:49,2024-05-26 07:25:50
fdab3441-d2c2-a960-8b09-01abc66dceb3,9,BEGINNER,2024-04-18 01:05:10,2024-05-05 23:41:34
fdab3441-d2c2-a960-8b09-01abc66dceb3,1.2,EXPERT,2024-04-24 03:01:25,2024-05-27 18:13:22
98cbaa52-47f5-3019-8843-8de259cf0b0d,3.1,INTERMEDIATE,2025-08-29 04:21:39,2025-10-11 09:14:43
98cbaa52-47f5-3019-8843-8de259cf0b0d,1.2,INTERMEDIATE,2025-08-25 09:09:32,2025-09-19 09:01:13
98cbaa52-47f5-3019-8843-8de259cf0b0d,5.1,EXPERT,2025-09-03 05:56:51,2025-09-14 13:18:46
e097dedb-efb3-b939-b1d8-18874739cc7b,8.1,EXPERT,2024-01-07 13:13:54,2024-02-24 08:49:55
e097dedb-efb3-b939-b1d8-18874739cc7b,2.3,ADVANCED,2024-01-19 19:56:30,2024-02-15 20:42:03
1fce01e3-042b-03ca-75a7-2686d6321d31,2.2,ADVANCED,2025-03-28 09:29:25,2025-04-01 11:34:41
1fce01e3-042b-03ca-75a7-2686d6321d31,7.2,INTERMEDIATE,2025-03-30 04:17:56,2025-04-14 08:24:57
1fce01e3-042b-03ca-75a7-2686d6321d31,9,ADVANCED,2025-03-17 09:56:40,2025-03-30 00:39:14
1fce01e3-042b-03ca-75a7-2686d6321d31,1.2,EXPERT,2025-04-01 00:15:02,2025-05-21 21:26:39
1fce01e3-042b-03ca-75a7-2686d6321d31,5,EXPERT,2025-03-18 08:47:12,2025-03-30 13:06:20
84fa4c72-39e7-a4f1-97fb-613a21f89d06,6.3,BEGINNER,2024-05-05 15:34:08,2024-05-13 08:16:25
afc2ccfc-9db7-284b-6965-d1d1eb7e2e64,2.4,EXPERT,2024-06-03 19:37:37,2024-06-16 17:08:07
afc2ccfc-9db7-284b-6965-d1d1eb7e2e64,6,BEGINNER,2024-05-13 06:57:48,2024-06-18 03:38:22
afc2ccfc-9db7-284b-6965-d1d1eb7e2e64,4.2,BEGINNER,2024-05-12 00:55:18,2024-06-13 05:51:06
980bc81e-a359-5d1f-7fe4-a42e3db788a6,9.2,EXPERT,2025-02-21 17:20:03,2025-03-17 01:12:19
980bc81e-a359-5d1f-7fe4-a42e3db788a6,2,ADVANCED,2025-02-02 16:29:18,2025-02-23 04:30:30
980bc81e-a359-5d1f-7fe4-a42e3db788a6,3.1,INTERMEDIATE,2025-02-13 18:05:16,2025-04-10 01:53:14
980bc81e-a359-5d1f-7fe4-a42e3db788a6,4.2,INTERMEDIATE,2025-02-16 23:16:55,2025-04-14 12:58:50
3404c02a-ebc1-bb52-82e4-dd4a143ac1c5,10,BEGINNER,2025-09-08 08:16:31,2025-09-09 21:21:06
3404c02a-ebc1-bb52-82e4-dd4a143ac1c5,5.1,ADVANCED,2025-09-15 10:38:34,2025-09-17 21:55:59
d28fcf68-c871-d7b3-8468-b74d85e3ade5,6.1,INTERMEDIATE,2024-11-01 18:50:37,2024-12-04 10:15:25
d28fcf68-c871-d7b3-8468-b74d85e3ade5,5.2,BEGINNER,2024-10-18 19:01:51,2024-11-19 05:36:24
d28fcf68-c871-d7b3-8468-b74d85e3ade5,10.1,INTERMEDIATE,2024-10-12 05:14:06,2024-10-29 14:52:38
d28fcf68-c871-d7b3-8468-b74d85e3ade5,6,INTERMEDIATE,2024-10-13 19:54:22,2024-11-19 02:16:41
dce8e1c5-dbd3-0aec-0b46-117300a85473,10,INTERMEDIATE,2025-02-05 08:39:41,2025-03-19 15:29:20
dce8e1c5-dbd3-0aec-0b46-117300a85473,7.2,ADVANCED,2025-02-22 11:30:11,2025-04-07 08:53:56
dce8e1c5-dbd3-0aec-0b46-117300a85473,5,ADVANCED,2025-02-03 03:49:32,2025-02-14 07:36:18
161d5c87-53c9-fe59-4f89-e3b2d847dc53,4,ADVANCED,2024-11-01 00:41:50,2024-11-24 08:07:20
161d5c87-53c9-fe59-4f89-e3b2d847dc53,6.1,BEGINNER,2024-11-24 22:19:53,2024-12-16 02:36:31
7df59abf-6b79-0d01-3cf8-8d20fbad793f,2.3,EXPERT,2024-09-07 01:30:56,2024-10-28 10:30:27
7df59abf-6b79-0d01-3cf8-8d20fbad793f,7,INTERMEDIATE,2024-09-24 19:04:36,2024-10-12 11:41:02
7df59abf-6b79-0d01-3cf8-8d20fbad793f,10.2,EXPERT,2024-09-03 02:54:24,2024-10-04 22:00:54
c7a9f33c-22d8-39d3-33e4-f986f18cccdc,6,ADVANCED,2025-04-09 11:09:17,2025-04-12 13:03:21
c7a9f33c-22d8-39d3-33e4-f986f18cccdc,2.3,EXPERT,2025-04-09 16:54:43,2025-04-17 20:54:30
c7a9f33c-22d8-39d3-33e4-f986f18cccdc,2.4,ADVANCED,2025-04-12 01:18:08,2025-05-18 02:18:15
c7a9f33c-22d8-39d3-33e4-f986f18cccdc,3.2,ADVANCED,2025-04-25 22:37:44,2025-05-23 05:51:58
429a4a7c-4c80-d33a-ad5b-e3c80c880714,6.2,BEGINNER,2025-08-11 19:23:29,2025-08-22 07:37:03
429a4a7c-4c80-d33a-ad5b-e3c80c880714,4.2,EXPERT,2025-08-23 13:40:51,2025-10-10 08:58:42
429a4a7c-4c80-d33a-ad5b-e3c80c880714,3,INTERMEDIATE,2025-07-27 11:51:09,2025-08-22 19:06:38
429a4a7c-4c80-d33a-ad5b-e3c80c880714,1.1,ADVANCED,2025-08-21 14:33:29,2025-09-07 17:33:44
429a4a7c-4c80-d33a-ad5b-e3c80c880714,10.2,INTERMEDIATE,2025-08-07 03:30:53,2025-09-30 15:59:06
cf2e3296-7184-b713-a55f-65b7e709fba6,2.1,EXPERT,2025-05-01 08:39:27,2025-05-11 08:35:51
330faaa3-6b52-f93c-2321-e64e620d4a1f,10.1,ADVANCED,2025-01-27 08:48:46,2025-03-12 00:16:36
0e500785-bcaf-f931-ead1-8464ca8e858c,1.1,BEGINNER,2024-07-16 03:09:05,2024-08-23 09:32:14
0e500785-bcaf-f931-ead1-8464ca8e858c,9.1,ADVANCED,2024-07-16 12:59:01,2024-07-27 01:12:14
0e500785-bcaf-f931-ead1-8464ca8e858c,9.2,EXPERT,2024-07-08 02:32:52,2024-08-22 12:30:06
cd6bb03b-eb35-37a0-2d6e-0291b7893986,9,EXPERT,2025-09-15 08:22:45,2025-10-07 19:46:46
cd6bb03b-eb35-37a0-2d6e-0291b7893986,1.1,ADVANCED,2025-09-07 07:27:07,2025-10-04 09:54:23
cd6bb03b-eb35-37a0-2d6e-0291b7893986,4.2,INTERMEDIATE,2025-08-31 16:22:07,2025-09-17 07:32:17
cd6bb03b-eb35-37a0-2d6e-0291b7893986,2,BEGINNER,2025-09-21 02:39:42,2025-10-29 19:30:54
cd6bb03b-eb35-37a0-2d6e-0291b7893986,8.1,INTERMEDIATE,2025-09-05 19:01:57,2025-09-19 21:47:55
4e8bf78a-60dd-c7f1-2ce3-d822d08012b8,10.2,ADVANCED,2025-08-11 06:00:22,2025-10-09 14:28:31
115affac-b173-fcdf-3fe1-e8f335adde88,8,INTERMEDIATE,2025-02-27 05:00:52,2025-03-18 10:33:56
115affac-b173-fcdf-3fe1-e8f335adde88,5,INTERMEDIATE,2025-02-27 02:25:29,2025-04-04 23:16:19
17d5b563-fa60-ede1-e5eb-772df11c0ac5,10.2,BEGINNER,2025-04-17 19:18:07,2025-06-08 01:56:52
17d5b563-fa60-ede1-e5eb-772df11c0ac5,9,EXPERT,2025-03-22 17:20:58,2025-05-11 22:55:05
17d5b563-fa60-ede1-e5eb-772df11c0ac5,8,INTERMEDIATE,2025-04-07 01:49:17,2025-04-16 19:48:28
4ab427e3-a360-7681-2bbb-a89d34fadee1,6,BEGINNER,2025-05-25 06:46:59,2025-06-26 07:19:31
3a3e46b0-96f8-4ff7-c1a7-2883f8802878,2.4,ADVANCED,2025-05-06 08:12:10,2025-06-13 19:49:00
3a3e46b0-96f8-4ff7-c1a7-2883f8802878,3.1,INTERMEDIATE,2025-05-16 11:25:26,2025-06-30 15:10:41
3a3e46b0-96f8-4ff7-c1a7-2883f8802878,1.3,ADVANCED,2025-05-22 23:44:17,2025-05-27 11:52:17
3a3e46b0-96f8-4ff7-c1a7-2883f8802878,9,EXPERT,2025-05-16 20:47:46,2025-06-29 09:23:20
51db1a37-4204-d733-9855-0b1ed5881c1c,8.2,BEGINNER,2025-02-27 15:31:26,2025-04-23 06:40:17
51db1a37-4204-d733-9855-0b1ed5881c1c,10,EXPERT,2025-02-17 04:59:17,2025-04-11 14:06:55
51db1a37-4204-d733-9855-0b1ed5881c1c,6.2,BEGINNER,2025-02-23 14:40:17,2025-02-25 01:11:29
51db1a37-4204-d733-9855-0b1ed5881c1c,7.1,INTERMEDIATE,2025-02-17 16:10:34,2025-04-06 20:39:29
51db1a37-4204-d733-9855-0b1ed5881c1c,4.3,EXPERT,2025-03-03 11:46:09,2025-03-12 12:43:23
7919955c-9be4-f19f-9270-1d607c4f48e4,9.1,BEGINNER,2025-03-10 00:49:52,2025-03-23 14:58:18
7919955c-9be4-f19f-9270-1d607c4f48e4,7.1,BEGINNER,2025-02-22 15:23:36,2025-04-22 18:41:59
7919955c-9be4-f19f-9270-1d607c4f48e4,8.2,BEGINNER,2025-02-27 01:24:20,2025-04-24 22:19:47
301c8db3-16db-80db-a543-148e9adfe981,5.1,INTERMEDIATE,2025-01-19 01:37:12,2025-02-09 07:57:11
301c8db3-16db-80db-a543-148e9adfe981,6.2,BEGINNER,2025-01-17 13:42:37,2025-03-04 06:59:40
301c8db3-16db-80db-a543-148e9adfe981,9.2,ADVANCED,2025-02-02 17:13:23,2025-02-25 17:41:48
301c8db3-16db-80db-a543-148e9adfe981,10.2,BEGINNER,2025-02-12 06:02:12,2025-03-23 16:20:35
301c8db3-16db-80db-a543-148e9adfe981,9,EXPERT,2025-02-12 03:09:57,2025-04-09 17:58:28
1fb621ae-ec4e-8cbb-a2aa-378c659e0258,1.2,ADVANCED,2025-05-01 03:17:12,2025-06-15 18:03:58
1fb621ae-ec4e-8cbb-a2aa-378c659e0258,10.2,ADVANCED,2025-04-05 19:44:28,2025-04-17 22:23:52
1fb621ae-ec4e-8cbb-a2aa-378c659e0258,9.2,EXPERT,2025-04-13 21:57:32,2025-05-02 22:05:44
1fb621ae-ec4e-8cbb-a2aa-378c659e0258,2,ADVANCED,2025-04-19 21:22:21,2025-06-11 01:49:56
1fb621ae-ec4e-8cbb-a2aa-378c659e0258,3,EXPERT,2025-04-30 20:55:34,2025-05-10 22:12:20
022aadda-cd05-79e2-99e4-704c2c56e0cd,4.1,EXPERT,2025-03-24 03:54:05,2025-04-24 06:59:47
4c7d9313-a6c6-81b0-e472-9be5f3c2944a,6.3,ADVANCED,2025-03-08 23:56:39,2025-05-05 23:18:19
4c7d9313-a6c6-81b0-e472-9be5f3c2944a,9,ADVANCED,2025-03-06 11:03:26,2025-04-29 09:40:59
4c7d9313-a6c6-81b0-e472-9be5f3c2944a,4.3,EXPERT,2025-03-16 02:10:40,2025-03-31 10:02:41
e061f65f-a859-6f8c-d734-18fe2b843ef3,5,ADVANCED,2024-05-28 07:41:49,2024-07-28 02:01:40
e061f65f-a859-6f8c-d734-18fe2b843ef3,6.1,EXPERT,2024-05-15 12:52:00,2024-07-08 20:48:15
e061f65f-a859-6f8c-d734-18fe2b843ef3,9.2,EXPERT,2024-06-09 13:15:52,2024-07-24 06:48:15
e061f65f-a859-6f8c-d734-18fe2b843ef3,5.2,INTERMEDIATE,2024-06-04 20:43:22,2024-06-26 05:48:37
26996aab-daaf-7529-deef-f82a0dd70158,9,BEGINNER,2025-04-26 02:30:21,2025-05-26 02:51:44
26996aab-daaf-7529-deef-f82a0dd70158,2,EXPERT,2025-04-22 20:52:51,2025-05-24 09:30:04
26996aab-daaf-7529-deef-f82a0dd70158,6,ADVANCED,2025-04-26 20:39:10,2025-06-05 02:00:20
26996aab-daaf-7529-deef-f82a0dd70158,1.3,BEGINNER,2025-05-02 02:15:00,2025-05-08 04:20:50
26996aab-daaf-7529-deef-f82a0dd70158,8,INTERMEDIATE,2025-04-18 06:48:26,2025-06-14 09:48:16
330ccff5-88a5-fa0d-09a8-5dc50131ff3b,1,ADVANCED,2024-07-29 14:45:08,2024-08-17 02:28:51
cfdfc6f9-eb0f-827c-e82a-3879f2b5a7ea,2.1,INTERMEDIATE,2024-08-08 09:38:42,2024-08-11 04:39:34
cfdfc6f9-eb0f-827c-e82a-3879f2b5a7ea,1.2,ADVANCED,2024-08-30 13:59:02,2024-10-22 05:05:19
cfdfc6f9-eb0f-827c-e82a-3879f2b5a7ea,3.1,EXPERT,2024-08-25 00:06:30,2024-10-03 09:14:34
cfdfc6f9-eb0f-827c-e82a-3879f2b5a7ea,5.2,EXPERT,2024-08-24 16:12:18,2024-10-13 14:44:24
cfdfc6f9-eb0f-827c-e82a-3879f2b5a7ea,6.1,INTERMEDIATE,2024-08-24 15:45:55,2024-08-27 04:40:16
a15c159a-af8c-a888-b1f8-1ad9349b5089,8.1,INTERMEDIATE,2024-10-14 01:24:36,2024-11-08 15:16:35
a15c159a-af8c-a888-b1f8-1ad9349b5089,6.2,INTERMEDIATE,2024-10-29 14:21:04,2024-11-11 21:50:13
a15c159a-af8c-a888-b1f8-1ad9349b5089,9.2,EXPERT,2024-10-05 06:42:21,2024-11-30 09:51:27
a15c159a-af8c-a888-b1f8-1ad9349b5089,5.2,INTERMEDIATE,2024-10-08 09:24:48,2024-10-26 20:09:08
03438b64-00b3-700f-3c08-899054a27051,8,BEGINNER,2024-04-26 19:24:45,2024-06-11 02:22:15
03438b64-00b3-700f-3c08-899054a27051,7.2,ADVANCED,2024-04-14 06:29:58,2024-05-06 08:33:00
03438b64-00b3-700f-3c08-899054a27051,2.3,ADVANCED,2024-04-15 06:57:17,2024-05-15 04:23:07
03438b64-00b3-700f-3c08-899054a27051,10.2,ADVANCED,2024-04-17 05:57:06,2024-06-04 04:24:48
e0e3c5ce-44af-ecb7-9f2e-befcf480b91e,3.2,INTERMEDIATE,2024-04-29 13:21:50,2024-05-08 15:17:58
e0e3c5ce-44af-ecb7-9f2e-befcf480b91e,1,EXPERT,2024-05-13 16:56:46,2024-07-10 23:42:57
e0e3c5ce-44af-ecb7-9f2e-befcf480b91e,3.1,ADVANCED,2024-04-27 22:05:52,2024-06-12 08:57:31
e0e3c5ce-44af-ecb7-9f2e-befcf480b91e,4.3,INTERMEDIATE,2024-05-06 21:31:59,2024-06-25 13:44:12
e0e3c5ce-44af-ecb7-9f2e-befcf480b91e,7.2,EXPERT,2024-05-07 19:08:23,2024-06-24 18:40:40
2172a0aa-e44a-913a-f933-a9faba2eeeb3,3.3,EXPERT,2024-02-27 05:05:10,2024-02-29 14:26:11
2172a0aa-e44a-913a-f933-a9faba2eeeb3,8,INTERMEDIATE,2024-03-07 08:06:45,2024-04-06 22:06:14
2172a0aa-e44a-913a-f933-a9faba2eeeb3,1.2,BEGINNER,2024-03-17 22:10:18,2024-04-01 12:26:37
2172a0aa-e44a-913a-f933-a9faba2eeeb3,8.2,BEGINNER,2024-03-14 18:59:38,2024-04-21 03:24:54
2172a0aa-e44a-913a-f933-a9faba2eeeb3,10.2,BEGINNER,2024-03-04 18:18:55,2024-05-04 08:34:20
da143a47-7823-51d9-d94d-f188816ce054,1.3,ADVANCED,2024-09-30 12:43:04,2024-11-02 12:33:53
da143a47-7823-51d9-d94d-f188816ce054,2,ADVANCED,2024-09-28 14:59:06,2024-10-30 09:12:40
da143a47-7823-51d9-d94d-f188816ce054,5,ADVANCED,2024-09-27 23:11:18,2024-11-26 11:47:04
da143a47-7823-51d9-d94d-f188816ce054,10.1,ADVANCED,2024-09-09 12:58:15,2024-09-10 10:25:20
82226c16-e3de-4ec0-4dfa-21bea335b2c8,9,ADVANCED,2024-02-28 21:54:16,2024-04-15 06:04:58
82226c16-e3de-4ec0-4dfa-21bea335b2c8,1.1,INTERMEDIATE,2024-03-18 01:20:39,2024-05-14 14:34:25
b8b818cf-be15-3187-b783-e1d5d26404b9,2.2,BEGINNER,2024-05-21 19:49:09,2024-05-25 21:59:04
b8b818cf-be15-3187-b783-e1d5d26404b9,5.1,EXPERT,2024-05-30 21:28:33,2024-07-19 05:39:40
b8b818cf-be15-3187-b783-e1d5d26404b9,5.2,BEGINNER,2024-05-14 00:46:18,2024-07-06 18:15:50
d0b3d752-bb01-b2a5-2c74-5800941c23fa,5,BEGINNER,2025-02-10 05:13:14,2025-03-28 06:12:12
d0b3d752-bb01-b2a5-2c74-5800941c23fa,2.1,INTERMEDIATE,2025-01-31 03:48:19,2025-02-10 20:41:03
d0b3d752-bb01-b2a5-2c74-5800941c23fa,6.2,EXPERT,2025-02-13 19:00:59,2025-03-07 07:51:47
d0b3d752-bb01-b2a5-2c74-5800941c23fa,3.2,EXPERT,2025-02-01 15:28:49,2025-02-26 21:39:01
2d852212-f554-e1f8-f9a5-5cf2a66c0fa1,2,INTERMEDIATE,2025-05-19 14:18:05,2025-05-31 15:20:33
2d852212-f554-e1f8-f9a5-5cf2a66c0fa1,4.1,EXPERT,2025-05-07 21:58:43,2025-06-19 09:40:04
2d852212-f554-e1f8-f9a5-5cf2a66c0fa1,9.1,BEGINNER,2025-05-30 03:57:37,2025-06-28 06:06:30
2d852212-f554-e1f8-f9a5-5cf2a66c0fa1,10.2,EXPERT,2025-05-26 20:12:31,2025-06-03 14:21:01
2d852212-f554-e1f8-f9a5-5cf2a66c0fa1,8.2,BEGINNER,2025-05-24 21:23:30,2025-06-15 01:03:21
1a3c2131-73dd-3bc6-d064-05a85bd29cb1,4.2,INTERMEDIATE,2025-07-04 20:36:46,2025-08-27 23:40:05
1a3c2131-73dd-3bc6-d064-05a85bd29cb1,5.2,EXPERT,2025-06-30 16:11:08,2025-07-10 00:33:02
1a3c2131-73dd-3bc6-d064-05a85bd29cb1,10.1,EXPERT,2025-06-10 23:41:48,2025-07-12 09:29:07
2fddb26a-1310-6665-aec2-bb19fbc398d8,1.1,BEGINNER,2024-10-22 12:27:53,2024-10-27 17:27:26
8150e0c9-c948-384b-1174-035785467426,2.3,BEGINNER,2025-01-17 03:17:09,2025-01-24 08:53:22
8150e0c9-c948-384b-1174-035785467426,2.2,BEGINNER,2024-12-30 18:13:32,2025-02-22 12:02:06
8150e0c9-c948-384b-1174-035785467426,4.3,ADVANCED,2025-01-18 15:32:12,2025-02-24 14:06:31
e94d4fbe-0653-1d47-4867-7b30b9567731,7.1,ADVANCED,2024-03-09 20:17:39,2024-05-05 09:23:21
758fc8fa-0614-ac41-275c-75dcafa08cbe,1.3,ADVANCED,2024-02-29 08:50:22,2024-04-26 23:52:52
758fc8fa-0614-ac41-275c-75dcafa08cbe,2.4,INTERMEDIATE,2024-03-09 07:56:32,2024-03-20 02:32:29
758fc8fa-0614-ac41-275c-75dcafa08cbe,2,BEGINNER,2024-02-28 01:00:27,2024-04-09 19:45:22
4d2551eb-af95-be79-c971-bf514a32bb22,9,INTERMEDIATE,2025-02-16 05:46:38,2025-02-27 05:39:33
29344e15-2477-f047-8336-a758d9f93502,1,EXPERT,2024-05-13 07:57:54,2024-06-09 14:37:36
29344e15-2477-f047-8336-a758d9f93502,10,ADVANCED,2024-05-04 07:01:13,2024-05-12 19:38:39
29344e15-2477-f047-8336-a758d9f93502,5,ADVANCED,2024-05-05 22:22:45,2024-07-01 02:08:11
29344e15-2477-f047-8336-a758d9f93502,3.3,ADVANCED,2024-05-18 10:13:51,2024-05-25 22:51:03
cec56969-5d4f-7107-911d-dc7990c80420,3.2,BEGINNER,2024-10-10 14:00:55,2024-11-24 15:15:10
cec56969-5d4f-7107-911d-dc7990c80420,2.3,BEGINNER,2024-10-02 19:29:12,2024-10-11 01:46:19
07fc584e-a1b2-4627-81d6-7019d97e8d3c,2.3,BEGINNER,2025-07-31 20:56:10,2025-08-29 01:05:56
07fc584e-a1b2-4627-81d6-7019d97e8d3c,1,ADVANCED,2025-08-15 04:55:23,2025-09-09 02:29:06
38048786-0a58-f43c-5bda-0655f06dca24,3.3,EXPERT,2025-01-24 22:58:24,2025-03-20 20:13:55
38048786-0a58-f43c-5bda-0655f06dca24,3,INTERMEDIATE,2025-02-13 00:29:45,2025-03-01 00:57:14
38048786-0a58-f43c-5bda-0655f06dca24,4,BEGINNER,2025-01-14 17:50:11,2025-02-17 03:03:37
38048786-0a58-f43c-5bda-0655f06dca24,7,BEGINNER,2025-02-11 01:12:00,2025-02-28 06:39:49
84440504-13ed-280a-d5e1-4d1fe5f22dfb,10,EXPERT,2024-12-29 21:04:58,2025-01-11 20:00:15
84440504-13ed-280a-d5e1-4d1fe5f22dfb,2,INTERMEDIATE,2025-01-19 13:07:40,2025-02-18 20:36:37
84440504-13ed-280a-d5e1-4d1fe5f22dfb,8.2,INTERMEDIATE,2024-12-20 08:32:01,2025-01-13 16:07:33
84440504-13ed-280a-d5e1-4d1fe5f22dfb,6.2,ADVANCED,2024-12-23 09:36:53,2025-01-25 18:20:59
05bf0618-6930-b0c4-d557-6899a5b2c7ea,5.2,INTERMEDIATE,2025-06-15 20:14:27,2025-07-01 18:14:02
05bf0618-6930-b0c4-d557-6899a5b2c7ea,7.1,EXPERT,2025-06-29 02:30:36,2025-07-08 02:51:25
05bf0618-6930-b0c4-d557-6899a5b2c7ea,1.1,ADVANCED,2025-06-26 20:58:06,2025-07-09 02:04:52
05bf0618-6930-b0c4-d557-6899a5b2c7ea,2,EXPERT,2025-07-02 00:14:20,2025-08-22 08:51:32
05bf0618-6930-b0c4-d557-6899a5b2c7ea,2.2,INTERMEDIATE,2025-06-30 06:34:12,2025-07-22 09:58:42
a8debd88-9f8a-cdeb-2e8f-f5a8c47a3b7e,6,EXPERT,2024-04-08 02:46:54,2024-05-26 10:21:15
a8debd88-9f8a-cdeb-2e8f-f5a8c47a3b7e,1.2,INTERMEDIATE,2024-03-19 05:59:25,2024-05-02 08:06:01
5ed10e7f-6bb1-f2bc-85a4-b0cb6e76936a,7.2,EXPERT,2024-12-31 18:18:21,2025-02-16 20:25:04
5ed10e7f-6bb1-f2bc-85a4-b0cb6e76936a,1.2,BEGINNER,2025-01-16 08:06:34,2025-01-29 14:29:40
95dad216-a6cd-ae3c-6d13-0705279f91ab,1,INTERMEDIATE,2025-01-19 00:55:39,2025-02-16 07:01:00
95dad216-a6cd-ae3c-6d13-0705279f91ab,7.2,INTERMEDIATE,2025-01-29 07:23:34,2025-02-15 02:58:21
95dad216-a6cd-ae3c-6d13-0705279f91ab,2.3,BEGINNER,2025-01-11 20:02:00,2025-02-15 01:44:48
cd04c001-56a3-dccc-c93c-9cc6668b28da,4,EXPERT,2024-04-06 06:08:13,2024-06-05 00:25:13
cd04c001-56a3-dccc-c93c-9cc6668b28da,7.2,INTERMEDIATE,2024-04-26 01:30:21,2024-06-13 16:06:05
cd04c001-56a3-dccc-c93c-9cc6668b28da,6.1,INTERMEDIATE,2024-04-04 12:37:39,2024-05-10 13:19:56
cd04c001-56a3-dccc-c93c-9cc6668b28da,2.2,INTERMEDIATE,2024-04-08 18:45:46,2024-04-11 17:56:58
b2cd9a0a-840c-5cb0-82b3-43849979cf26,2.4,BEGINNER,2024-01-15 15:47:45,2024-01-30 10:55:47
b2cd9a0a-840c-5cb0-82b3-43849979cf26,5.1,EXPERT,2024-01-25 13:18:40,2024-03-05 23:12:23
1b414999-8198-d1f5-6839-f98f2ccf1472,2,EXPERT,2024-05-15 13:17:06,2024-06-07 14:51:17
1b414999-8198-d1f5-6839-f98f2ccf1472,3.1,BEGINNER,2024-05-03 04:05:06,2024-05-16 06:14:32
89207bc4-8439-9ed9-5a64-845ef49816ad,4.1,ADVANCED,2025-03-08 00:44:35,2025-04-10 19:42:33
89207bc4-8439-9ed9-5a64-845ef49816ad,3.1,INTERMEDIATE,2025-03-13 20:58:45,2025-04-21 14:41:21
89207bc4-8439-9ed9-5a64-845ef49816ad,5,ADVANCED,2025-03-15 21:15:03,2025-04-24 11:32:23
89207bc4-8439-9ed9-5a64-845ef49816ad,10,ADVANCED,2025-03-04 13:47:38,2025-04-24 14:00:03
1eb05b4a-1b4f-fd5f-c768-833927ef5357,10.1,BEGINNER,2024-03-10 22:32:36,2024-03-14 06:20:20
1eb05b4a-1b4f-fd5f-c768-833927ef5357,8.2,INTERMEDIATE,2024-03-02 15:49:37,2024-04-13 10:35:24
1eb05b4a-1b4f-fd5f-c768-833927ef5357,2.1,INTERMEDIATE,2024-02-15 16:35:13,2024-04-12 00:26:21
1eb05b4a-1b4f-fd5f-c768-833927ef5357,2.3,INTERMEDIATE,2024-03-14 01:56:33,2024-04-21 19:52:37
61223189-35f3-de4a-ac92-04b40306a258,10.2,BEGINNER,2024-07-13 10:32:36,2024-08-17 15:24:47
61223189-35f3-de4a-ac92-04b40306a258,2.1,INTERMEDIATE,2024-07-24 18:11:08,2024-08-06 23:02:58
61223189-35f3-de4a-ac92-04b40306a258,6.1,EXPERT,2024-08-02 22:21:48,2024-08-12 17:49:52
61223189-35f3-de4a-ac92-04b40306a258,10,ADVANCED,2024-08-03 22:50:20,2024-09-20 09:19:30
61223189-35f3-de4a-ac92-04b40306a258,10.1,BEGINNER,2024-08-07 12:17:17,2024-09-24 13:06:18
bd1116ee-f58a-b7c7-cccf-4130255603d4,2.1,BEGINNER,2025-06-05 19:46:41,2025-07-27 16:23:46
adf9568b-de0b-de18-59e1-10eb1f096b9d,9,BEGINNER,2025-01-13 13:24:55,2025-01-17 10:12:33
adf9568b-de0b-de18-59e1-10eb1f096b9d,2.2,ADVANCED,2025-01-22 00:05:52,2025-02-15 21:13:42
653c8f74-a507-6897-9afa-826744791214,4.3,EXPERT,2024-07-07 19:32:43,2024-08-13 13:03:01
653c8f74-a507-6897-9afa-826744791214,3.1,BEGINNER,2024-07-06 17:03:12,2024-08-28 02:35:51
653c8f74-a507-6897-9afa-826744791214,2.1,BEGINNER,2024-07-01 03:24:03,2024-08-02 16:53:04
bcd2e8eb-3f55-60cd-3ab7-127e4f32ea54,1.3,INTERMEDIATE,2024-07-05 05:23:47,2024-07-29 04:57:04
bcd2e8eb-3f55-60cd-3ab7-127e4f32ea54,1,ADVANCED,2024-07-05 21:38:49,2024-07-21 10:48:40
bcd2e8eb-3f55-60cd-3ab7-127e4f32ea54,4.3,INTERMEDIATE,2024-07-09 16:23:05,2024-08-20 17:46:24
bcd2e8eb-3f55-60cd-3ab7-127e4f32ea54,4.2,EXPERT,2024-07-19 03:27:28,2024-07-21 21:12:30
bcd2e8eb-3f55-60cd-3ab7-127e4f32ea54,7,EXPERT,2024-06-24 22:15:57,2024-07-21 18:10:36
4db6f475-27dd-1ac4-4282-b6e46986305a,6.2,ADVANCED,2024-10-23 01:51:51,2024-10-26 05:47:16
4db6f475-27dd-1ac4-4282-b6e46986305a,1.1,ADVANCED,2024-11-16 16:41:56,2024-12-22 09:28:56
4db6f475-27dd-1ac4-4282-b6e46986305a,10,EXPERT,2024-11-10 23:50:54,2024-12-22 05:26:24
4db6f475-27dd-1ac4-4282-b6e46986305a,3.2,BEGINNER,2024-11-18 08:07:12,2024-12-13 06:55:24
4db6f475-27dd-1ac4-4282-b6e46986305a,2.4,EXPERT,2024-11-02 08:49:09,2024-12-15 10:58:53
48e09502-4598-f3c8-af44-9605b1a50a3d,5.1,INTERMEDIATE,2024-07-14 18:19:22,2024-09-09 08:08:07
48e09502-4598-f3c8-af44-9605b1a50a3d,3.1,ADVANCED,2024-07-17 13:05:01,2024-08-20 02:18:07
48e09502-4598-f3c8-af44-9605b1a50a3d,10,ADVANCED,2024-08-04 21:23:36,2024-09-28 23:16:00
48e09502-4598-f3c8-af44-9605b1a50a3d,5.2,BEGINNER,2024-08-05 09:42:17,2024-08-27 21:30:35
48e09502-4598-f3c8-af44-9605b1a50a3d,7.2,INTERMEDIATE,2024-07-11 02:08:21,2024-08-26 23:31:42
ff7a884d-7f96-dd35-cca9-9089c9254bb5,3.3,BEGINNER,2024-06-13 22:37:15,2024-08-03 07:32:33
ff7a884d-7f96-dd35-cca9-9089c9254bb5,1.1,INTERMEDIATE,2024-06-22 18:03:55,2024-07-16 01:39:39
ff7a884d-7f96-dd35-cca9-9089c9254bb5,2.1,BEGINNER,2024-06-24 18:39:35,2024-07-03 09:19:28
effad15b-bea6-450f-0acc-b23cba6dbed8,1.2,ADVANCED,2024-08-19 06:11:16,2024-10-16 12:25:04
effad15b-bea6-450f-0acc-b23cba6dbed8,5.1,INTERMEDIATE,2024-07-29 13:12:40,2024-08-19 11:20:05
effad15b-bea6-450f-0acc-b23cba6dbed8,1.3,EXPERT,2024-08-17 01:47:09,2024-08-22 05:32:47
ff39a117-f83b-1806-ee4c-1b1856a2d49d,8.2,INTERMEDIATE,2025-07-11 06:14:11,2025-08-23 12:45:24
ff39a117-f83b-1806-ee4c-1b1856a2d49d,2.3,BEGINNER,2025-07-16 08:28:45,2025-07-18 22:22:47
ff39a117-f83b-1806-ee4c-1b1856a2d49d,10.1,ADVANCED,2025-08-02 15:07:19,2025-09-11 07:39:07
ff39a117-f83b-1806-ee4c-1b1856a2d49d,1.3,BEGINNER,2025-07-15 15:38:03,2025-09-08 05:27:38
ff39a117-f83b-1806-ee4c-1b1856a2d49d,3.3,ADVANCED,2025-07-03 17:22:23,2025-07-04 17:59:29
de1f1619-467b-a9e5-77e8-b762bb7eb979,2.3,EXPERT,2024-11-27 17:50:07,2024-12-22 04:20:47
de1f1619-467b-a9e5-77e8-b762bb7eb979,10.2,EXPERT,2024-11-07 16:53:15,2024-12-15 20:40:13
de1f1619-467b-a9e5-77e8-b762bb7eb979,2.4,ADVANCED,2024-11-27 18:31:02,2025-01-10 00:56:25
de1f1619-467b-a9e5-77e8-b762bb7eb979,10,ADVANCED,2024-11-02 18:38:42,2024-12-10 21:29:49
1111ee29-a8ad-1539-85f0-786a18a440bd,10.1,BEGINNER,2024-04-29 07:26:31,2024-06-01 22:48:24
9def57b4-d2da-43ec-0eec-c013b55beaaa,2.4,ADVANCED,2024-08-29 20:38:15,2024-09-03 04:06:32
9def57b4-d2da-43ec-0eec-c013b55beaaa,7.2,ADVANCED,2024-08-20 14:10:11,2024-09-05 15:54:58
9def57b4-d2da-43ec-0eec-c013b55beaaa,3.3,ADVANCED,2024-08-14 17:40:32,2024-10-14 16:43:25
9def57b4-d2da-43ec-0eec-c013b55beaaa,3.1,EXPERT,2024-08-30 01:55:56,2024-09-20 09:27:55
9def57b4-d2da-43ec-0eec-c013b55beaaa,4,BEGINNER,2024-08-23 14:56:53,2024-08-26 07:40:59
eefb2a24-7169-3ed5-9994-13ccff9957a8,8,ADVANCED,2025-03-29 06:40:47,2025-04-01 23:37:00
eefb2a24-7169-3ed5-9994-13ccff9957a8,1.1,EXPERT,2025-03-11 18:24:30,2025-03-16 18:48:39
82e2b02d-8dbc-de5a-eb4a-ede646a52064,6,ADVANCED,2025-01-30 12:21:22,2025-03-31 18:10:35
d13032db-e13a-14ca-5911-f42e559a8f54,6.2,EXPERT,2024-01-29 23:01:07,2024-03-06 02:32:47
d13032db-e13a-14ca-5911-f42e559a8f54,1.3,ADVANCED,2024-01-26 23:31:37,2024-02-05 18:45:10
d13032db-e13a-14ca-5911-f42e559a8f54,8,BEGINNER,2024-01-23 04:51:47,2024-02-07 14:49:22
0c9fa6e6-becc-f760-9249-ee3a79d19c4e,8.1,BEGINNER,2025-06-13 20:48:19,2025-07-31 12:56:45
0c9fa6e6-becc-f760-9249-ee3a79d19c4e,3.3,BEGINNER,2025-06-04 06:31:07,2025-07-14 05:38:10
0c9fa6e6-becc-f760-9249-ee3a79d19c4e,6.1,BEGINNER,2025-06-19 10:18:28,2025-08-02 10:57:20
0c9fa6e6-becc-f760-9249-ee3a79d19c4e,5.2,ADVANCED,2025-06-14 10:26:21,2025-07-29 13:17:39
0c9fa6e6-becc-f760-9249-ee3a79d19c4e,4.2,INTERMEDIATE,2025-06-16 04:48:45,2025-07-31 19:05:22
c509d558-0632-6b36-a7c8-f0c59808552c,7.2,EXPERT,2025-04-17 06:48:30,2025-06-04 06:32:13
c509d558-0632-6b36-a7c8-f0c59808552c,7,INTERMEDIATE,2025-03-30 03:18:01,2025-05-03 14:55:25
c509d558-0632-6b36-a7c8-f0c59808552c,5.1,ADVANCED,2025-03-31 21:35:58,2025-04-18 22:25:30
c509d558-0632-6b36-a7c8-f0c59808552c,10.2,BEGINNER,2025-04-15 06:50:46,2025-04-27 12:46:58
b1f02ea8-242f-5829-fe07-832abadc4599,4.1,EXPERT,2024-07-17 15:07:39,2024-08-12 09:42:42
b1f02ea8-242f-5829-fe07-832abadc4599,5.1,BEGINNER,2024-07-13 08:19:47,2024-08-12 12:45:27
05804493-b664-6199-ed25-459e8f8937fa,7.2,INTERMEDIATE,2025-06-09 04:06:45,2025-08-09 03:21:18
05804493-b664-6199-ed25-459e8f8937fa,1.1,INTERMEDIATE,2025-05-27 19:29:48,2025-07-25 07:11:03
05804493-b664-6199-ed25-459e8f8937fa,8.1,ADVANCED,2025-06-07 15:35:11,2025-07-31 01:27:11
05804493-b664-6199-ed25-459e8f8937fa,3.2,EXPERT,2025-06-16 11:43:52,2025-06-23 16:41:36
3a38b844-afbf-fde4-a022-6155df695d17,1.1,ADVANCED,2024-11-28 23:09:50,2025-01-02 20:19:17
3a38b844-afbf-fde4-a022-6155df695d17,10.2,BEGINNER,2024-11-18 21:46:04,2024-12-13 09:12:44
3a38b844-afbf-fde4-a022-6155df695d17,3,INTERMEDIATE,2024-12-15 10:22:03,2025-01-14 23:28:46
078c3875-ba21-e269-2540-fbfee12ff6cd,10,ADVANCED,2025-04-17 19:59:40,2025-04-25 04:52:52
078c3875-ba21-e269-2540-fbfee12ff6cd,6,ADVANCED,2025-04-12 02:09:07,2025-05-19 12:03:39
317979f9-29ed-e760-2334-08ba794e0838,1.1,EXPERT,2025-03-24 22:18:30,2025-04-07 22:19:12
0adbc4ff-e0b5-5615-d3b6-ef1b74f76d09,7.1,ADVANCED,2024-03-18 03:50:40,2024-03-22 06:32:52
0adbc4ff-e0b5-5615-d3b6-ef1b74f76d09,7,ADVANCED,2024-03-17 15:21:32,2024-04-11 07:25:11
0adbc4ff-e0b5-5615-d3b6-ef1b74f76d09,2,EXPERT,2024-02-23 00:59:06,2024-02-28 00:19:09
0adbc4ff-e0b5-5615-d3b6-ef1b74f76d09,1.3,EXPERT,2024-03-04 21:14:08,2024-04-07 04:09:45
0adbc4ff-e0b5-5615-d3b6-ef1b74f76d09,2.3,ADVANCED,2024-03-12 04:58:37,2024-03-16 04:21:51
74661e6f-e1ee-b1f1-33b1-d0dce552d0a8,1.1,INTERMEDIATE,2024-04-18 08:03:53,2024-04-28 09:49:21
74661e6f-e1ee-b1f1-33b1-d0dce552d0a8,9.1,INTERMEDIATE,2024-04-27 01:34:23,2024-05-23 22:43:01
74661e6f-e1ee-b1f1-33b1-d0dce552d0a8,8.1,EXPERT,2024-04-14 13:21:19,2024-04-20 13:16:50
a05f36c8-49ed-856e-723d-facdf601e005,1.3,INTERMEDIATE,2024-09-16 22:29:04,2024-10-30 15:45:08
a05f36c8-49ed-856e-723d-facdf601e005,3.1,ADVANCED,2024-09-22 15:58:45,2024-09-27 20:58:05
a05f36c8-49ed-856e-723d-facdf601e005,2,BEGINNER,2024-10-08 14:41:53,2024-12-06 02:48:22
a05f36c8-49ed-856e-723d-facdf601e005,4.3,BEGINNER,2024-09-30 09:43:25,2024-11-26 15:26:31
d6881d3e-93fd-e248-aac0-4912084d7822,3.1,EXPERT,2024-05-16 11:27:02,2024-06-18 08:47:10
d6881d3e-93fd-e248-aac0-4912084d7822,1,EXPERT,2024-05-07 15:47:32,2024-05-31 18:59:45
d6881d3e-93fd-e248-aac0-4912084d7822,7,INTERMEDIATE,2024-04-24 19:45:28,2024-05-14 04:22:31
d6881d3e-93fd-e248-aac0-4912084d7822,2.3,BEGINNER,2024-05-19 16:31:13,2024-05-29 04:49:45
d6881d3e-93fd-e248-aac0-4912084d7822,4.1,INTERMEDIATE,2024-05-18 01:38:27,2024-06-05 02:53:55
35b86d0a-864f-36dd-69ec-09d586eced99,2.2,EXPERT,2025-08-26 12:39:42,2025-10-23 03:27:32
35b86d0a-864f-36dd-69ec-09d586eced99,7.1,INTERMEDIATE,2025-08-31 00:51:31,2025-09-11 02:52:24
35b86d0a-864f-36dd-69ec-09d586eced99,9,INTERMEDIATE,2025-08-29 11:37:04,2025-10-26 06:11:56
00679b62-318c-d979-fab0-a15d4a5d6cea,3.3,EXPERT,2025-03-09 15:01:47,2025-03-20 09:36:08
7aa6d6ea-ac27-3009-ec1a-86d356830783,8.1,EXPERT,2025-05-15 06:51:53,2025-05-27 00:35:13
7aa6d6ea-ac27-3009-ec1a-86d356830783,4.1,EXPERT,2025-04-17 13:11:57,2025-06-05 03:58:58
7aa6d6ea-ac27-3009-ec1a-86d356830783,8,BEGINNER,2025-05-13 01:34:55,2025-06-28 22:02:20
7aa6d6ea-ac27-3009-ec1a-86d356830783,10.1,EXPERT,2025-05-01 18:41:24,2025-05-27 09:57:21
7aa6d6ea-ac27-3009-ec1a-86d356830783,4.2,EXPERT,2025-05-03 07:53:11,2025-05-03 19:41:11
dd56030e-1de9-87a2-985e-7e892ff8107a,3,ADVANCED,2025-03-19 22:52:39,2025-03-30 01:18:22
dd56030e-1de9-87a2-985e-7e892ff8107a,2.1,EXPERT,2025-02-27 22:06:24,2025-04-28 01:49:40
dd56030e-1de9-87a2-985e-7e892ff8107a,3.1,INTERMEDIATE,2025-03-17 16:18:00,2025-04-20 13:07:59
dd56030e-1de9-87a2-985e-7e892ff8107a,3.2,BEGINNER,2025-03-02 05:40:16,2025-04-07 18:10:04
dd56030e-1de9-87a2-985e-7e892ff8107a,4.1,ADVANCED,2025-03-17 06:06:45,2025-04-29 14:22:12
53cc6b95-c689-5836-4f73-ab1c860c7b68,1.1,EXPERT,2024-03-04 01:03:29,2024-04-19 08:46:22
53cc6b95-c689-5836-4f73-ab1c860c7b68,3.1,INTERMEDIATE,2024-03-02 19:10:29,2024-03-19 11:29:10
53cc6b95-c689-5836-4f73-ab1c860c7b68,2.4,BEGINNER,2024-02-17 18:46:39,2024-04-05 14:19:14
53cc6b95-c689-5836-4f73-ab1c860c7b68,1.2,EXPERT,2024-02-28 01:43:07,2024-03-27 22:17:39
53cc6b95-c689-5836-4f73-ab1c860c7b68,6.1,INTERMEDIATE,2024-03-09 01:09:26,2024-04-06 03:32:25
abcec90f-70ec-f41b-c5d5-601651b3ccf5,10.1,EXPERT,2024-05-11 22:09:47,2024-06-15 19:20:48
abcec90f-70ec-f41b-c5d5-601651b3ccf5,7.1,EXPERT,2024-05-05 22:28:39,2024-06-14 01:15:19
989b68c0-b465-c027-2dd1-d45b6454a82a,10.1,INTERMEDIATE,2025-01-03 11:22:46,2025-01-31 03:54:31
989b68c0-b465-c027-2dd1-d45b6454a82a,9.1,BEGINNER,2025-01-01 20:06:21,2025-02-07 02:38:08
989b68c0-b465-c027-2dd1-d45b6454a82a,7,INTERMEDIATE,2025-01-01 12:20:08,2025-02-14 04:20:33
989b68c0-b465-c027-2dd1-d45b6454a82a,3,BEGINNER,2024-12-28 12:36:03,2025-01-20 14:20:20
79af8348-10bb-c60d-07bf-63ee7ccd3dc0,7,INTERMEDIATE,2024-11-03 21:40:19,2024-11-11 02:58:16
79af8348-10bb-c60d-07bf-63ee7ccd3dc0,6.1,EXPERT,2024-11-10 20:00:30,2024-12-04 04:16:41
79af8348-10bb-c60d-07bf-63ee7ccd3dc0,8.2,ADVANCED,2024-10-31 15:03:48,2024-11-09 02:56:40
b1b2b5f8-8b66-1d1f-579a-7954c98e3f5b,4.2,INTERMEDIATE,2025-05-11 13:22:42,2025-07-04 22:13:07
b1b2b5f8-8b66-1d1f-579a-7954c98e3f5b,2.4,ADVANCED,2025-05-17 02:10:03,2025-07-15 21:09:09
ae77e249-34a6-3e76-3217-35257279101c,3.1,ADVANCED,2024-12-24 05:25:21,2025-02-08 20:37:19
ae77e249-34a6-3e76-3217-35257279101c,4.3,INTERMEDIATE,2024-12-30 17:13:10,2025-01-25 11:28:05
ae77e249-34a6-3e76-3217-35257279101c,2.1,BEGINNER,2024-12-29 04:15:50,2025-02-10 15:22:04
ae77e249-34a6-3e76-3217-35257279101c,6,ADVANCED,2025-01-05 10:02:23,2025-01-28 10:43:54
239a046d-7991-2c51-2c64-9adfa998c8e1,10.2,ADVANCED,2024-11-17 03:27:00,2024-12-03 10:27:12
239a046d-7991-2c51-2c64-9adfa998c8e1,6,BEGINNER,2024-11-13 01:16:04,2024-12-26 18:08:40
239a046d-7991-2c51-2c64-9adfa998c8e1,1.1,INTERMEDIATE,2024-11-21 10:06:38,2024-12-30 01:16:41
239a046d-7991-2c51-2c64-9adfa998c8e1,9.1,BEGINNER,2024-11-09 04:29:45,2024-11-24 13:19:47
01e6ee9a-9ac5-5023-6cbd-d9312f900058,4,INTERMEDIATE,2025-07-16 13:41:31,2025-07-23 00:33:51
01e6ee9a-9ac5-5023-6cbd-d9312f900058,7.1,EXPERT,2025-07-17 10:09:13,2025-08-10 06:05:26
01e6ee9a-9ac5-5023-6cbd-d9312f900058,5.2,EXPERT,2025-07-30 03:17:35,2025-08-05 11:09:02
7807c947-02c2-b367-c74d-8df088f7f097,1.2,BEGINNER,2025-01-26 23:03:05,2025-03-09 02:21:54
7807c947-02c2-b367-c74d-8df088f7f097,1.1,EXPERT,2024-12-29 05:29:39,2025-01-23 01:02:46
7807c947-02c2-b367-c74d-8df088f7f097,5,BEGINNER,2025-01-13 19:56:56,2025-03-08 00:45:26
41c7d9b3-db9c-9b7c-4674-a0eb47edc6dd,6.3,INTERMEDIATE,2024-07-01 23:01:58,2024-08-25 10:27:08
41c7d9b3-db9c-9b7c-4674-a0eb47edc6dd,2.4,ADVANCED,2024-07-03 17:04:14,2024-08-31 06:30:17
41c7d9b3-db9c-9b7c-4674-a0eb47edc6dd,4.2,ADVANCED,2024-07-02 01:00:49,2024-08-21 15:35:17
a46b3932-0de8-4b63-5856-e1fcd7825ea3,3.1,ADVANCED,2025-03-07 10:51:51,2025-04-24 08:09:25
a46b3932-0de8-4b63-5856-e1fcd7825ea3,2.4,ADVANCED,2025-03-08 18:46:53,2025-04-28 05:37:38
a46b3932-0de8-4b63-5856-e1fcd7825ea3,9.1,EXPERT,2025-02-18 16:27:49,2025-03-29 19:33:40
445fdde1-4534-17b5-55c0-6c8e45c87f41,1.1,INTERMEDIATE,2024-10-03 09:45:46,2024-11-23 19:09:26
445fdde1-4534-17b5-55c0-6c8e45c87f41,2.4,BEGINNER,2024-09-24 05:39:51,2024-09-28 12:48:32
445fdde1-4534-17b5-55c0-6c8e45c87f41,1,ADVANCED,2024-09-30 19:38:57,2024-10-05 01:39:17
e4db04c8-a817-4c85-9819-7749f041e4f7,1.2,EXPERT,2024-04-17 03:20:07,2024-04-23 12:39:25
e4db04c8-a817-4c85-9819-7749f041e4f7,10,INTERMEDIATE,2024-04-11 22:48:09,2024-05-13 03:20:03
e4db04c8-a817-4c85-9819-7749f041e4f7,4,EXPERT,2024-04-12 19:06:04,2024-06-02 09:52:22
e4db04c8-a817-4c85-9819-7749f041e4f7,8,INTERMEDIATE,2024-04-04 03:08:32,2024-04-27 19:56:17
f4a29332-421b-ecca-0f60-00f3fef72410,5.1,BEGINNER,2025-06-03 22:31:17,2025-06-15 21:06:08
f4a29332-421b-ecca-0f60-00f3fef72410,4,INTERMEDIATE,2025-06-10 19:52:18,2025-06-15 00:04:56
f4a29332-421b-ecca-0f60-00f3fef72410,2,EXPERT,2025-06-16 11:40:05,2025-07-06 06:45:08
546fcba3-b336-d143-26cf-bf5144352e6f,2.1,EXPERT,2025-04-08 05:21:02,2025-05-09 10:34:47
62588ce9-f7ae-ede8-0a11-9bac8df21ad5,1.1,INTERMEDIATE,2025-01-27 15:31:29,2025-03-13 18:13:58
62588ce9-f7ae-ede8-0a11-9bac8df21ad5,10.1,ADVANCED,2025-01-28 06:03:18,2025-02-27 20:23:34
62588ce9-f7ae-ede8-0a11-9bac8df21ad5,3.1,BEGINNER,2025-01-20 20:23:26,2025-01-29 08:33:21
ecc0baa6-3ba4-f2ba-9450-0024bdb58d06,3,BEGINNER,2025-05-25 01:49:44,2025-06-18 23:24:59
ecc0baa6-3ba4-f2ba-9450-0024bdb58d06,2.1,EXPERT,2025-05-10 05:38:10,2025-05-22 04:06:17
ecc0baa6-3ba4-f2ba-9450-0024bdb58d06,9.2,INTERMEDIATE,2025-05-03 06:31:58,2025-05-16 13:00:48
5253b6f7-2328-051e-8bbf-1b30937292e6,3.2,ADVANCED,2024-03-29 02:13:19,2024-04-05 01:41:10
5253b6f7-2328-051e-8bbf-1b30937292e6,1.1,INTERMEDIATE,2024-03-27 06:21:49,2024-04-15 13:57:24
5253b6f7-2328-051e-8bbf-1b30937292e6,6,INTERMEDIATE,2024-03-12 17:37:50,2024-04-05 15:53:40
5253b6f7-2328-051e-8bbf-1b30937292e6,3,EXPERT,2024-03-16 05:36:26,2024-04-11 09:08:12
5253b6f7-2328-051e-8bbf-1b30937292e6,4,ADVANCED,2024-03-29 12:13:40,2024-04-12 18:05:05
a3cb9e18-24a1-67fd-34c6-ea9b207c0594,1.1,BEGINNER,2024-02-17 12:48:36,2024-04-18 04:28:21
a3cb9e18-24a1-67fd-34c6-ea9b207c0594,6.1,INTERMEDIATE,2024-02-14 18:50:37,2024-04-09 13:18:37
d80213ba-af6c-2278-2633-1cc6cbeed3e3,3.2,EXPERT,2024-03-07 13:06:15,2024-04-15 03:54:48
d80213ba-af6c-2278-2633-1cc6cbeed3e3,8.1,INTERMEDIATE,2024-03-20 08:36:49,2024-05-04 18:45:26
d80213ba-af6c-2278-2633-1cc6cbeed3e3,2,ADVANCED,2024-03-01 09:25:09,2024-04-13 12:33:59
d80213ba-af6c-2278-2633-1cc6cbeed3e3,3.1,INTERMEDIATE,2024-03-10 05:14:04,2024-05-04 06:49:16
d80213ba-af6c-2278-2633-1cc6cbeed3e3,1.3,EXPERT,2024-02-27 06:40:06,2024-04-02 22:18:57
c76aec88-3ae5-6c8d-5360-16e7e5fbc1c0,9.2,BEGINNER,2025-03-20 07:47:08,2025-04-05 04:21:33
c76aec88-3ae5-6c8d-5360-16e7e5fbc1c0,8.1,EXPERT,2025-03-23 16:36:58,2025-04-10 01:52:57
c76aec88-3ae5-6c8d-5360-16e7e5fbc1c0,6.2,EXPERT,2025-03-18 18:17:33,2025-05-12 12:37:40
c76aec88-3ae5-6c8d-5360-16e7e5fbc1c0,4,BEGINNER,2025-03-01 03:18:52,2025-03-11 10:14:38
c76aec88-3ae5-6c8d-5360-16e7e5fbc1c0,6.3,ADVANCED,2025-02-26 20:06:33,2025-03-09 19:44:20
6b10b786-7565-6daf-772d-416dda05d2fc,2.1,BEGINNER,2024-06-19 12:10:14,2024-07-31 11:42:26
fdc419b2-0a41-4919-0b52-46f3faed5777,3.3,EXPERT,2024-04-17 21:08:46,2024-04-23 16:15:55
fdc419b2-0a41-4919-0b52-46f3faed5777,1,BEGINNER,2024-04-12 19:41:01,2024-04-21 22:54:11
fdc419b2-0a41-4919-0b52-46f3faed5777,7.2,INTERMEDIATE,2024-05-08 21:30:59,2024-06-07 11:00:47
fdc419b2-0a41-4919-0b52-46f3faed5777,9,BEGINNER,2024-04-12 03:10:04,2024-05-30 00:15:11
fdc419b2-0a41-4919-0b52-46f3faed5777,2.1,BEGINNER,2024-04-23 11:37:23,2024-06-20 16:39:30
ca342e3c-2f58-9a81-67c5-b29bb400a5e1,2.4,BEGINNER,2025-01-05 08:15:17,2025-02-14 08:01:30
ca342e3c-2f58-9a81-67c5-b29bb400a5e1,6.1,BEGINNER,2024-12-16 19:14:45,2025-01-10 05:28:19
ca342e3c-2f58-9a81-67c5-b29bb400a5e1,10,BEGINNER,2024-12-28 06:31:59,2025-02-23 04:23:18
ca342e3c-2f58-9a81-67c5-b29bb400a5e1,8.1,EXPERT,2024-12-11 10:13:24,2024-12-16 19:15:14
c6090b78-b597-1e43-8f8d-d99511274cb2,2.4,ADVANCED,2024-05-16 14:54:55,2024-05-18 09:07:39
c6090b78-b597-1e43-8f8d-d99511274cb2,6.1,BEGINNER,2024-05-27 17:17:11,2024-07-19 20:08:58
c6090b78-b597-1e43-8f8d-d99511274cb2,1,EXPERT,2024-05-22 12:16:29,2024-06-28 07:38:37
c6090b78-b597-1e43-8f8d-d99511274cb2,6,ADVANCED,2024-05-23 06:19:53,2024-06-06 20:27:02
c6090b78-b597-1e43-8f8d-d99511274cb2,3,EXPERT,2024-05-03 19:30:09,2024-06-08 06:04:32
2dc69c90-e5df-c7af-6403-c4bc14860c2d,2.4,EXPERT,2024-05-03 10:06:18,2024-06-21 14:07:27
2dc69c90-e5df-c7af-6403-c4bc14860c2d,4,INTERMEDIATE,2024-05-24 08:36:38,2024-06-17 03:47:08
2dc69c90-e5df-c7af-6403-c4bc14860c2d,1.1,EXPERT,2024-05-12 22:26:34,2024-05-23 18:05:37
5388d128-c96d-525e-a563-9cf4a7dfeb92,8,ADVANCED,2024-05-29 12:12:16,2024-06-12 16:21:11
2060917a-9314-14e8-510e-641ffe67e8e9,2.2,ADVANCED,2025-08-26 04:43:23,2025-08-26 12:28:08
2060917a-9314-14e8-510e-641ffe67e8e9,6.1,EXPERT,2025-07-31 14:05:49,2025-08-02 09:29:47
2060917a-9314-14e8-510e-641ffe67e8e9,6,EXPERT,2025-08-29 22:39:40,2025-10-18 19:08:03
2060917a-9314-14e8-510e-641ffe67e8e9,4.3,ADVANCED,2025-08-27 16:41:46,2025-09-20 07:19:29
2060917a-9314-14e8-510e-641ffe67e8e9,3.1,BEGINNER,2025-08-10 16:30:35,2025-08-21 23:47:05
aab9278d-92df-cf99-fe7b-178dfb0e7c28,4.3,BEGINNER,2024-02-24 13:50:37,2024-03-30 15:39:44
aab9278d-92df-cf99-fe7b-178dfb0e7c28,8.2,INTERMEDIATE,2024-02-12 19:45:26,2024-04-11 19:35:52
31c77a44-64f8-f226-8304-81c2f9d09e26,8.1,BEGINNER,2025-02-23 22:33:59,2025-03-27 04:01:32
4da08e48-3531-518a-24c5-8b47160934d1,1,BEGINNER,2024-01-11 03:17:59,2024-03-07 02:24:20
4da08e48-3531-518a-24c5-8b47160934d1,10,INTERMEDIATE,2024-01-22 00:53:30,2024-01-24 14:21:36
4da08e48-3531-518a-24c5-8b47160934d1,2.2,ADVANCED,2024-01-09 13:26:12,2024-01-30 15:30:04
4da08e48-3531-518a-24c5-8b47160934d1,6.3,INTERMEDIATE,2024-01-19 14:58:29,2024-02-07 21:49:54
4da08e48-3531-518a-24c5-8b47160934d1,8.1,ADVANCED,2024-01-11 20:52:59,2024-01-13 15:20:10
e4871ab3-aa79-4de7-a760-49771fca0f16,10,INTERMEDIATE,2024-02-14 13:01:24,2024-03-20 13:22:36
e4871ab3-aa79-4de7-a760-49771fca0f16,6.2,EXPERT,2024-02-19 00:59:09,2024-04-10 15:58:25
e4871ab3-aa79-4de7-a760-49771fca0f16,8.1,BEGINNER,2024-02-28 01:16:09,2024-03-08 03:38:46
e4871ab3-aa79-4de7-a760-49771fca0f16,8,BEGINNER,2024-02-15 20:41:25,2024-03-31 11:42:27
e4871ab3-aa79-4de7-a760-49771fca0f16,4.3,BEGINNER,2024-02-08 01:14:44,2024-02-14 10:36:24
a2e11798-6b65-450b-5c75-352c45cdb96b,2.3,ADVANCED,2024-03-21 15:50:20,2024-05-03 05:58:18
303c1503-d4e2-0134-389a-e4fd80ddb386,1.1,BEGINNER,2024-05-23 10:15:38,2024-06-08 04:05:13
13e675fd-1c99-d366-c8b6-2c18c355853e,5,ADVANCED,2024-04-30 15:52:58,2024-06-09 11:25:00
13e675fd-1c99-d366-c8b6-2c18c355853e,1,EXPERT,2024-05-11 06:43:13,2024-07-09 19:33:51
13e675fd-1c99-d366-c8b6-2c18c355853e,6,BEGINNER,2024-05-10 18:31:46,2024-05-23 09:09:14
13e675fd-1c99-d366-c8b6-2c18c355853e,4.2,EXPERT,2024-05-17 00:15:20,2024-06-21 23:33:26
13e675fd-1c99-d366-c8b6-2c18c355853e,2,EXPERT,2024-05-19 22:56:51,2024-06-02 14:14:54
c7e2a618-8029-93b1-daea-544a291a4905,5,ADVANCED,2025-09-08 20:00:24,2025-09-22 19:44:56
c7e2a618-8029-93b1-daea-544a291a4905,4.2,BEGINNER,2025-09-03 04:31:20,2025-10-12 19:22:20
c7e2a618-8029-93b1-daea-544a291a4905,4.1,INTERMEDIATE,2025-09-06 17:44:09,2025-10-04 14:52:10
c7e2a618-8029-93b1-daea-544a291a4905,3.2,BEGINNER,2025-08-29 11:05:42,2025-10-21 04:59:52
22cb2720-850c-ddfd-1c3d-ae1977455560,7.2,ADVANCED,2024-12-03 05:50:06,2025-01-14 06:30:57
fa42156e-972e-c23e-b1ed-f3d3668f5032,10.1,EXPERT,2025-01-11 17:54:17,2025-02-24 16:42:56
a0dcec7d-3b17-2319-7f4d-55b97d457a09,2.3,ADVANCED,2025-06-09 06:48:04,2025-07-13 23:28:41
a0dcec7d-3b17-2319-7f4d-55b97d457a09,2.1,EXPERT,2025-06-25 03:33:12,2025-08-16 06:08:11
714b5c03-6057-97cf-da55-f8255086f384,5.2,INTERMEDIATE,2024-11-12 10:39:27,2025-01-07 22:12:59
714b5c03-6057-97cf-da55-f8255086f384,10.1,BEGINNER,2024-11-25 21:42:54,2024-12-23 22:17:05
714b5c03-6057-97cf-da55-f8255086f384,2.4,EXPERT,2024-12-02 07:27:05,2024-12-04 20:57:25
5dcd0d40-d641-5102-20d1-968f0b8ce21f,3.2,BEGINNER,2025-04-10 02:47:02,2025-04-15 12:25:27
528a34f3-63ea-c0a1-9202-b09c60b36938,3.1,EXPERT,2024-12-27 16:16:43,2025-02-03 01:06:53
6d56cfd5-79ab-3018-87f3-c9a4cd1a810d,9.2,BEGINNER,2024-11-25 18:45:51,2024-11-28 13:08:05
6d56cfd5-79ab-3018-87f3-c9a4cd1a810d,3,BEGINNER,2024-11-12 01:33:11,2024-12-09 04:55:38
6d56cfd5-79ab-3018-87f3-c9a4cd1a810d,8.2,INTERMEDIATE,2024-11-19 16:23:49,2024-12-01 07:42:32
6d56cfd5-79ab-3018-87f3-c9a4cd1a810d,7.1,EXPERT,2024-11-14 22:06:56,2024-11-21 12:44:47
6d56cfd5-79ab-3018-87f3-c9a4cd1a810d,9,ADVANCED,2024-11-09 08:22:36,2025-01-05 04:22:02
5d411ac5-335d-ab46-85b3-75aa0f546781,7,BEGINNER,2025-03-22 06:49:27,2025-04-10 10:53:55
5d411ac5-335d-ab46-85b3-75aa0f546781,10.1,ADVANCED,2025-03-26 15:42:01,2025-04-19 19:53:00
5d411ac5-335d-ab46-85b3-75aa0f546781,4.2,INTERMEDIATE,2025-04-09 06:13:35,2025-05-05 14:48:09
5d411ac5-335d-ab46-85b3-75aa0f546781,4.3,EXPERT,2025-03-22 14:57:45,2025-05-10 22:15:19
5d411ac5-335d-ab46-85b3-75aa0f546781,8,INTERMEDIATE,2025-04-08 20:53:09,2025-05-17 22:49:36
ca27cd69-4226-4ba4-0775-d77822ed1e25,7.1,BEGINNER,2025-06-06 01:32:33,2025-07-12 03:59:34
ca27cd69-4226-4ba4-0775-d77822ed1e25,9,INTERMEDIATE,2025-05-14 18:08:08,2025-07-06 21:46:05
ca27cd69-4226-4ba4-0775-d77822ed1e25,3,INTERMEDIATE,2025-05-24 06:52:33,2025-07-03 12:45:28
63d3ce8e-bcbb-859a-9596-6725d513da02,2.2,ADVANCED,2024-05-13 04:10:17,2024-06-03 09:25:19
63d3ce8e-bcbb-859a-9596-6725d513da02,4.1,BEGINNER,2024-04-30 07:45:23,2024-05-25 18:35:16
63d3ce8e-bcbb-859a-9596-6725d513da02,4,ADVANCED,2024-05-18 19:37:15,2024-06-05 05:08:24
63d3ce8e-bcbb-859a-9596-6725d513da02,9,INTERMEDIATE,2024-04-23 09:19:44,2024-05-14 05:22:39
4f2c386f-627b-0edd-8d7f-937140c37cbc,5,BEGINNER,2025-02-13 12:29:13,2025-04-02 04:27:11
4f2c386f-627b-0edd-8d7f-937140c37cbc,1.1,BEGINNER,2025-02-26 02:07:09,2025-03-14 21:41:45
4f2c386f-627b-0edd-8d7f-937140c37cbc,7.2,INTERMEDIATE,2025-02-19 03:57:11,2025-02-19 16:27:04
b2cfba8b-290c-42f8-d30b-ef6519b38619,5,ADVANCED,2025-07-17 22:37:55,2025-08-20 02:28:09
97d02f8f-affd-d43b-2c69-1f0442bbeaae,3.2,EXPERT,2025-03-14 15:53:59,2025-04-22 23:38:36
97d02f8f-affd-d43b-2c69-1f0442bbeaae,7.1,ADVANCED,2025-03-23 15:46:53,2025-04-12 08:11:29
97d02f8f-affd-d43b-2c69-1f0442bbeaae,7,BEGINNER,2025-03-22 22:31:46,2025-04-29 06:52:37
97d02f8f-affd-d43b-2c69-1f0442bbeaae,4.3,BEGINNER,2025-03-03 23:50:33,2025-04-19 19:33:44
97d02f8f-affd-d43b-2c69-1f0442bbeaae,10.1,EXPERT,2025-03-28 18:00:55,2025-04-21 01:45:54
742632d7-eda4-13c6-eb84-66e4c5fae047,6.2,INTERMEDIATE,2024-07-17 19:48:52,2024-08-14 17:34:55
b169fded-f972-3977-52c0-3f9bdf16eb70,10.1,ADVANCED,2024-09-29 18:33:20,2024-11-09 22:39:52
b169fded-f972-3977-52c0-3f9bdf16eb70,10.2,BEGINNER,2024-09-29 22:44:38,2024-10-24 13:44:41
b169fded-f972-3977-52c0-3f9bdf16eb70,7.1,ADVANCED,2024-10-09 07:48:11,2024-10-28 12:07:44
b169fded-f972-3977-52c0-3f9bdf16eb70,4,ADVANCED,2024-09-24 12:25:33,2024-10-19 01:09:28
b169fded-f972-3977-52c0-3f9bdf16eb70,7.2,EXPERT,2024-10-15 11:02:10,2024-11-24 00:29:41
16f32b93-21c5-7a88-77d4-68eae0bdd765,6,ADVANCED,2024-12-11 23:24:41,2024-12-12 08:45:08
6fb9de37-7796-048f-b4b9-fb7329debccc,8.1,BEGINNER,2025-08-16 15:19:50,2025-10-05 01:34:02
6fb9de37-7796-048f-b4b9-fb7329debccc,6.1,EXPERT,2025-08-11 04:45:25,2025-09-30 16:02:16
6fb9de37-7796-048f-b4b9-fb7329debccc,10.1,EXPERT,2025-08-26 13:19:39,2025-10-20 09:31:28
6fb9de37-7796-048f-b4b9-fb7329debccc,1.1,ADVANCED,2025-08-08 22:47:34,2025-08-15 11:27:55
06a574ec-5422-ea97-e32a-878718246315,1.3,INTERMEDIATE,2024-05-11 16:36:11,2024-07-04 21:43:22
06a574ec-5422-ea97-e32a-878718246315,1,EXPERT,2024-04-28 00:57:52,2024-05-26 14:54:22
9a2fc701-f3af-bb09-8c12-6e0e121af952,7.1,BEGINNER,2024-09-21 23:29:02,2024-09-28 01:40:19
9a2fc701-f3af-bb09-8c12-6e0e121af952,2.4,EXPERT,2024-09-05 09:03:55,2024-10-07 17:38:46
9a2fc701-f3af-bb09-8c12-6e0e121af952,6,EXPERT,2024-09-03 21:53:58,2024-10-07 22:00:28
c1a95ee2-1718-cfde-6c4e-5a8c99afee64,9.1,BEGINNER,2025-04-08 13:14:08,2025-05-17 00:43:07
c1a95ee2-1718-cfde-6c4e-5a8c99afee64,10.2,INTERMEDIATE,2025-04-10 19:30:40,2025-05-26 09:20:56
c1a95ee2-1718-cfde-6c4e-5a8c99afee64,2.4,BEGINNER,2025-04-02 00:06:41,2025-05-18 04:04:51
c1a95ee2-1718-cfde-6c4e-5a8c99afee64,3.3,EXPERT,2025-03-19 03:18:46,2025-05-05 18:40:00
6cc721f0-82ba-0fed-1b8d-c821836f224b,7,INTERMEDIATE,2024-10-02 20:28:41,2024-11-12 01:51:57
6cc721f0-82ba-0fed-1b8d-c821836f224b,10.1,ADVANCED,2024-09-27 07:13:31,2024-11-02 06:01:45
6cc721f0-82ba-0fed-1b8d-c821836f224b,1.3,EXPERT,2024-10-16 11:29:40,2024-12-03 19:32:42
017f319f-0496-1795-88cc-ddbc6f0d7229,5.2,BEGINNER,2025-05-07 21:47:42,2025-05-17 04:42:38
017f319f-0496-1795-88cc-ddbc6f0d7229,6.3,EXPERT,2025-04-20 11:38:04,2025-06-19 10:06:22
017f319f-0496-1795-88cc-ddbc6f0d7229,5.1,EXPERT,2025-05-09 03:12:47,2025-05-14 17:41:44
160a3a13-30df-c50c-89e0-8b89ca3e3238,4.2,INTERMEDIATE,2024-02-13 08:54:44,2024-02-24 00:04:45
160a3a13-30df-c50c-89e0-8b89ca3e3238,5.1,EXPERT,2024-02-20 05:45:21,2024-04-03 11:37:25
b98050a6-974e-598d-836b-47c37c711cc8,1,ADVANCED,2024-02-15 01:15:10,2024-03-10 09:07:12
b98050a6-974e-598d-836b-47c37c711cc8,10.1,INTERMEDIATE,2024-01-31 21:16:32,2024-02-03 09:55:22
b98050a6-974e-598d-836b-47c37c711cc8,1.3,INTERMEDIATE,2024-01-31 22:10:52,2024-03-25 02:28:31
d544c79b-6ab7-6840-f5b5-ac7163ef5e69,4.1,EXPERT,2024-10-19 06:37:45,2024-12-05 10:09:49
d544c79b-6ab7-6840-f5b5-ac7163ef5e69,5.2,ADVANCED,2024-10-31 23:19:23,2024-12-03 02:12:50
d544c79b-6ab7-6840-f5b5-ac7163ef5e69,1,ADVANCED,2024-10-22 16:03:21,2024-12-20 13:26:37
8fde042a-1ee5-6930-3a08-5f6a9e189a98,1.3,BEGINNER,2024-03-11 04:48:35,2024-04-19 11:17:20
8fde042a-1ee5-6930-3a08-5f6a9e189a98,10.1,INTERMEDIATE,2024-02-18 23:01:38,2024-04-07 22:43:58
8fde042a-1ee5-6930-3a08-5f6a9e189a98,4,ADVANCED,2024-03-09 21:25:06,2024-04-13 11:57:38
8fde042a-1ee5-6930-3a08-5f6a9e189a98,6.3,EXPERT,2024-03-16 20:05:21,2024-05-07 15:41:58
b54a31ba-4ac8-927e-ba75-1921283348ea,10,EXPERT,2024-12-19 04:45:38,2024-12-27 19:51:55
b54a31ba-4ac8-927e-ba75-1921283348ea,9.2,EXPERT,2024-12-29 17:24:18,2025-01-12 19:15:23
b54a31ba-4ac8-927e-ba75-1921283348ea,3,INTERMEDIATE,2024-12-30 21:19:11,2025-01-08 04:12:46
b54a31ba-4ac8-927e-ba75-1921283348ea,1.3,BEGINNER,2024-12-27 03:18:27,2025-01-11 10:55:17
b54a31ba-4ac8-927e-ba75-1921283348ea,5.2,INTERMEDIATE,2024-12-12 16:49:36,2025-01-17 07:51:01
7570d730-e5e7-9add-68c8-7ed8eb035cda,4,BEGINNER,2024-02-04 02:27:32,2024-02-17 07:36:39
7570d730-e5e7-9add-68c8-7ed8eb035cda,3.2,BEGINNER,2024-02-07 10:51:44,2024-02-21 16:47:44
7570d730-e5e7-9add-68c8-7ed8eb035cda,10,BEGINNER,2024-01-15 06:24:57,2024-02-13 19:49:04
7570d730-e5e7-9add-68c8-7ed8eb035cda,9.2,EXPERT,2024-02-10 08:24:26,2024-03-22 04:07:21
7570d730-e5e7-9add-68c8-7ed8eb035cda,1.3,INTERMEDIATE,2024-02-03 19:58:33,2024-03-09 22:50:51
d3b68150-0205-e16a-581a-b26ce8c35a79,7,INTERMEDIATE,2025-07-14 04:06:36,2025-08-18 14:05:56
d3b68150-0205-e16a-581a-b26ce8c35a79,2.1,ADVANCED,2025-08-01 07:28:11,2025-09-18 09:18:41
d3b68150-0205-e16a-581a-b26ce8c35a79,5.1,ADVANCED,2025-07-25 22:31:47,2025-08-07 08:51:13
3dc8719c-4239-850b-97ae-50f08a39068b,1.2,EXPERT,2025-01-17 00:27:21,2025-01-18 15:21:09
53edc74f-1af0-26df-3f64-e5eebccd9b8c,1,BEGINNER,2024-06-26 15:49:40,2024-08-03 04:18:33
53edc74f-1af0-26df-3f64-e5eebccd9b8c,6.3,EXPERT,2024-06-10 08:25:37,2024-06-12 21:53:34
208b326a-817b-2f21-24f3-df1429b01062,5,BEGINNER,2025-05-10 20:28:45,2025-06-03 06:23:50
208b326a-817b-2f21-24f3-df1429b01062,2.1,BEGINNER,2025-05-04 07:20:47,2025-06-24 21:55:07
208b326a-817b-2f21-24f3-df1429b01062,2,EXPERT,2025-04-24 19:55:46,2025-06-22 14:13:35
208b326a-817b-2f21-24f3-df1429b01062,1,EXPERT,2025-04-13 16:41:47,2025-05-07 10:29:59
bd5a6112-d1b2-2e3c-2ede-2487373058be,10.2,EXPERT,2024-02-28 16:17:12,2024-04-05 11:42:22
bd5a6112-d1b2-2e3c-2ede-2487373058be,3.3,BEGINNER,2024-03-06 13:20:36,2024-04-08 20:55:03
bd5a6112-d1b2-2e3c-2ede-2487373058be,5.1,BEGINNER,2024-03-02 15:14:18,2024-04-13 07:04:57
bd5a6112-d1b2-2e3c-2ede-2487373058be,3,EXPERT,2024-02-26 22:54:27,2024-04-04 12:05:50
f544b28c-0bba-d72a-8a7e-9cce56c890a5,8.2,BEGINNER,2024-02-24 15:42:34,2024-04-02 22:50:35
0b840c50-96c1-b183-66dc-39895207c6cc,8,ADVANCED,2025-03-15 06:29:09,2025-04-19 11:53:09
0b840c50-96c1-b183-66dc-39895207c6cc,6.2,INTERMEDIATE,2025-03-03 03:49:33,2025-04-20 22:13:32
4207fb51-52ff-eff5-e49c-5edd69aec17b,8.2,ADVANCED,2025-09-04 03:03:52,2025-09-11 17:35:21
a2c3b917-d8a5-aa52-157b-0495722be4aa,2.4,INTERMEDIATE,2024-07-07 01:59:05,2024-07-18 04:05:39
6532b3ae-16f7-91ac-4cf6-a29711e74656,2.1,BEGINNER,2024-08-17 12:44:01,2024-08-27 08:14:22
6532b3ae-16f7-91ac-4cf6-a29711e74656,7.1,ADVANCED,2024-08-18 06:24:36,2024-10-13 15:11:22
6532b3ae-16f7-91ac-4cf6-a29711e74656,2.4,ADVANCED,2024-08-12 08:39:43,2024-09-16 20:23:01
648df4c0-c330-ec14-7d2d-93e8b40b7288,1.2,ADVANCED,2024-05-10 21:47:00,2024-05-20 02:41:55
648df4c0-c330-ec14-7d2d-93e8b40b7288,6,EXPERT,2024-05-21 21:38:00,2024-05-23 20:41:04
648df4c0-c330-ec14-7d2d-93e8b40b7288,8,INTERMEDIATE,2024-05-14 19:49:45,2024-06-10 03:53:14
648df4c0-c330-ec14-7d2d-93e8b40b7288,9.2,INTERMEDIATE,2024-05-13 01:10:18,2024-07-07 16:21:50
e78dcf32-7e2a-9f73-47df-a607096b7724,6,ADVANCED,2024-05-09 10:18:30,2024-07-01 02:29:40
e78dcf32-7e2a-9f73-47df-a607096b7724,5,ADVANCED,2024-05-16 07:51:37,2024-05-24 20:56:01
e78dcf32-7e2a-9f73-47df-a607096b7724,1,BEGINNER,2024-04-24 08:40:35,2024-06-13 20:16:16
e78dcf32-7e2a-9f73-47df-a607096b7724,1.3,EXPERT,2024-04-25 21:12:55,2024-04-26 16:24:49
e78dcf32-7e2a-9f73-47df-a607096b7724,2.1,BEGINNER,2024-05-21 21:29:14,2024-05-27 07:40:41
a4165dd1-6d57-5fd1-f019-955f00801ed9,6.3,BEGINNER,2024-10-15 02:47:25,2024-11-20 06:59:27
a0135044-a041-301d-1016-8d654f90f91a,2,ADVANCED,2024-12-09 08:32:03,2025-01-23 04:37:59
a0135044-a041-301d-1016-8d654f90f91a,8,INTERMEDIATE,2024-12-26 15:35:50,2025-01-13 23:27:31
a0135044-a041-301d-1016-8d654f90f91a,6,INTERMEDIATE,2025-01-03 11:48:35,2025-01-30 06:24:11
a0135044-a041-301d-1016-8d654f90f91a,1,BEGINNER,2025-01-05 06:37:14,2025-02-12 14:54:44
6e8d0018-a04d-ac84-9c59-5e034d2d3557,2.1,BEGINNER,2025-02-01 06:58:13,2025-02-06 13:56:02
6e8d0018-a04d-ac84-9c59-5e034d2d3557,9.2,EXPERT,2025-01-27 05:27:41,2025-02-05 17:17:16
6e8d0018-a04d-ac84-9c59-5e034d2d3557,3,ADVANCED,2025-02-02 18:17:43,2025-03-04 03:31:39
6e8d0018-a04d-ac84-9c59-5e034d2d3557,9,INTERMEDIATE,2025-02-09 05:40:27,2025-04-06 13:02:22
419bf74e-8247-23c3-a32a-4516204054fb,10,INTERMEDIATE,2024-09-23 02:53:49,2024-10-20 17:06:26
419bf74e-8247-23c3-a32a-4516204054fb,1.3,ADVANCED,2024-09-27 22:48:21,2024-11-26 16:20:33
419bf74e-8247-23c3-a32a-4516204054fb,7.1,ADVANCED,2024-10-05 19:11:53,2024-10-20 08:10:44
419bf74e-8247-23c3-a32a-4516204054fb,5,EXPERT,2024-09-17 18:25:05,2024-10-09 04:28:33
e893786d-a3fb-6609-334b-92a2f9fc9c3f,1.3,INTERMEDIATE,2025-05-09 00:05:43,2025-05-14 11:30:53
e893786d-a3fb-6609-334b-92a2f9fc9c3f,7.1,ADVANCED,2025-05-12 10:31:13,2025-05-13 05:33:47
e893786d-a3fb-6609-334b-92a2f9fc9c3f,6.3,BEGINNER,2025-05-22 14:50:23,2025-06-23 11:34:42
5ce195be-01b8-c14a-fd68-a5d7d37a430a,2.2,ADVANCED,2024-05-28 01:25:06,2024-07-10 01:34:27
5ce195be-01b8-c14a-fd68-a5d7d37a430a,4.1,INTERMEDIATE,2024-05-20 04:01:52,2024-05-24 01:46:03
5ce195be-01b8-c14a-fd68-a5d7d37a430a,2.1,ADVANCED,2024-05-17 13:44:13,2024-06-26 01:42:27
5ce195be-01b8-c14a-fd68-a5d7d37a430a,8.2,BEGINNER,2024-05-23 22:02:33,2024-07-06 03:03:30
5ce195be-01b8-c14a-fd68-a5d7d37a430a,9.2,ADVANCED,2024-05-18 17:29:56,2024-07-15 04:20:46
a7a581e8-6101-14f4-2322-6464ad6d84ef,1,BEGINNER,2025-04-18 06:12:42,2025-06-01 07:18:02
3f46a43a-53e2-e047-2608-7b53ca226cfe,4,ADVANCED,2024-04-24 21:34:25,2024-06-01 06:03:05
3f46a43a-53e2-e047-2608-7b53ca226cfe,3.2,EXPERT,2024-03-26 15:08:44,2024-05-19 06:15:32
3f46a43a-53e2-e047-2608-7b53ca226cfe,6.2,ADVANCED,2024-04-16 07:44:50,2024-05-16 03:19:53
6559b365-3c00-a0f0-dcf8-987873bb84e5,6.3,BEGINNER,2024-06-10 08:35:18,2024-07-19 14:55:07
6559b365-3c00-a0f0-dcf8-987873bb84e5,1.1,INTERMEDIATE,2024-06-16 19:14:12,2024-06-23 19:31:34
6559b365-3c00-a0f0-dcf8-987873bb84e5,4.1,ADVANCED,2024-07-09 22:12:48,2024-08-05 23:45:27
6559b365-3c00-a0f0-dcf8-987873bb84e5,2,INTERMEDIATE,2024-06-11 22:50:54,2024-07-22 18:49:00
6559b365-3c00-a0f0-dcf8-987873bb84e5,1.3,ADVANCED,2024-06-30 07:13:14,2024-08-08 12:47:36
1519613c-e6c7-1f15-5bed-83be136d6cce,6.3,EXPERT,2024-05-05 12:46:26,2024-05-09 13:49:52
1519613c-e6c7-1f15-5bed-83be136d6cce,6.1,BEGINNER,2024-05-20 05:23:43,2024-05-21 18:00:10
3bd54863-7974-c90b-35ba-5e93bfc77282,10.1,INTERMEDIATE,2024-11-29 13:56:19,2024-12-15 15:46:03
05f30bc5-9642-b052-5379-f2794cb50625,9.2,ADVANCED,2025-08-26 12:28:32,2025-09-13 22:06:16
05f30bc5-9642-b052-5379-f2794cb50625,5,INTERMEDIATE,2025-09-01 12:52:38,2025-09-27 04:22:02
05f30bc5-9642-b052-5379-f2794cb50625,2.4,BEGINNER,2025-08-15 15:51:51,2025-08-26 12:14:44
05f30bc5-9642-b052-5379-f2794cb50625,4,EXPERT,2025-08-07 21:05:02,2025-08-28 05:13:59
48a84587-62c9-f4fc-f686-cfa7e94ded1e,5.1,INTERMEDIATE,2024-03-14 13:49:11,2024-04-20 15:29:22
48a84587-62c9-f4fc-f686-cfa7e94ded1e,2.2,BEGINNER,2024-03-07 03:52:21,2024-04-30 06:56:21
46834cc5-757e-2b43-af51-6850b77e5f7a,1.2,BEGINNER,2025-03-05 22:27:13,2025-04-01 14:43:28
46834cc5-757e-2b43-af51-6850b77e5f7a,7.2,INTERMEDIATE,2025-02-17 07:56:39,2025-03-14 22:11:29
46834cc5-757e-2b43-af51-6850b77e5f7a,6.2,EXPERT,2025-03-04 05:10:12,2025-04-16 16:10:10
46834cc5-757e-2b43-af51-6850b77e5f7a,4.2,INTERMEDIATE,2025-02-23 23:27:05,2025-03-30 13:47:59
46834cc5-757e-2b43-af51-6850b77e5f7a,1,EXPERT,2025-02-15 10:29:02,2025-03-24 23:48:12
286e3f0a-dedb-aec4-e2b2-de4b3d5cab0e,4.1,INTERMEDIATE,2025-03-28 09:34:05,2025-05-18 15:25:05
eac97d37-b587-8d33-1d5b-d8b04027b283,6.3,INTERMEDIATE,2024-03-12 20:05:11,2024-05-07 20:49:49
eac97d37-b587-8d33-1d5b-d8b04027b283,6.2,INTERMEDIATE,2024-03-11 01:42:47,2024-05-01 13:35:57
eac97d37-b587-8d33-1d5b-d8b04027b283,10,BEGINNER,2024-04-02 04:35:53,2024-04-14 18:20:03
eac97d37-b587-8d33-1d5b-d8b04027b283,3.2,BEGINNER,2024-03-31 07:22:24,2024-04-10 09:45:22
e4872e77-08d1-6094-b6e3-b91b3777d823,9.1,BEGINNER,2024-04-19 01:16:46,2024-05-02 18:40:07
e4872e77-08d1-6094-b6e3-b91b3777d823,1,EXPERT,2024-05-09 16:40:39,2024-06-15 16:10:23
e4872e77-08d1-6094-b6e3-b91b3777d823,6.3,BEGINNER,2024-04-21 20:28:25,2024-05-16 14:01:27
e4872e77-08d1-6094-b6e3-b91b3777d823,2.2,INTERMEDIATE,2024-05-10 08:42:34,2024-06-10 02:31:25
e4872e77-08d1-6094-b6e3-b91b3777d823,8,EXPERT,2024-04-18 15:08:57,2024-06-17 19:41:55
d0ccc1a5-1b91-2adc-8333-34f66a6a0149,9.2,INTERMEDIATE,2025-07-19 07:22:10,2025-08-30 10:54:18
d0ccc1a5-1b91-2adc-8333-34f66a6a0149,5,ADVANCED,2025-08-01 12:37:07,2025-08-04 18:12:20
d9b81389-ec16-ddb7-fd93-754aca90001c,2.4,INTERMEDIATE,2024-12-01 14:01:55,2024-12-19 10:15:41
d9b81389-ec16-ddb7-fd93-754aca90001c,4.1,ADVANCED,2024-12-29 05:39:57,2025-02-14 08:44:23
d9b81389-ec16-ddb7-fd93-754aca90001c,3,BEGINNER,2024-12-18 01:29:36,2025-01-31 02:12:44
d9b81389-ec16-ddb7-fd93-754aca90001c,1.3,INTERMEDIATE,2024-12-03 07:24:37,2024-12-06 16:24:22
d9b81389-ec16-ddb7-fd93-754aca90001c,4.3,INTERMEDIATE,2024-12-06 09:53:09,2025-01-04 01:16:03
c1dadb7d-6db2-094b-bce7-e2983c847821,4.2,EXPERT,2025-06-06 16:24:11,2025-08-02 20:56:16
fd063a58-aa3d-d585-eaec-f4e0e81909ce,1.3,INTERMEDIATE,2024-12-07 20:29:23,2025-01-28 21:52:08
fd063a58-aa3d-d585-eaec-f4e0e81909ce,7.2,BEGINNER,2024-12-25 04:58:09,2025-01-16 17:55:46
fd063a58-aa3d-d585-eaec-f4e0e81909ce,4.3,INTERMEDIATE,2024-12-15 07:42:48,2025-02-02 10:25:49
72c1e68e-9390-6193-490c-e3154d980202,2.1,INTERMEDIATE,2025-01-16 16:27:05,2025-03-17 22:04:52
72c1e68e-9390-6193-490c-e3154d980202,7.2,ADVANCED,2025-01-06 21:40:25,2025-03-01 21:15:17
72c1e68e-9390-6193-490c-e3154d980202,2,INTERMEDIATE,2025-01-06 16:48:35,2025-01-16 21:24:40
72c1e68e-9390-6193-490c-e3154d980202,9,EXPERT,2025-02-03 00:50:41,2025-02-03 16:54:04
72c1e68e-9390-6193-490c-e3154d980202,5.2,BEGINNER,2025-01-21 09:17:36,2025-03-15 21:47:24
22fbe906-554e-d52c-126a-a3157b189d5d,4.1,ADVANCED,2024-01-24 02:46:57,2024-02-16 13:50:16
22fbe906-554e-d52c-126a-a3157b189d5d,7.1,INTERMEDIATE,2024-01-29 18:15:13,2024-02-01 08:42:38
22fbe906-554e-d52c-126a-a3157b189d5d,3,EXPERT,2024-01-26 19:34:21,2024-02-08 17:48:57
22fbe906-554e-d52c-126a-a3157b189d5d,2.1,INTERMEDIATE,2024-01-16 10:15:13,2024-02-23 22:25:42
a28e0841-7d16-5228-b589-717e8275b18a,3.1,ADVANCED,2024-09-14 06:26:55,2024-09-21 08:45:04
a28e0841-7d16-5228-b589-717e8275b18a,7,ADVANCED,2024-09-16 06:12:10,2024-11-14 05:33:51
40bc2b56-6d47-72f8-d46a-77af2a736a67,3,BEGINNER,2024-12-10 01:07:44,2024-12-12 18:55:15
40bc2b56-6d47-72f8-d46a-77af2a736a67,2.2,ADVANCED,2024-12-06 04:26:14,2024-12-16 00:42:00
40bc2b56-6d47-72f8-d46a-77af2a736a67,9.2,ADVANCED,2024-12-12 06:32:30,2025-01-20 01:15:54
32b1792b-2263-960a-b43c-6fef2fb7e9bd,3.3,ADVANCED,2025-08-13 23:07:20,2025-09-29 08:36:31
32b1792b-2263-960a-b43c-6fef2fb7e9bd,10.2,INTERMEDIATE,2025-08-24 16:34:46,2025-09-08 23:50:02
aa528f85-01d9-9b33-f488-e328c075e119,4.2,EXPERT,2024-01-11 00:24:26,2024-02-03 21:57:57
f378cb94-478b-2f00-87d7-5309de772156,6.3,ADVANCED,2025-07-05 07:06:07,2025-08-04 06:31:05
24a63a6c-b641-d449-31f0-90219b6fbe20,6.1,EXPERT,2024-11-29 02:57:07,2024-12-22 10:24:30
24a63a6c-b641-d449-31f0-90219b6fbe20,8.2,EXPERT,2024-12-02 15:01:19,2025-01-31 14:40:08
24a63a6c-b641-d449-31f0-90219b6fbe20,7.1,INTERMEDIATE,2024-12-05 09:03:08,2025-01-31 17:11:13
24a63a6c-b641-d449-31f0-90219b6fbe20,5,ADVANCED,2024-11-15 15:58:56,2024-12-20 14:56:56
a23036d2-88d7-d47c-ec38-704b22c0eee9,5.2,EXPERT,2025-09-06 16:42:50,2025-09-27 04:19:14
a23036d2-88d7-d47c-ec38-704b22c0eee9,9.2,ADVANCED,2025-08-22 18:15:48,2025-10-16 01:16:17
a23036d2-88d7-d47c-ec38-704b22c0eee9,2.1,INTERMEDIATE,2025-08-17 11:28:30,2025-10-02 05:35:47
a23036d2-88d7-d47c-ec38-704b22c0eee9,6.1,INTERMEDIATE,2025-08-25 08:04:33,2025-09-12 09:46:49
a23036d2-88d7-d47c-ec38-704b22c0eee9,3.2,ADVANCED,2025-08-20 09:31:33,2025-08-27 19:20:53
891d47fe-970e-287a-0fd7-b0f24f908490,1.3,BEGINNER,2024-05-28 14:57:20,2024-07-17 05:11:26
891d47fe-970e-287a-0fd7-b0f24f908490,8.1,ADVANCED,2024-05-10 19:24:21,2024-06-25 22:55:54
37387270-d424-d9f3-a18e-44407a70bcf8,3,ADVANCED,2024-06-08 19:00:29,2024-07-06 21:59:28
37387270-d424-d9f3-a18e-44407a70bcf8,2.3,INTERMEDIATE,2024-06-16 12:27:17,2024-08-08 09:45:04
dda8b391-9494-065d-ca91-28fbc0948932,9.2,EXPERT,2025-09-11 11:10:40,2025-10-25 02:13:47
dda8b391-9494-065d-ca91-28fbc0948932,8.2,EXPERT,2025-08-21 09:39:39,2025-10-02 06:41:23
dda8b391-9494-065d-ca91-28fbc0948932,4.3,EXPERT,2025-09-09 00:25:31,2025-10-31 04:40:28
dda8b391-9494-065d-ca91-28fbc0948932,5,EXPERT,2025-08-29 03:37:20,2025-09-25 16:20:40
f84006f2-6f0e-ebef-97e8-905756a701ab,3.3,ADVANCED,2024-09-04 00:49:17,2024-09-07 21:41:19
f84006f2-6f0e-ebef-97e8-905756a701ab,8.2,ADVANCED,2024-09-30 02:23:47,2024-11-28 19:27:48
4612d424-7ac0-67a6-9297-eaacfcc2ed18,10,BEGINNER,2025-06-09 10:15:21,2025-07-22 16:01:29
4612d424-7ac0-67a6-9297-eaacfcc2ed18,1.2,BEGINNER,2025-05-20 11:04:56,2025-07-01 17:12:23
4612d424-7ac0-67a6-9297-eaacfcc2ed18,1.1,INTERMEDIATE,2025-05-30 14:59:03,2025-07-13 18:49:01
0a054950-1f7f-e5b0-5075-b55accee6b1c,10,ADVANCED,2024-10-18 11:17:14,2024-10-30 23:56:36
0a054950-1f7f-e5b0-5075-b55accee6b1c,2.1,BEGINNER,2024-10-11 14:38:56,2024-11-05 20:37:42
0a054950-1f7f-e5b0-5075-b55accee6b1c,9.1,INTERMEDIATE,2024-10-09 06:16:43,2024-11-25 03:11:14
0a054950-1f7f-e5b0-5075-b55accee6b1c,3.1,INTERMEDIATE,2024-09-30 14:51:30,2024-11-09 02:44:27
4cb9be7b-2444-4f64-3025-985609676569,3,INTERMEDIATE,2025-01-07 13:53:35,2025-03-01 04:08:19
4cb9be7b-2444-4f64-3025-985609676569,3.1,EXPERT,2025-01-31 09:47:24,2025-02-11 10:05:47
29feba14-9add-a7c8-82ec-e8aad20cd375,6.2,EXPERT,2024-02-01 11:42:31,2024-02-07 04:04:33
29feba14-9add-a7c8-82ec-e8aad20cd375,4.1,INTERMEDIATE,2024-02-09 07:13:07,2024-03-15 21:15:39
9278f380-b351-0ddc-5951-86208769ee24,9.1,INTERMEDIATE,2024-05-07 16:34:22,2024-05-13 17:05:29
9278f380-b351-0ddc-5951-86208769ee24,2.3,INTERMEDIATE,2024-04-23 13:33:01,2024-06-17 06:47:58
9278f380-b351-0ddc-5951-86208769ee24,9.2,ADVANCED,2024-05-03 13:04:51,2024-06-15 09:32:50
9278f380-b351-0ddc-5951-86208769ee24,3.1,ADVANCED,2024-04-28 18:59:45,2024-05-29 01:20:13
705faecd-2edf-f02e-7531-8081b4effa29,3,BEGINNER,2025-04-14 08:30:05,2025-04-23 14:28:50
705faecd-2edf-f02e-7531-8081b4effa29,4,INTERMEDIATE,2025-04-04 05:34:34,2025-04-22 13:43:56
7acabb76-22ec-f870-bb15-894aeeb47b07,3.2,ADVANCED,2024-01-21 08:51:55,2024-03-14 04:13:08
7acabb76-22ec-f870-bb15-894aeeb47b07,6.2,EXPERT,2024-01-29 09:25:08,2024-02-14 06:15:54
db992f51-c433-b3bd-d9cc-86568a03be43,2,INTERMEDIATE,2024-10-15 16:18:12,2024-11-28 07:35:18
db992f51-c433-b3bd-d9cc-86568a03be43,2.3,BEGINNER,2024-09-29 06:43:07,2024-10-14 00:02:56
6924e248-2759-9511-e604-bfbe83aa622f,6,ADVANCED,2024-09-13 12:36:48,2024-10-25 14:09:38
6924e248-2759-9511-e604-bfbe83aa622f,3,ADVANCED,2024-09-10 12:39:59,2024-11-03 12:10:41
6924e248-2759-9511-e604-bfbe83aa622f,1,ADVANCED,2024-09-01 02:46:09,2024-09-18 17:48:32
6924e248-2759-9511-e604-bfbe83aa622f,2,ADVANCED,2024-08-28 18:30:14,2024-09-09 15:12:18
6924e248-2759-9511-e604-bfbe83aa622f,4.1,ADVANCED,2024-08-22 14:11:40,2024-08-26 16:48:29
aa8c662d-290a-3d67-0817-5dd0e6a7caf7,8,ADVANCED,2025-06-03 23:37:27,2025-07-20 12:14:40
aa8c662d-290a-3d67-0817-5dd0e6a7caf7,5,BEGINNER,2025-05-30 20:03:13,2025-07-21 01:06:43
aa8c662d-290a-3d67-0817-5dd0e6a7caf7,1.1,BEGINNER,2025-06-10 06:33:07,2025-06-20 19:43:49
c2ca55ed-1526-3fef-7c65-dbfb483fca72,9.1,INTERMEDIATE,2024-07-13 21:04:31,2024-07-19 01:23:35
17478b5c-331b-d602-9dd0-ce040485742a,4.2,INTERMEDIATE,2024-11-29 04:09:39,2024-12-01 22:43:09
17478b5c-331b-d602-9dd0-ce040485742a,8,INTERMEDIATE,2024-11-12 13:07:45,2025-01-09 04:21:50
17478b5c-331b-d602-9dd0-ce040485742a,7.1,EXPERT,2024-11-14 22:21:38,2024-12-27 22:50:59
17478b5c-331b-d602-9dd0-ce040485742a,8.2,ADVANCED,2024-12-01 01:06:36,2024-12-16 22:05:49
17478b5c-331b-d602-9dd0-ce040485742a,10.1,INTERMEDIATE,2024-11-16 11:18:19,2024-12-26 23:39:38
19cb84c8-9b45-03bc-e892-464d47b885fa,9.2,BEGINNER,2024-12-30 17:57:43,2025-02-09 04:08:57
f11afc00-132b-4f36-1940-4d24eced9c30,1.2,EXPERT,2025-07-05 02:13:24,2025-08-27 03:02:46
f11afc00-132b-4f36-1940-4d24eced9c30,3.1,ADVANCED,2025-07-26 20:26:20,2025-09-01 16:56:11
bd9f82d7-30b0-5a0b-b19d-1860f8f40e49,1,EXPERT,2025-04-24 18:54:00,2025-05-14 04:28:42
bd9f82d7-30b0-5a0b-b19d-1860f8f40e49,1.3,ADVANCED,2025-04-09 13:44:11,2025-05-08 08:13:10
bd9f82d7-30b0-5a0b-b19d-1860f8f40e49,2.4,EXPERT,2025-04-22 03:51:27,2025-05-04 16:47:49
bd9f82d7-30b0-5a0b-b19d-1860f8f40e49,7.2,INTERMEDIATE,2025-04-16 02:41:29,2025-05-07 03:42:55
a3bdd4d6-0a01-d8b6-4ab6-3e0f3cfbc642,6,INTERMEDIATE,2024-09-17 17:11:54,2024-10-12 01:48:21
a3bdd4d6-0a01-d8b6-4ab6-3e0f3cfbc642,4.1,ADVANCED,2024-10-12 06:02:12,2024-10-20 02:38:53
a3bdd4d6-0a01-d8b6-4ab6-3e0f3cfbc642,9,ADVANCED,2024-09-16 10:18:31,2024-09-30 20:31:34
f0636972-c737-327a-de34-106afa902bfb,8.2,EXPERT,2025-07-21 21:25:38,2025-08-20 11:08:51
f0636972-c737-327a-de34-106afa902bfb,1,ADVANCED,2025-07-27 22:58:22,2025-08-17 18:17:20
f0636972-c737-327a-de34-106afa902bfb,3.2,INTERMEDIATE,2025-08-07 04:15:27,2025-08-25 17:57:54
f0636972-c737-327a-de34-106afa902bfb,6.3,ADVANCED,2025-07-28 02:40:44,2025-09-21 12:27:58
f0636972-c737-327a-de34-106afa902bfb,6.2,EXPERT,2025-08-10 00:42:32,2025-09-29 10:21:39
64ea1dd3-d147-a0bf-2d7f-fe23e29ff19c,4.2,INTERMEDIATE,2025-03-20 11:26:15,2025-05-16 00:42:16
64ea1dd3-d147-a0bf-2d7f-fe23e29ff19c,4.3,EXPERT,2025-03-16 23:33:35,2025-04-07 15:59:43
64ea1dd3-d147-a0bf-2d7f-fe23e29ff19c,5,ADVANCED,2025-04-04 23:06:40,2025-05-27 16:48:29
64ea1dd3-d147-a0bf-2d7f-fe23e29ff19c,8.1,BEGINNER,2025-03-15 23:40:04,2025-03-16 18:08:12
64ea1dd3-d147-a0bf-2d7f-fe23e29ff19c,5.1,ADVANCED,2025-04-03 21:37:53,2025-05-03 23:08:13
da4bdf2d-56a0-b8b4-d179-2ee0bc731d47,6.2,BEGINNER,2025-08-10 15:43:47,2025-08-18 19:46:02
da4bdf2d-56a0-b8b4-d179-2ee0bc731d47,3.3,BEGINNER,2025-08-01 09:09:46,2025-08-28 18:34:45
da4bdf2d-56a0-b8b4-d179-2ee0bc731d47,5.1,INTERMEDIATE,2025-08-04 23:31:24,2025-09-10 01:23:25
da4bdf2d-56a0-b8b4-d179-2ee0bc731d47,7.2,INTERMEDIATE,2025-08-28 23:47:32,2025-09-04 04:36:39
da4bdf2d-56a0-b8b4-d179-2ee0bc731d47,6.3,EXPERT,2025-08-23 14:14:04,2025-09-18 01:47:49
ebf3ef99-39d3-8f2b-496e-c0c9a7c5f960,6.1,INTERMEDIATE,2024-05-22 16:41:45,2024-07-12 19:41:21
ebf3ef99-39d3-8f2b-496e-c0c9a7c5f960,9,ADVANCED,2024-05-22 18:23:03,2024-06-15 11:42:15
cf8b4eb2-43f1-5176-eed1-58095e7e2813,7.1,INTERMEDIATE,2024-11-25 15:39:27,2024-12-30 09:02:30
cf8b4eb2-43f1-5176-eed1-58095e7e2813,7,INTERMEDIATE,2024-12-02 18:37:21,2024-12-29 00:37:03
cf8b4eb2-43f1-5176-eed1-58095e7e2813,4.1,EXPERT,2024-11-24 20:36:47,2024-12-24 05:48:03
7e1b2034-88a5-316f-89eb-56c17f421889,2.2,EXPERT,2025-03-17 09:19:17,2025-05-02 03:45:49
7e1b2034-88a5-316f-89eb-56c17f421889,1.1,ADVANCED,2025-04-02 19:29:50,2025-04-05 13:20:47
2346f26d-bf3b-1681-0e4d-364e397e8bfb,5,EXPERT,2025-02-09 04:47:15,2025-04-07 00:52:56
2346f26d-bf3b-1681-0e4d-364e397e8bfb,7,INTERMEDIATE,2025-01-29 19:48:35,2025-02-15 01:50:54
0361b157-b1fb-b587-a514-b3fcc809a0b4,1.3,EXPERT,2024-07-14 12:13:10,2024-07-25 05:52:27
0361b157-b1fb-b587-a514-b3fcc809a0b4,3,INTERMEDIATE,2024-07-09 11:21:28,2024-08-26 22:08:23
0361b157-b1fb-b587-a514-b3fcc809a0b4,4.1,BEGINNER,2024-07-03 07:18:33,2024-07-13 03:08:47
9ae6befe-8f2d-e908-f9da-4f55bef99394,1.1,INTERMEDIATE,2025-03-01 09:46:09,2025-03-14 16:42:09
9ae6befe-8f2d-e908-f9da-4f55bef99394,2.4,BEGINNER,2025-02-19 04:22:19,2025-03-17 18:50:23
0b7ce5c6-9096-8629-91f3-90f4fa069889,8.2,ADVANCED,2024-05-03 07:10:11,2024-06-03 02:49:33
0b7ce5c6-9096-8629-91f3-90f4fa069889,6.3,BEGINNER,2024-04-13 17:03:33,2024-05-01 13:26:46
0b7ce5c6-9096-8629-91f3-90f4fa069889,1,ADVANCED,2024-04-07 23:58:36,2024-05-25 18:34:25
0b7ce5c6-9096-8629-91f3-90f4fa069889,8.1,INTERMEDIATE,2024-05-02 09:10:37,2024-05-03 15:28:22
f3ebe658-17e1-e8f6-a03e-7003e29cb897,2.4,BEGINNER,2025-06-15 11:15:42,2025-08-15 06:07:29
2b729d66-504f-de7c-746e-49a81817dac5,8.2,ADVANCED,2025-01-30 01:15:46,2025-03-22 05:33:49
69c718ee-aea4-b7d6-155f-a2f45fa9b21a,8.1,EXPERT,2024-10-05 07:19:33,2024-11-27 16:02:29
513994a1-1081-34dc-5427-092566ca0baf,9,INTERMEDIATE,2024-11-02 19:47:05,2024-11-23 04:13:11
b6532dba-dfaf-c6cf-4c5f-ccfb14eae37c,1.3,EXPERT,2024-07-28 03:20:31,2024-09-21 17:30:21
b6532dba-dfaf-c6cf-4c5f-ccfb14eae37c,7,ADVANCED,2024-07-27 14:27:29,2024-09-20 16:38:38
b6532dba-dfaf-c6cf-4c5f-ccfb14eae37c,6.3,EXPERT,2024-07-26 11:57:34,2024-09-15 10:18:58
d34298be-be2a-85c6-bbfe-cb11f06046a1,5.1,INTERMEDIATE,2024-06-16 08:35:32,2024-07-15 03:24:36
d34298be-be2a-85c6-bbfe-cb11f06046a1,4.3,BEGINNER,2024-06-04 05:00:25,2024-06-07 08:33:54
d34298be-be2a-85c6-bbfe-cb11f06046a1,9.2,BEGINNER,2024-06-08 23:18:04,2024-07-14 13:10:02
d34298be-be2a-85c6-bbfe-cb11f06046a1,3,BEGINNER,2024-06-22 03:25:14,2024-06-25 18:43:58
d34298be-be2a-85c6-bbfe-cb11f06046a1,4.2,ADVANCED,2024-06-26 21:54:34,2024-08-04 02:16:40
f481b9cb-93ab-8d5e-adfc-1dc4f8c43f7a,3.2,ADVANCED,2024-11-26 05:04:06,2024-12-05 20:28:53
f481b9cb-93ab-8d5e-adfc-1dc4f8c43f7a,6,ADVANCED,2024-11-18 09:28:24,2024-11-29 14:29:47
f481b9cb-93ab-8d5e-adfc-1dc4f8c43f7a,2.3,ADVANCED,2024-11-15 06:00:19,2024-11-26 18:43:39
6fff95cc-ae26-f348-b044-db1ba8dbe9a1,7,EXPERT,2024-04-25 21:09:57,2024-06-21 21:29:29
6fff95cc-ae26-f348-b044-db1ba8dbe9a1,3.3,BEGINNER,2024-05-03 07:19:00,2024-05-24 07:36:29
6fff95cc-ae26-f348-b044-db1ba8dbe9a1,1,ADVANCED,2024-05-11 16:41:56,2024-06-04 12:25:20
6fff95cc-ae26-f348-b044-db1ba8dbe9a1,10.1,EXPERT,2024-04-19 07:30:56,2024-05-09 14:21:39
6fff95cc-ae26-f348-b044-db1ba8dbe9a1,5.1,INTERMEDIATE,2024-05-01 20:20:45,2024-06-28 01:46:12
01f268f5-6553-b5aa-bdbc-34f8c8ddd9bb,6,INTERMEDIATE,2024-10-05 03:05:25,2024-12-02 18:35:45
01f268f5-6553-b5aa-bdbc-34f8c8ddd9bb,7.2,EXPERT,2024-10-03 06:30:06,2024-10-04 19:36:02
20fda784-6dd9-a879-93ee-36eeee93a4d0,10.1,INTERMEDIATE,2025-07-09 09:35:15,2025-08-19 21:12:01
20fda784-6dd9-a879-93ee-36eeee93a4d0,2.1,EXPERT,2025-06-18 08:45:21,2025-06-22 19:45:16
20fda784-6dd9-a879-93ee-36eeee93a4d0,3,EXPERT,2025-06-19 15:36:51,2025-07-10 02:25:33
fbc1085b-216b-9833-bbf2-82a9be09f835,8,ADVANCED,2024-11-15 13:21:44,2024-11-25 09:47:55
fbc1085b-216b-9833-bbf2-82a9be09f835,4.2,ADVANCED,2024-11-21 20:37:20,2024-12-15 22:59:02
d69bdeb1-e9a7-f5e0-5c84-88dbd83940c9,9.2,BEGINNER,2025-03-05 18:17:46,2025-03-20 14:52:34
d69bdeb1-e9a7-f5e0-5c84-88dbd83940c9,1.1,INTERMEDIATE,2025-02-28 20:08:14,2025-04-24 03:54:08
d69bdeb1-e9a7-f5e0-5c84-88dbd83940c9,10.2,INTERMEDIATE,2025-03-02 07:36:51,2025-04-25 11:43:44
d69bdeb1-e9a7-f5e0-5c84-88dbd83940c9,6.1,BEGINNER,2025-03-24 13:55:27,2025-04-12 06:38:25
d69bdeb1-e9a7-f5e0-5c84-88dbd83940c9,2.2,EXPERT,2025-03-21 23:05:49,2025-05-16 12:40:15
315e4e80-1f20-c257-ed34-8e324126fa8f,5.2,ADVANCED,2025-06-24 23:30:30,2025-07-29 00:54:49
315e4e80-1f20-c257-ed34-8e324126fa8f,1,EXPERT,2025-07-02 18:07:48,2025-08-14 18:10:38
315e4e80-1f20-c257-ed34-8e324126fa8f,2.2,EXPERT,2025-06-14 08:13:27,2025-08-11 23:42:07
315e4e80-1f20-c257-ed34-8e324126fa8f,2.3,EXPERT,2025-06-15 23:47:15,2025-08-04 23:11:55
e327119f-d895-ccea-afe2-ff5c32a807cc,7.1,BEGINNER,2024-12-05 04:36:21,2024-12-18 14:18:32
e327119f-d895-ccea-afe2-ff5c32a807cc,5.2,INTERMEDIATE,2024-12-04 19:36:12,2024-12-31 23:47:16
e327119f-d895-ccea-afe2-ff5c32a807cc,2.3,ADVANCED,2024-11-20 15:09:57,2024-11-24 16:28:07
f713c245-f34b-fa59-a525-23e3e09397d5,4,EXPERT,2024-08-02 14:17:45,2024-09-15 17:23:15
f713c245-f34b-fa59-a525-23e3e09397d5,2.3,BEGINNER,2024-07-08 09:05:29,2024-08-16 04:23:05
f713c245-f34b-fa59-a525-23e3e09397d5,5.1,BEGINNER,2024-07-24 01:00:34,2024-08-05 04:48:09
f713c245-f34b-fa59-a525-23e3e09397d5,9.1,INTERMEDIATE,2024-07-05 03:24:17,2024-08-01 16:26:04
f713c245-f34b-fa59-a525-23e3e09397d5,9.2,ADVANCED,2024-07-25 19:30:50,2024-08-17 02:18:00
9b9f9efe-b75d-2f0c-472e-2f3b8f9afd51,10.1,INTERMEDIATE,2024-11-27 22:12:32,2025-01-06 23:33:23
9b9f9efe-b75d-2f0c-472e-2f3b8f9afd51,7.1,BEGINNER,2024-11-30 03:08:45,2025-01-26 10:44:30
11c7beb2-042a-6bd7-a510-04b8565f2ea8,10.2,BEGINNER,2024-12-17 15:35:47,2025-02-05 10:25:26
11c7beb2-042a-6bd7-a510-04b8565f2ea8,3.1,EXPERT,2024-11-22 10:50:39,2025-01-06 00:01:31
11c7beb2-042a-6bd7-a510-04b8565f2ea8,7.2,INTERMEDIATE,2024-12-15 10:24:20,2025-02-07 17:36:14
899d6cd2-e723-2e8a-d0ef-0cd45e6ee398,7,EXPERT,2024-03-07 04:44:23,2024-05-03 01:19:21
899d6cd2-e723-2e8a-d0ef-0cd45e6ee398,4,BEGINNER,2024-02-25 06:33:22,2024-03-11 20:08:41
899d6cd2-e723-2e8a-d0ef-0cd45e6ee398,9,INTERMEDIATE,2024-02-19 20:16:25,2024-04-02 13:06:35
899d6cd2-e723-2e8a-d0ef-0cd45e6ee398,7.2,INTERMEDIATE,2024-03-19 01:49:54,2024-03-28 05:33:28
899d6cd2-e723-2e8a-d0ef-0cd45e6ee398,2.1,EXPERT,2024-03-01 23:34:03,2024-04-09 23:28:07
5268c879-47d1-931c-f9f2-09ab7d7771f8,1.1,ADVANCED,2024-11-15 19:12:03,2024-11-18 09:00:43
5268c879-47d1-931c-f9f2-09ab7d7771f8,7.1,ADVANCED,2024-11-27 01:15:22,2025-01-06 18:48:28
5268c879-47d1-931c-f9f2-09ab7d7771f8,9,BEGINNER,2024-11-07 09:44:30,2024-12-07 05:12:56
de2bfe58-73d2-939e-f99d-d6d562b51781,9.2,EXPERT,2024-10-30 15:51:58,2024-12-04 14:11:20
de2bfe58-73d2-939e-f99d-d6d562b51781,2.3,EXPERT,2024-10-17 21:53:44,2024-12-02 21:03:28
de2bfe58-73d2-939e-f99d-d6d562b51781,6.2,INTERMEDIATE,2024-10-24 09:55:35,2024-11-19 03:20:23
de2bfe58-73d2-939e-f99d-d6d562b51781,7.2,INTERMEDIATE,2024-10-31 09:47:36,2024-11-06 14:08:04
556ff3c1-8207-7e01-6e4c-1501808f8cb9,9.2,BEGINNER,2024-03-02 13:03:03,2024-04-14 02:43:43
556ff3c1-8207-7e01-6e4c-1501808f8cb9,3.1,BEGINNER,2024-03-16 20:12:05,2024-05-12 00:50:00
556ff3c1-8207-7e01-6e4c-1501808f8cb9,6.1,ADVANCED,2024-03-06 14:05:16,2024-03-16 09:31:43
645416be-6791-346c-b740-3274b3133c8e,8.1,EXPERT,2024-08-17 10:15:44,2024-08-19 03:16:19
2d71a040-0554-e88b-5584-92ba6d8c5504,9.1,BEGINNER,2025-01-07 22:16:54,2025-02-13 07:42:11
2d71a040-0554-e88b-5584-92ba6d8c5504,4.3,BEGINNER,2025-01-26 16:49:51,2025-03-06 09:44:10
2d71a040-0554-e88b-5584-92ba6d8c5504,10.2,ADVANCED,2025-01-09 14:52:18,2025-03-04 05:25:58
4d171ebc-5a45-b8ea-d3e7-63d10378bcb7,7.1,ADVANCED,2024-10-29 23:40:10,2024-11-17 18:14:11
4d171ebc-5a45-b8ea-d3e7-63d10378bcb7,10.1,EXPERT,2024-10-13 16:34:36,2024-11-20 22:17:16
e353a243-594d-e8d7-add7-4b0fe90b3651,6,INTERMEDIATE,2024-12-12 20:10:30,2025-02-06 21:20:55
97d38ab9-d352-0a91-4873-d25237a2a180,1.2,ADVANCED,2025-04-04 21:44:46,2025-05-09 03:02:20
97d38ab9-d352-0a91-4873-d25237a2a180,7.1,INTERMEDIATE,2025-03-28 12:49:42,2025-04-11 13:25:38
97d38ab9-d352-0a91-4873-d25237a2a180,5.1,INTERMEDIATE,2025-04-13 18:33:55,2025-05-05 09:53:37
97d38ab9-d352-0a91-4873-d25237a2a180,10.2,ADVANCED,2025-04-05 16:30:23,2025-04-22 15:36:58
f7873461-662c-4f00-6c2d-1b9662e0adf7,4.2,ADVANCED,2025-08-26 10:41:56,2025-08-29 10:54:58
f7873461-662c-4f00-6c2d-1b9662e0adf7,1,ADVANCED,2025-08-24 11:32:39,2025-09-18 15:10:35
f7873461-662c-4f00-6c2d-1b9662e0adf7,3,BEGINNER,2025-08-21 04:45:54,2025-10-20 16:10:12
f7873461-662c-4f00-6c2d-1b9662e0adf7,8.1,ADVANCED,2025-08-18 07:33:32,2025-08-30 22:08:14
6d7bba17-5aac-72b1-77e7-ad815b88fc72,8.1,INTERMEDIATE,2025-08-25 09:47:27,2025-10-05 13:20:57
6d7bba17-5aac-72b1-77e7-ad815b88fc72,1.3,INTERMEDIATE,2025-08-09 06:40:28,2025-08-10 10:21:16
6d7bba17-5aac-72b1-77e7-ad815b88fc72,9.2,ADVANCED,2025-08-08 21:46:10,2025-08-15 23:00:27
6d7bba17-5aac-72b1-77e7-ad815b88fc72,9,ADVANCED,2025-08-04 17:58:04,2025-09-11 19:23:34
fc75de3d-d473-f3b5-452a-2da70e00583d,8,INTERMEDIATE,2025-08-29 11:54:40,2025-10-28 13:18:49
fc75de3d-d473-f3b5-452a-2da70e00583d,10.2,EXPERT,2025-08-06 11:42:43,2025-09-15 07:10:38
fc75de3d-d473-f3b5-452a-2da70e00583d,7.1,INTERMEDIATE,2025-08-07 11:43:48,2025-09-25 16:55:42
113038f5-1d5d-8f65-3361-1134b01200ab,1,EXPERT,2024-04-19 23:27:05,2024-05-30 20:09:23
bdddbd36-82f2-a59e-2bb7-f1463d9d542a,4.3,ADVANCED,2024-11-08 15:37:34,2024-12-03 01:11:52
75566ff1-b91a-ce28-e1e6-8d3577c8c297,4.1,ADVANCED,2025-06-04 19:17:49,2025-07-27 02:52:03
75566ff1-b91a-ce28-e1e6-8d3577c8c297,8,ADVANCED,2025-05-31 07:16:02,2025-06-08 16:37:48
75566ff1-b91a-ce28-e1e6-8d3577c8c297,6,INTERMEDIATE,2025-06-05 18:33:41,2025-07-29 13:36:41
81c974a0-ed6a-e39f-b560-4484937749f6,2.4,EXPERT,2025-09-16 19:27:09,2025-10-02 15:36:49
81c974a0-ed6a-e39f-b560-4484937749f6,3.2,INTERMEDIATE,2025-09-02 02:05:28,2025-09-19 19:47:02
81c974a0-ed6a-e39f-b560-4484937749f6,2.1,ADVANCED,2025-09-06 08:12:59,2025-10-22 05:33:34
81c974a0-ed6a-e39f-b560-4484937749f6,2,ADVANCED,2025-08-23 02:15:21,2025-09-11 07:59:14
bffbbc83-d8c8-0184-0994-3e761d4e2772,6,EXPERT,2024-12-06 16:16:48,2025-01-07 03:55:53
bffbbc83-d8c8-0184-0994-3e761d4e2772,2.2,BEGINNER,2024-11-26 14:06:26,2024-11-30 07:01:06
5c0c309c-0157-2a56-e4ae-b85f23fbe8f2,5.2,INTERMEDIATE,2024-07-23 21:06:15,2024-08-23 04:54:38
5c0c309c-0157-2a56-e4ae-b85f23fbe8f2,2.1,ADVANCED,2024-07-20 11:06:26,2024-09-14 03:53:13
5c0c309c-0157-2a56-e4ae-b85f23fbe8f2,4.3,EXPERT,2024-07-12 20:54:20,2024-08-19 06:39:11
d24289ea-3959-7465-05c5-581054b728fa,4.3,BEGINNER,2024-07-08 13:17:36,2024-07-29 20:49:08
d24289ea-3959-7465-05c5-581054b728fa,5.1,BEGINNER,2024-06-18 00:12:07,2024-07-01 13:18:02
ce3fde9a-12aa-5ab4-7e59-a0d13c5168b0,4.2,INTERMEDIATE,2024-04-22 21:41:35,2024-06-20 23:14:05
ce3fde9a-12aa-5ab4-7e59-a0d13c5168b0,10,EXPERT,2024-04-18 19:34:30,2024-06-08 01:05:04
b2086418-6092-0068-c403-b430631a9c3c,1,INTERMEDIATE,2025-04-20 06:24:50,2025-05-11 03:29:10
b2086418-6092-0068-c403-b430631a9c3c,5.1,INTERMEDIATE,2025-03-28 03:41:58,2025-04-23 14:35:40
9a37ef9d-5983-ce94-506a-8dd30b31324f,4.1,EXPERT,2025-02-13 04:14:43,2025-04-09 07:37:10
9a37ef9d-5983-ce94-506a-8dd30b31324f,9,EXPERT,2025-02-18 10:00:02,2025-03-15 01:05:49
9a37ef9d-5983-ce94-506a-8dd30b31324f,9.2,BEGINNER,2025-02-27 00:07:06,2025-03-09 18:58:31
341c2d10-1415-0ad9-479f-ea147c781b98,4.1,EXPERT,2025-01-22 03:31:26,2025-02-07 16:12:16
341c2d10-1415-0ad9-479f-ea147c781b98,4,BEGINNER,2025-01-25 18:56:29,2025-03-04 13:34:19
341c2d10-1415-0ad9-479f-ea147c781b98,7.1,EXPERT,2025-02-08 09:59:53,2025-03-15 05:35:14
88516447-6e5b-9598-a8f0-e3e02f369832,1.1,BEGINNER,2025-01-08 01:45:47,2025-02-21 00:06:57
88516447-6e5b-9598-a8f0-e3e02f369832,10.1,ADVANCED,2025-01-01 20:26:26,2025-01-28 17:59:44
3cfc7050-ecb6-97a2-fe1b-e3e9bee1dc65,5.1,EXPERT,2024-09-22 01:51:10,2024-10-25 11:30:58
3cfc7050-ecb6-97a2-fe1b-e3e9bee1dc65,7,EXPERT,2024-10-01 13:46:31,2024-11-06 01:39:20
f057712b-945e-b87f-0eff-6a6b689ab92d,6.2,INTERMEDIATE,2025-04-27 07:03:56,2025-06-20 01:07:07
f057712b-945e-b87f-0eff-6a6b689ab92d,10,BEGINNER,2025-03-30 05:04:26,2025-04-29 04:39:04
f057712b-945e-b87f-0eff-6a6b689ab92d,2.4,EXPERT,2025-04-22 18:36:22,2025-05-27 01:17:00
5a742a53-d972-c236-db84-7c06d84d6427,8.2,ADVANCED,2024-04-21 22:21:05,2024-05-25 08:19:21
e9707c9e-266a-8b90-ee28-b2f44a76a0ea,5,BEGINNER,2025-07-03 14:17:18,2025-08-20 19:50:43
e93bda3b-4b06-53e2-9343-2c76d604ae9f,3.2,EXPERT,2025-05-05 02:27:08,2025-05-18 18:59:29
6893a38a-14dd-9314-1e32-e3e150581a4a,2.3,BEGINNER,2024-07-06 07:58:31,2024-08-11 08:55:23
6893a38a-14dd-9314-1e32-e3e150581a4a,2.1,INTERMEDIATE,2024-07-27 18:43:08,2024-09-21 18:19:48
6893a38a-14dd-9314-1e32-e3e150581a4a,4.2,INTERMEDIATE,2024-07-30 02:28:39,2024-09-04 03:51:59
6893a38a-14dd-9314-1e32-e3e150581a4a,9.1,ADVANCED,2024-07-21 12:59:37,2024-08-27 19:14:29
6893a38a-14dd-9314-1e32-e3e150581a4a,10.1,BEGINNER,2024-07-06 19:53:52,2024-07-27 19:26:26
e5fa855d-d320-8f77-e5bd-bb3e5639117a,1,INTERMEDIATE,2025-04-26 10:42:15,2025-06-12 13:49:51
e5fa855d-d320-8f77-e5bd-bb3e5639117a,6,EXPERT,2025-04-30 16:45:28,2025-05-16 09:54:22
e5fa855d-d320-8f77-e5bd-bb3e5639117a,3.3,EXPERT,2025-04-14 03:22:23,2025-05-04 14:29:38
e5fa855d-d320-8f77-e5bd-bb3e5639117a,2.4,BEGINNER,2025-04-06 16:44:12,2025-05-10 03:36:46
ed944378-d814-abe0-821b-390c946f9f07,2.3,BEGINNER,2024-07-29 17:22:05,2024-09-13 07:35:30
ed944378-d814-abe0-821b-390c946f9f07,1.2,EXPERT,2024-07-30 00:02:36,2024-09-18 16:33:49
ed944378-d814-abe0-821b-390c946f9f07,5.1,ADVANCED,2024-07-26 01:11:50,2024-08-23 03:25:34
ed944378-d814-abe0-821b-390c946f9f07,6,INTERMEDIATE,2024-07-18 12:41:17,2024-08-23 19:54:39
ed944378-d814-abe0-821b-390c946f9f07,1.3,ADVANCED,2024-07-27 08:06:37,2024-07-28 04:28:11
c13ed0d3-823a-0b12-d6ba-f0f28d5a9549,2.1,INTERMEDIATE,2025-07-25 22:06:12,2025-08-16 10:58:36
c13ed0d3-823a-0b12-d6ba-f0f28d5a9549,6.3,BEGINNER,2025-07-23 06:36:42,2025-08-14 18:27:38
c13ed0d3-823a-0b12-d6ba-f0f28d5a9549,5.1,INTERMEDIATE,2025-07-08 03:18:46,2025-08-03 00:57:48
c13ed0d3-823a-0b12-d6ba-f0f28d5a9549,8.1,BEGINNER,2025-07-31 07:58:46,2025-08-30 23:10:15
cdbb6c1f-5a8d-785e-f7eb-a7e91dd07ec8,10.1,ADVANCED,2025-06-28 15:41:55,2025-06-29 02:40:10
cdbb6c1f-5a8d-785e-f7eb-a7e91dd07ec8,7.2,EXPERT,2025-06-09 11:22:53,2025-07-30 19:38:57
bbcaa210-2fe6-1a89-d059-b5947c08a960,1.2,INTERMEDIATE,2025-07-11 12:26:57,2025-08-09 23:07:54
6467e0c0-a149-7b65-cbf7-8eb17d7f2fed,10.1,BEGINNER,2024-05-05 00:10:19,2024-05-12 01:23:01
6467e0c0-a149-7b65-cbf7-8eb17d7f2fed,5.2,INTERMEDIATE,2024-04-13 07:20:56,2024-04-29 11:52:22
6467e0c0-a149-7b65-cbf7-8eb17d7f2fed,7.2,ADVANCED,2024-04-21 21:07:50,2024-05-24 00:24:30
68b49b00-c867-68b2-d9da-5f47e3caa0c4,8.2,EXPERT,2025-03-01 17:42:02,2025-03-22 00:41:03
68b49b00-c867-68b2-d9da-5f47e3caa0c4,2.3,BEGINNER,2025-02-23 00:53:56,2025-03-20 09:38:44
68b49b00-c867-68b2-d9da-5f47e3caa0c4,10,EXPERT,2025-02-23 04:38:57,2025-03-29 13:18:29
e987cfb2-5552-5e11-b469-3821c7ca7ddc,6,EXPERT,2025-07-30 13:26:46,2025-09-22 00:01:33
e987cfb2-5552-5e11-b469-3821c7ca7ddc,6.2,EXPERT,2025-07-07 06:18:22,2025-07-24 12:20:03
e987cfb2-5552-5e11-b469-3821c7ca7ddc,2.3,ADVANCED,2025-07-28 08:46:00,2025-09-16 12:34:24
1fa70e6b-bffa-749e-45bf-d2c308a5ad03,3.3,EXPERT,2024-04-05 17:42:04,2024-05-24 10:39:08
17d2efe7-6df5-fa4a-4a8e-9dd260679824,10.2,INTERMEDIATE,2024-11-03 04:21:54,2024-12-05 12:08:08
17d2efe7-6df5-fa4a-4a8e-9dd260679824,9,BEGINNER,2024-10-31 17:23:02,2024-11-28 18:16:18
352aa2af-2b54-57b7-8f96-2ff2186b6a71,1,BEGINNER,2024-06-24 08:52:25,2024-08-16 05:47:51
352aa2af-2b54-57b7-8f96-2ff2186b6a71,2.3,INTERMEDIATE,2024-05-30 14:48:18,2024-06-08 02:05:08
7ba5a5df-b578-6277-761c-7a2b5263f8e0,4.3,BEGINNER,2025-01-22 10:42:10,2025-03-18 18:39:15
e3b93a34-9d77-39b2-5287-e5f485c14181,8.1,EXPERT,2024-07-29 13:33:40,2024-08-02 13:37:25
e3b93a34-9d77-39b2-5287-e5f485c14181,8.2,INTERMEDIATE,2024-08-20 23:39:08,2024-09-07 03:15:21
e3b93a34-9d77-39b2-5287-e5f485c14181,2.4,BEGINNER,2024-08-06 16:34:38,2024-09-29 10:15:42
77fc562b-9ffe-3709-0fa4-c293183f36db,9,INTERMEDIATE,2024-09-06 10:41:37,2024-10-23 10:17:07
77fc562b-9ffe-3709-0fa4-c293183f36db,5.2,INTERMEDIATE,2024-09-12 08:56:55,2024-11-11 03:23:08
77fc562b-9ffe-3709-0fa4-c293183f36db,2.2,INTERMEDIATE,2024-08-25 07:45:31,2024-10-17 17:35:40
77fc562b-9ffe-3709-0fa4-c293183f36db,3,INTERMEDIATE,2024-08-28 20:56:53,2024-10-24 19:38:36
77fc562b-9ffe-3709-0fa4-c293183f36db,5,INTERMEDIATE,2024-08-25 09:46:06,2024-09-29 04:49:08
548560db-6208-c875-c41c-233da513964e,7,EXPERT,2024-06-25 08:14:27,2024-06-28 23:14:36
548560db-6208-c875-c41c-233da513964e,10,BEGINNER,2024-07-06 08:31:24,2024-07-09 13:20:26
548560db-6208-c875-c41c-233da513964e,8,EXPERT,2024-07-10 20:40:04,2024-07-26 09:37:55
797763fe-b4cc-7214-62b2-15adc61f98b1,2,EXPERT,2024-03-28 18:27:50,2024-03-29 18:49:19
797763fe-b4cc-7214-62b2-15adc61f98b1,6.3,ADVANCED,2024-04-10 14:54:16,2024-04-17 06:09:24
f07cfca7-ebac-d8e1-ff76-61bbe054dba1,1,INTERMEDIATE,2024-07-26 01:05:01,2024-08-05 06:10:07
f07cfca7-ebac-d8e1-ff76-61bbe054dba1,1.1,BEGINNER,2024-08-06 11:59:35,2024-09-23 04:30:31
f07cfca7-ebac-d8e1-ff76-61bbe054dba1,8.2,ADVANCED,2024-08-09 11:54:42,2024-08-20 14:56:33
f07cfca7-ebac-d8e1-ff76-61bbe054dba1,4,EXPERT,2024-07-30 22:12:50,2024-09-16 12:02:57
f07cfca7-ebac-d8e1-ff76-61bbe054dba1,2.1,BEGINNER,2024-07-23 17:34:08,2024-09-12 20:05:01
7458d92c-a1da-7c7a-9b88-26edff4a9185,4.3,INTERMEDIATE,2025-01-14 14:32:11,2025-03-03 23:51:05
7458d92c-a1da-7c7a-9b88-26edff4a9185,5.2,ADVANCED,2025-01-18 20:49:02,2025-03-01 08:49:11
7458d92c-a1da-7c7a-9b88-26edff4a9185,4.2,BEGINNER,2025-01-18 16:38:34,2025-02-04 18:48:20
7458d92c-a1da-7c7a-9b88-26edff4a9185,7.2,EXPERT,2025-01-31 17:59:44,2025-03-25 08:51:37
842ee348-5dc2-fd9b-f1bd-b57bb8dddfc2,7,BEGINNER,2024-07-23 22:21:12,2024-09-03 18:43:32
842ee348-5dc2-fd9b-f1bd-b57bb8dddfc2,1.1,ADVANCED,2024-07-24 05:40:12,2024-07-30 02:09:50
2eb86221-172f-0d9b-eb02-c6611dc35362,1.1,BEGINNER,2024-02-01 18:14:02,2024-02-09 21:20:38
2eb86221-172f-0d9b-eb02-c6611dc35362,2.4,EXPERT,2024-02-01 08:27:59,2024-03-25 10:38:50
2eb86221-172f-0d9b-eb02-c6611dc35362,5,EXPERT,2024-02-08 03:38:44,2024-02-27 03:17:35
2eb86221-172f-0d9b-eb02-c6611dc35362,6.2,INTERMEDIATE,2024-01-30 06:25:27,2024-03-20 23:08:53
2eb86221-172f-0d9b-eb02-c6611dc35362,10.1,ADVANCED,2024-01-28 05:14:03,2024-03-26 05:46:36
17a85108-43b9-3b02-7089-8400b2932bfb,8.2,BEGINNER,2025-07-06 23:08:08,2025-08-28 20:43:13
17a85108-43b9-3b02-7089-8400b2932bfb,4.3,EXPERT,2025-07-08 01:24:58,2025-08-16 19:33:03
17a85108-43b9-3b02-7089-8400b2932bfb,1.1,INTERMEDIATE,2025-06-29 00:57:05,2025-08-05 00:43:53
2fb9950b-a190-aa44-a888-7521845c10ea,2.4,INTERMEDIATE,2025-08-09 15:00:09,2025-09-05 23:28:11
2fb9950b-a190-aa44-a888-7521845c10ea,3.3,INTERMEDIATE,2025-08-04 05:19:10,2025-08-30 15:36:37
2fb9950b-a190-aa44-a888-7521845c10ea,6,EXPERT,2025-08-05 20:36:37,2025-08-15 22:46:49
2fb9950b-a190-aa44-a888-7521845c10ea,4.1,BEGINNER,2025-08-22 20:52:32,2025-08-23 08:49:53
793c04f7-663a-b809-bb1f-db986f5a181a,4,ADVANCED,2024-12-13 00:45:00,2025-01-15 13:00:50
793c04f7-663a-b809-bb1f-db986f5a181a,1,BEGINNER,2025-01-04 23:08:54,2025-01-20 17:16:33
2436c8de-c40c-fbde-caf9-19244f2c8cfd,10,BEGINNER,2025-05-03 04:31:58,2025-06-08 06:39:14
3e245711-b4cb-1a42-76a6-e2e6d4d32808,1,EXPERT,2024-06-04 21:29:29,2024-07-27 04:38:12
3e245711-b4cb-1a42-76a6-e2e6d4d32808,1.1,EXPERT,2024-05-23 12:37:13,2024-06-30 10:12:02
3e245711-b4cb-1a42-76a6-e2e6d4d32808,2.1,ADVANCED,2024-06-09 20:28:22,2024-07-03 21:03:12
3e245711-b4cb-1a42-76a6-e2e6d4d32808,7,ADVANCED,2024-05-26 15:42:25,2024-07-26 09:09:55
6f766a77-4d4b-cdb2-3613-52a00b53d4e6,4.2,INTERMEDIATE,2024-07-03 14:12:17,2024-08-10 06:30:00
6f766a77-4d4b-cdb2-3613-52a00b53d4e6,1.2,EXPERT,2024-06-11 07:27:20,2024-06-18 07:20:35
6f766a77-4d4b-cdb2-3613-52a00b53d4e6,1.3,ADVANCED,2024-06-05 21:53:20,2024-06-11 07:59:02
6f766a77-4d4b-cdb2-3613-52a00b53d4e6,1.1,INTERMEDIATE,2024-06-26 02:40:56,2024-07-05 21:32:15
ab91e501-f5bd-62cd-a760-90e77c73a166,3.3,INTERMEDIATE,2024-10-12 17:32:01,2024-11-23 17:36:24
de2e7abc-1f1d-fed9-0a33-3eef481e67f3,4.2,ADVANCED,2025-01-26 17:55:41,2025-02-20 12:34:19
de2e7abc-1f1d-fed9-0a33-3eef481e67f3,5,INTERMEDIATE,2025-01-23 12:24:06,2025-02-10 00:51:34
de2e7abc-1f1d-fed9-0a33-3eef481e67f3,7.2,BEGINNER,2025-02-04 18:33:24,2025-03-11 22:51:20
46527e16-e489-149f-6e5c-9ae77e52c22c,10.1,EXPERT,2025-08-28 15:12:02,2025-09-06 11:26:34
46527e16-e489-149f-6e5c-9ae77e52c22c,2.1,ADVANCED,2025-08-25 08:02:13,2025-10-21 20:11:15
9d96bf5e-4d9e-9bb9-feb2-f90442cf4e6d,2,ADVANCED,2025-05-13 23:39:57,2025-06-05 19:52:23
9d96bf5e-4d9e-9bb9-feb2-f90442cf4e6d,9.1,INTERMEDIATE,2025-05-04 23:11:28,2025-05-05 23:29:33
9d96bf5e-4d9e-9bb9-feb2-f90442cf4e6d,4.3,ADVANCED,2025-05-18 19:38:34,2025-07-18 00:14:18
9d96bf5e-4d9e-9bb9-feb2-f90442cf4e6d,6,ADVANCED,2025-05-03 08:56:42,2025-05-29 11:36:53
9d96bf5e-4d9e-9bb9-feb2-f90442cf4e6d,2.4,BEGINNER,2025-05-11 09:50:17,2025-06-22 21:58:13
9c83cfae-1050-1d65-3897-3d1553199080,8.2,BEGINNER,2024-12-22 07:38:33,2025-01-07 21:04:34
50b9ff30-c038-32d0-4ab4-ea294dd516c8,2.4,INTERMEDIATE,2024-07-07 11:55:45,2024-08-05 13:56:50
e6847984-6b0d-d81d-37be-a260c053f253,2.4,ADVANCED,2024-11-24 12:39:42,2024-11-26 09:36:58
e6847984-6b0d-d81d-37be-a260c053f253,8,ADVANCED,2024-11-22 17:22:01,2024-12-20 03:36:53
9c15b25e-2379-750a-3964-afe69e6ea7d7,7,ADVANCED,2024-12-19 10:12:19,2025-01-16 23:27:13
9c15b25e-2379-750a-3964-afe69e6ea7d7,1.2,ADVANCED,2024-12-11 04:21:49,2024-12-16 14:36:49
9c15b25e-2379-750a-3964-afe69e6ea7d7,5.2,EXPERT,2024-12-15 04:03:01,2025-01-24 10:49:20
9a6e868d-af05-1197-3ebb-65f1758daaee,4.3,INTERMEDIATE,2024-05-05 22:19:26,2024-06-06 11:53:36
9a6e868d-af05-1197-3ebb-65f1758daaee,4.2,EXPERT,2024-05-24 15:41:27,2024-07-11 12:50:19
cfc91b52-4aff-a0a0-0f4e-2726b9dd378e,7.1,ADVANCED,2025-03-27 15:16:01,2025-04-23 14:07:25
cfc91b52-4aff-a0a0-0f4e-2726b9dd378e,8.1,ADVANCED,2025-04-25 21:40:32,2025-06-25 02:34:40
b06f0681-4b98-42c5-57aa-5681428f54aa,8.1,ADVANCED,2024-11-06 17:57:22,2024-12-05 10:52:16
a302db2f-41de-ca4c-625c-ade5dbf11941,5.1,BEGINNER,2025-09-08 10:56:36,2025-10-01 10:59:02
a302db2f-41de-ca4c-625c-ade5dbf11941,9,INTERMEDIATE,2025-09-16 01:35:55,2025-10-22 16:55:04
a302db2f-41de-ca4c-625c-ade5dbf11941,8.2,ADVANCED,2025-08-28 20:11:40,2025-10-19 02:30:43
a302db2f-41de-ca4c-625c-ade5dbf11941,2.1,BEGINNER,2025-09-13 23:13:10,2025-11-01 11:48:19
a302db2f-41de-ca4c-625c-ade5dbf11941,3.1,ADVANCED,2025-08-25 11:38:13,2025-10-05 01:31:29
473fb005-266c-3392-396c-613534d88c51,6.2,ADVANCED,2025-05-04 09:00:05,2025-06-16 07:17:56
473fb005-266c-3392-396c-613534d88c51,4.3,EXPERT,2025-05-06 06:47:47,2025-05-13 04:33:26
db869a02-a69b-4d21-efb3-8c42b0901da2,10.1,EXPERT,2024-10-02 18:26:34,2024-10-17 19:21:16
db869a02-a69b-4d21-efb3-8c42b0901da2,10.2,INTERMEDIATE,2024-10-07 11:31:26,2024-11-20 06:21:44
4cca3dda-7cbb-2627-9929-c7c73709d7d3,10,EXPERT,2025-04-15 13:50:28,2025-05-12 06:51:53
f96f4a1b-e4b3-b66b-51b7-95ed01ab1df1,1.1,ADVANCED,2024-04-04 01:45:30,2024-04-09 07:38:26
f96f4a1b-e4b3-b66b-51b7-95ed01ab1df1,6.2,INTERMEDIATE,2024-03-18 05:26:06,2024-04-04 08:17:52
f96f4a1b-e4b3-b66b-51b7-95ed01ab1df1,2.2,EXPERT,2024-03-15 22:51:04,2024-04-10 00:10:43
da341653-2bf9-98ad-c92a-eb0c656ffbd8,4.2,EXPERT,2025-03-18 12:23:59,2025-05-04 09:19:31
356766ec-33c4-3cd1-b44f-8e12d18b621e,1.3,BEGINNER,2024-12-02 03:54:08,2024-12-14 07:32:36
19f7f775-0f2f-633b-6001-3e38960b9746,2.1,EXPERT,2024-11-12 20:32:08,2024-11-26 06:31:07
da7a9b4f-f50b-1168-505f-c360bd32ebda,4.2,EXPERT,2025-04-28 15:01:10,2025-05-05 09:53:39
a266530e-5570-cefc-9327-1b56485b841f,2.2,BEGINNER,2024-05-24 22:59:15,2024-07-20 03:47:37
d4066625-9faa-2180-01a0-69a24b37617d,4.3,EXPERT,2025-03-24 01:14:54,2025-05-03 04:19:07
d4066625-9faa-2180-01a0-69a24b37617d,2.2,EXPERT,2025-03-23 20:38:27,2025-04-03 18:45:28
d4066625-9faa-2180-01a0-69a24b37617d,5.1,BEGINNER,2025-04-11 18:52:27,2025-05-25 09:26:14
d4066625-9faa-2180-01a0-69a24b37617d,8.2,EXPERT,2025-03-28 18:06:23,2025-05-05 19:51:37
d4066625-9faa-2180-01a0-69a24b37617d,10,BEGINNER,2025-03-17 02:23:21,2025-03-18 20:07:53
53d47caf-11bb-797a-f464-a31f5938949e,9,ADVANCED,2024-06-25 13:49:03,2024-07-03 07:01:34
53d47caf-11bb-797a-f464-a31f5938949e,3,BEGINNER,2024-07-13 05:19:42,2024-09-07 18:55:37
53d47caf-11bb-797a-f464-a31f5938949e,2.4,ADVANCED,2024-07-14 22:29:05,2024-08-02 15:29:48
53d47caf-11bb-797a-f464-a31f5938949e,3.3,ADVANCED,2024-07-12 09:47:09,2024-08-13 10:47:19
53d47caf-11bb-797a-f464-a31f5938949e,7,EXPERT,2024-07-08 07:30:05,2024-08-26 11:44:01
84391819-b97a-08ba-940b-b34de9ccedab,3.1,EXPERT,2025-01-15 02:23:16,2025-02-08 22:06:04
84391819-b97a-08ba-940b-b34de9ccedab,2.3,BEGINNER,2025-01-19 20:14:55,2025-02-05 08:57:25
63c279aa-cf67-4365-a4c1-c966a682c0fb,8.1,INTERMEDIATE,2024-06-13 14:18:51,2024-07-20 02:03:38
63c279aa-cf67-4365-a4c1-c966a682c0fb,6.2,INTERMEDIATE,2024-05-27 02:15:23,2024-06-03 16:12:42
63c279aa-cf67-4365-a4c1-c966a682c0fb,2,ADVANCED,2024-06-05 18:12:06,2024-08-03 18:25:18
63c279aa-cf67-4365-a4c1-c966a682c0fb,8,INTERMEDIATE,2024-05-26 12:45:25,2024-06-11 18:04:19
343e623f-7f5f-ca4f-07ac-c717299152e6,10.1,BEGINNER,2024-02-26 16:57:09,2024-03-16 10:51:27
79eb1797-4fb9-ef37-002f-4aeea308f1ea,1.1,ADVANCED,2025-01-19 08:30:12,2025-02-26 11:22:12
79eb1797-4fb9-ef37-002f-4aeea308f1ea,1,EXPERT,2025-02-06 11:44:54,2025-02-12 23:42:58
8453d803-8519-469e-973d-a9cbab196705,6.3,ADVANCED,2025-02-01 04:59:52,2025-02-16 02:55:51
8453d803-8519-469e-973d-a9cbab196705,10.2,BEGINNER,2025-01-26 15:44:42,2025-01-31 16:04:43
8453d803-8519-469e-973d-a9cbab196705,7,EXPERT,2025-02-16 15:08:08,2025-03-14 23:57:17
8453d803-8519-469e-973d-a9cbab196705,5.1,INTERMEDIATE,2025-02-05 01:00:04,2025-03-31 04:20:34
beb5ba0f-1e29-64f1-709a-dc958bbec119,6.1,BEGINNER,2025-01-09 03:47:03,2025-03-08 19:08:54
beb5ba0f-1e29-64f1-709a-dc958bbec119,6,BEGINNER,2024-12-20 08:26:58,2025-02-07 02:58:30
beb5ba0f-1e29-64f1-709a-dc958bbec119,2.3,EXPERT,2024-12-26 12:05:44,2025-01-20 08:08:32
beb5ba0f-1e29-64f1-709a-dc958bbec119,2.4,ADVANCED,2024-12-21 08:35:59,2024-12-22 12:54:49
beb5ba0f-1e29-64f1-709a-dc958bbec119,10.1,EXPERT,2024-12-30 00:42:58,2025-02-17 09:10:47
65c65e05-2ebf-af4c-8135-92e7f8c00141,3,EXPERT,2024-08-06 11:48:51,2024-08-19 13:41:23
65c65e05-2ebf-af4c-8135-92e7f8c00141,1.2,INTERMEDIATE,2024-07-26 20:12:13,2024-08-12 16:42:47
65c65e05-2ebf-af4c-8135-92e7f8c00141,6.2,ADVANCED,2024-08-08 06:33:25,2024-08-21 10:04:45
65c65e05-2ebf-af4c-8135-92e7f8c00141,2,BEGINNER,2024-07-31 00:49:11,2024-08-11 15:08:03
85915047-e6a5-17d0-63c8-1fb94be730a1,9.2,ADVANCED,2024-11-24 14:28:19,2024-12-05 08:39:40
85915047-e6a5-17d0-63c8-1fb94be730a1,6,INTERMEDIATE,2024-11-27 21:47:49,2024-12-23 02:45:17
85915047-e6a5-17d0-63c8-1fb94be730a1,8.2,ADVANCED,2024-11-21 01:57:35,2024-11-23 16:24:02
1f9bd2b4-66c4-ce9b-e483-f4f123f3e5c5,1,INTERMEDIATE,2024-10-30 07:43:53,2024-11-08 22:48:48
1f9bd2b4-66c4-ce9b-e483-f4f123f3e5c5,8.1,INTERMEDIATE,2024-11-09 05:14:26,2024-12-14 17:44:52
e0516aaa-2b1f-eecd-95c1-27e66d0879b4,2.4,BEGINNER,2024-04-29 11:19:31,2024-05-30 06:22:57
e0516aaa-2b1f-eecd-95c1-27e66d0879b4,4,INTERMEDIATE,2024-05-10 20:20:36,2024-07-09 12:46:13
e0516aaa-2b1f-eecd-95c1-27e66d0879b4,10,ADVANCED,2024-04-20 13:30:59,2024-06-09 01:20:14
aa66a0ed-6f0b-5b2b-9751-4f4938ace486,6.2,EXPERT,2025-07-11 07:07:35,2025-09-10 02:56:44
a169d799-062e-5424-2e44-d34991225311,7.2,BEGINNER,2025-05-13 04:01:46,2025-06-10 17:18:35
a169d799-062e-5424-2e44-d34991225311,2.1,BEGINNER,2025-04-23 00:06:33,2025-06-09 10:33:01
f74575cd-d613-8a1e-ce1e-aeb5bd676ba0,9.2,BEGINNER,2025-03-03 03:49:58,2025-04-26 06:27:43
f74575cd-d613-8a1e-ce1e-aeb5bd676ba0,8.2,EXPERT,2025-02-27 11:55:40,2025-04-22 17:25:53
f74575cd-d613-8a1e-ce1e-aeb5bd676ba0,9.1,INTERMEDIATE,2025-03-15 00:09:17,2025-03-28 05:13:02
f74575cd-d613-8a1e-ce1e-aeb5bd676ba0,6.1,EXPERT,2025-02-25 15:49:01,2025-03-03 19:37:05
172dc647-17e6-ae99-32d8-bc2913707fcb,9.1,INTERMEDIATE,2025-07-30 11:31:35,2025-08-09 13:20:53
172dc647-17e6-ae99-32d8-bc2913707fcb,8,EXPERT,2025-07-19 13:48:15,2025-08-06 22:41:50
172dc647-17e6-ae99-32d8-bc2913707fcb,2.3,EXPERT,2025-07-18 13:39:10,2025-08-10 18:46:03
db872c8f-0551-7102-f6ef-66e43e61d359,1,INTERMEDIATE,2025-08-18 22:03:01,2025-08-19 01:59:18
db872c8f-0551-7102-f6ef-66e43e61d359,4,BEGINNER,2025-08-09 15:29:57,2025-10-01 17:33:24
db872c8f-0551-7102-f6ef-66e43e61d359,3.2,BEGINNER,2025-08-15 05:40:55,2025-10-10 06:39:08
db872c8f-0551-7102-f6ef-66e43e61d359,1.1,BEGINNER,2025-07-31 09:41:22,2025-09-18 11:37:43
db872c8f-0551-7102-f6ef-66e43e61d359,7.2,EXPERT,2025-08-18 04:31:03,2025-08-30 10:42:29
1ad4ac13-5040-89fa-890d-58e579c9f246,4.3,ADVANCED,2024-10-15 22:07:57,2024-10-23 12:18:33
1ad4ac13-5040-89fa-890d-58e579c9f246,5,INTERMEDIATE,2024-10-28 18:20:18,2024-12-26 11:20:52
65706108-fc78-090e-2223-ab94f157f169,1.2,INTERMEDIATE,2024-09-01 15:31:42,2024-10-11 08:51:48
65706108-fc78-090e-2223-ab94f157f169,7.1,EXPERT,2024-09-19 23:06:04,2024-10-19 21:16:52
65706108-fc78-090e-2223-ab94f157f169,6,EXPERT,2024-09-01 21:47:01,2024-09-12 15:54:53
65706108-fc78-090e-2223-ab94f157f169,4.3,BEGINNER,2024-09-03 15:32:59,2024-09-23 10:25:26
65706108-fc78-090e-2223-ab94f157f169,1.3,INTERMEDIATE,2024-08-31 17:37:22,2024-09-29 06:18:43
ba89eda3-7eb6-af51-edc7-8d7ba63f89b5,3.1,ADVANCED,2025-08-18 02:14:40,2025-09-27 01:55:17
ba89eda3-7eb6-af51-edc7-8d7ba63f89b5,10.2,BEGINNER,2025-08-11 22:29:24,2025-09-13 15:56:43
ba89eda3-7eb6-af51-edc7-8d7ba63f89b5,5.2,BEGINNER,2025-08-25 07:14:47,2025-10-12 21:09:42
ba89eda3-7eb6-af51-edc7-8d7ba63f89b5,6.2,INTERMEDIATE,2025-08-16 09:17:24,2025-09-28 08:16:30
